timestamp,pv_actual
2020-01-01 08:00:00,163.79
2020-01-01 09:00:00,360.6
2020-01-01 10:00:00,516.25
2020-01-01 11:00:00,624.74
2020-01-01 12:00:00,666.05
2020-01-01 13:00:00,670.33
2020-01-01 14:00:00,599.78
2020-01-01 15:00:00,528.2
2020-01-01 16:00:00,436.21
2020-01-01 17:00:00,199.28
2020-01-02 08:00:00,190.13
2020-01-02 09:00:00,332.57
2020-01-02 10:00:00,460.99
2020-01-02 11:00:00,551.41
2020-01-02 12:00:00,529.4
2020-01-02 13:00:00,581.08
2020-01-02 14:00:00,403.98
2020-01-02 15:00:00,388.97
2020-01-02 16:00:00,296.12
2020-01-02 17:00:00,123.86
2020-01-03 08:00:00,114.3
2020-01-03 09:00:00,289.18
2020-01-03 10:00:00,391.21
2020-01-03 11:00:00,430.75
2020-01-03 12:00:00,478.0
2020-01-03 13:00:00,571.15
2020-01-03 14:00:00,486.45
2020-01-03 15:00:00,335.48
2020-01-03 16:00:00,297.47
2020-01-03 17:00:00,152.42
2020-01-04 08:00:00,127.23
2020-01-04 09:00:00,165.52
2020-01-04 10:00:00,368.46
2020-01-04 11:00:00,411.22
2020-01-04 12:00:00,528.88
2020-01-04 13:00:00,560.98
2020-01-04 14:00:00,575.99
2020-01-04 15:00:00,500.51
2020-01-04 16:00:00,337.8
2020-01-04 17:00:00,197.25
2020-01-05 08:00:00,173.98
2020-01-05 09:00:00,377.57
2020-01-05 10:00:00,551.52
2020-01-05 11:00:00,582.04
2020-01-05 12:00:00,638.72
2020-01-05 13:00:00,650.12
2020-01-05 14:00:00,659.94
2020-01-05 15:00:00,568.22
2020-01-05 16:00:00,419.76
2020-01-05 17:00:00,263.51
2020-01-06 08:00:00,166.82
2020-01-06 09:00:00,308.11
2020-01-06 10:00:00,458.09
2020-01-06 11:00:00,566.55
2020-01-06 12:00:00,641.64
2020-01-06 13:00:00,589.62
2020-01-06 14:00:00,528.76
2020-01-06 15:00:00,436.55
2020-01-06 16:00:00,343.36
2020-01-06 17:00:00,174.8
2020-01-07 08:00:00,17.15
2020-01-07 09:00:00,81.72
2020-01-07 10:00:00,89.25
2020-01-07 11:00:00,164.76
2020-01-07 12:00:00,154.28
2020-01-07 13:00:00,251.48
2020-01-07 14:00:00,454.45
2020-01-07 15:00:00,325.93
2020-01-07 16:00:00,277.83
2020-01-07 17:00:00,136.46
2020-01-08 08:00:00,94.58
2020-01-08 09:00:00,136.81
2020-01-08 10:00:00,177.28
2020-01-08 11:00:00,302.99
2020-01-08 12:00:00,342.16
2020-01-08 13:00:00,419.06
2020-01-08 14:00:00,512.14
2020-01-08 15:00:00,442.56
2020-01-08 16:00:00,363.68
2020-01-08 17:00:00,231.54
2020-01-09 08:00:00,134.97
2020-01-09 09:00:00,303.43
2020-01-09 10:00:00,490.1
2020-01-09 11:00:00,580.99
2020-01-09 12:00:00,712.46
2020-01-09 13:00:00,689.56
2020-01-09 14:00:00,602.26
2020-01-09 15:00:00,562.92
2020-01-09 16:00:00,428.27
2020-01-09 17:00:00,213.49
2020-01-10 08:00:00,88.35
2020-01-10 09:00:00,238.32
2020-01-10 10:00:00,337.23
2020-01-10 11:00:00,534.21
2020-01-10 12:00:00,640.83
2020-01-10 13:00:00,629.29
2020-01-10 14:00:00,545.91
2020-01-10 15:00:00,386.75
2020-01-10 16:00:00,334.32
2020-01-10 17:00:00,180.65
2020-01-11 08:00:00,68.43
2020-01-11 09:00:00,182.66
2020-01-11 10:00:00,277.92
2020-01-11 11:00:00,499.4
2020-01-11 12:00:00,679.22
2020-01-11 13:00:00,693.61
2020-01-11 14:00:00,647.99
2020-01-11 15:00:00,513.87
2020-01-11 16:00:00,404.36
2020-01-11 17:00:00,160.87
2020-01-12 08:00:00,166.83
2020-01-12 09:00:00,317.05
2020-01-12 10:00:00,459.59
2020-01-12 11:00:00,580.43
2020-01-12 12:00:00,646.97
2020-01-12 13:00:00,617.74
2020-01-12 14:00:00,602.61
2020-01-12 15:00:00,529.12
2020-01-12 16:00:00,322.68
2020-01-12 17:00:00,180.31
2020-01-13 08:00:00,179.78
2020-01-13 09:00:00,350.02
2020-01-13 10:00:00,508.36
2020-01-13 11:00:00,621.49
2020-01-13 12:00:00,717.35
2020-01-13 13:00:00,677.15
2020-01-13 14:00:00,611.25
2020-01-13 15:00:00,547.77
2020-01-13 16:00:00,414.04
2020-01-13 17:00:00,251.42
2020-01-14 08:00:00,183.57
2020-01-14 09:00:00,332.95
2020-01-14 10:00:00,499.63
2020-01-14 11:00:00,601.07
2020-01-14 12:00:00,671.32
2020-01-14 13:00:00,730.51
2020-01-14 14:00:00,661.65
2020-01-14 15:00:00,564.63
2020-01-14 16:00:00,432.73
2020-01-14 17:00:00,251.7
2020-01-15 08:00:00,153.27
2020-01-15 09:00:00,335.35
2020-01-15 10:00:00,496.09
2020-01-15 11:00:00,558.82
2020-01-15 12:00:00,580.45
2020-01-15 13:00:00,492.66
2020-01-15 14:00:00,266.6
2020-01-15 15:00:00,303.74
2020-01-15 16:00:00,185.65
2020-01-15 17:00:00,144.04
2020-01-16 08:00:00,59.46
2020-01-16 09:00:00,148.7
2020-01-16 10:00:00,232.57
2020-01-16 11:00:00,283.01
2020-01-16 12:00:00,406.16
2020-01-16 13:00:00,397.56
2020-01-16 14:00:00,586.18
2020-01-16 15:00:00,528.96
2020-01-16 16:00:00,403.85
2020-01-16 17:00:00,203.68
2020-01-17 08:00:00,169.7
2020-01-17 09:00:00,376.07
2020-01-17 10:00:00,542.2
2020-01-17 11:00:00,601.06
2020-01-17 12:00:00,676.04
2020-01-17 13:00:00,653.07
2020-01-17 14:00:00,562.48
2020-01-17 15:00:00,361.22
2020-01-17 16:00:00,304.1
2020-01-17 17:00:00,230.68
2020-01-18 08:00:00,155.14
2020-01-18 09:00:00,340.95
2020-01-18 10:00:00,482.79
2020-01-18 11:00:00,482.6
2020-01-18 12:00:00,565.6
2020-01-18 13:00:00,639.76
2020-01-18 14:00:00,615.38
2020-01-18 15:00:00,573.6
2020-01-18 16:00:00,425.15
2020-01-18 17:00:00,253.34
2020-01-19 08:00:00,153.81
2020-01-19 09:00:00,339.46
2020-01-19 10:00:00,446.42
2020-01-19 11:00:00,532.09
2020-01-19 12:00:00,528.47
2020-01-19 13:00:00,591.78
2020-01-19 14:00:00,533.72
2020-01-19 15:00:00,480.75
2020-01-19 16:00:00,348.69
2020-01-19 17:00:00,240.08
2020-01-20 08:00:00,122.61
2020-01-20 09:00:00,280.9
2020-01-20 10:00:00,462.52
2020-01-20 11:00:00,535.19
2020-01-20 12:00:00,647.68
2020-01-20 13:00:00,617.16
2020-01-20 14:00:00,600.64
2020-01-20 15:00:00,484.59
2020-01-20 16:00:00,333.68
2020-01-20 17:00:00,187.99
2020-01-21 08:00:00,107.92
2020-01-21 09:00:00,188.2
2020-01-21 10:00:00,354.95
2020-01-21 11:00:00,470.86
2020-01-21 12:00:00,491.51
2020-01-21 13:00:00,482.1
2020-01-21 14:00:00,458.91
2020-01-21 15:00:00,382.03
2020-01-21 16:00:00,282.72
2020-01-21 17:00:00,164.87
2020-01-22 08:00:00,139.91
2020-01-22 09:00:00,353.96
2020-01-22 10:00:00,457.79
2020-01-22 11:00:00,577.02
2020-01-22 12:00:00,651.68
2020-01-22 13:00:00,734.6
2020-01-22 14:00:00,620.34
2020-01-22 15:00:00,384.3
2020-01-22 16:00:00,299.72
2020-01-22 17:00:00,204.1
2020-01-23 08:00:00,166.05
2020-01-23 09:00:00,327.15
2020-01-23 10:00:00,474.29
2020-01-23 11:00:00,632.22
2020-01-23 12:00:00,621.61
2020-01-23 13:00:00,674.32
2020-01-23 14:00:00,574.92
2020-01-23 15:00:00,570.83
2020-01-23 16:00:00,446.38
2020-01-23 17:00:00,275.91
2020-01-24 08:00:00,182.28
2020-01-24 09:00:00,355.98
2020-01-24 10:00:00,577.58
2020-01-24 11:00:00,693.59
2020-01-24 12:00:00,755.01
2020-01-24 13:00:00,753.98
2020-01-24 14:00:00,703.86
2020-01-24 15:00:00,574.23
2020-01-24 16:00:00,462.67
2020-01-24 17:00:00,255.59
2020-01-25 08:00:00,186.55
2020-01-25 09:00:00,395.89
2020-01-25 10:00:00,547.15
2020-01-25 11:00:00,673.58
2020-01-25 12:00:00,748.11
2020-01-25 13:00:00,743.86
2020-01-25 14:00:00,671.41
2020-01-25 15:00:00,553.52
2020-01-25 16:00:00,435.3
2020-01-25 17:00:00,280.78
2020-01-26 08:00:00,164.69
2020-01-26 09:00:00,353.35
2020-01-26 10:00:00,496.96
2020-01-26 11:00:00,629.19
2020-01-26 12:00:00,673.06
2020-01-26 13:00:00,678.31
2020-01-26 14:00:00,663.98
2020-01-26 15:00:00,563.72
2020-01-26 16:00:00,414.66
2020-01-26 17:00:00,284.24
2020-01-27 08:00:00,64.99
2020-01-27 09:00:00,153.44
2020-01-27 10:00:00,280.98
2020-01-27 11:00:00,321.29
2020-01-27 12:00:00,389.16
2020-01-27 13:00:00,368.6
2020-01-27 14:00:00,485.35
2020-01-27 15:00:00,413.23
2020-01-27 16:00:00,375.45
2020-01-27 17:00:00,250.55
2020-01-28 08:00:00,152.27
2020-01-28 09:00:00,295.81
2020-01-28 10:00:00,497.27
2020-01-28 11:00:00,595.37
2020-01-28 12:00:00,599.54
2020-01-28 13:00:00,633.36
2020-01-28 14:00:00,615.87
2020-01-28 15:00:00,585.38
2020-01-28 16:00:00,465.72
2020-01-28 17:00:00,272.18
2020-01-29 08:00:00,113.41
2020-01-29 09:00:00,264.9
2020-01-29 10:00:00,295.64
2020-01-29 11:00:00,289.68
2020-01-29 12:00:00,454.84
2020-01-29 13:00:00,542.3
2020-01-29 14:00:00,363.91
2020-01-29 15:00:00,305.44
2020-01-29 16:00:00,257.13
2020-01-29 17:00:00,135.69
2020-01-30 08:00:00,172.4
2020-01-30 09:00:00,363.61
2020-01-30 10:00:00,539.09
2020-01-30 11:00:00,648.26
2020-01-30 12:00:00,723.7
2020-01-30 13:00:00,721.12
2020-01-30 14:00:00,662.18
2020-01-30 15:00:00,504.0
2020-01-30 16:00:00,404.09
2020-01-30 17:00:00,241.16
2020-01-31 08:00:00,94.81
2020-01-31 09:00:00,232.04
2020-01-31 10:00:00,466.2
2020-01-31 11:00:00,621.44
2020-01-31 12:00:00,604.62
2020-01-31 13:00:00,593.63
2020-01-31 14:00:00,520.9
2020-01-31 15:00:00,588.03
2020-01-31 16:00:00,443.73
2020-01-31 17:00:00,266.93
2020-02-01 08:00:00,128.75
2020-02-01 09:00:00,306.82
2020-02-01 10:00:00,488.51
2020-02-01 11:00:00,538.61
2020-02-01 12:00:00,545.64
2020-02-01 13:00:00,518.16
2020-02-01 14:00:00,561.56
2020-02-01 15:00:00,551.1
2020-02-01 16:00:00,400.25
2020-02-01 17:00:00,187.36
2020-02-02 08:00:00,120.93
2020-02-02 09:00:00,246.21
2020-02-02 10:00:00,441.13
2020-02-02 11:00:00,604.34
2020-02-02 12:00:00,624.43
2020-02-02 13:00:00,667.43
2020-02-02 14:00:00,521.78
2020-02-02 15:00:00,501.66
2020-02-02 16:00:00,292.57
2020-02-02 17:00:00,192.97
2020-02-03 08:00:00,137.89
2020-02-03 09:00:00,319.84
2020-02-03 10:00:00,364.83
2020-02-03 11:00:00,615.31
2020-02-03 12:00:00,640.12
2020-02-03 13:00:00,667.87
2020-02-03 14:00:00,630.64
2020-02-03 15:00:00,545.81
2020-02-03 16:00:00,411.57
2020-02-03 17:00:00,259.1
2020-02-04 08:00:00,166.59
2020-02-04 09:00:00,396.19
2020-02-04 10:00:00,570.89
2020-02-04 11:00:00,678.35
2020-02-04 12:00:00,659.33
2020-02-04 13:00:00,687.4
2020-02-04 14:00:00,645.34
2020-02-04 15:00:00,580.44
2020-02-04 16:00:00,473.25
2020-02-04 17:00:00,287.75
2020-02-05 08:00:00,178.18
2020-02-05 09:00:00,346.01
2020-02-05 10:00:00,527.77
2020-02-05 11:00:00,596.27
2020-02-05 12:00:00,683.59
2020-02-05 13:00:00,633.57
2020-02-05 14:00:00,650.44
2020-02-05 15:00:00,541.6
2020-02-05 16:00:00,453.98
2020-02-05 17:00:00,231.57
2020-02-06 08:00:00,165.14
2020-02-06 09:00:00,307.81
2020-02-06 10:00:00,462.65
2020-02-06 11:00:00,582.48
2020-02-06 12:00:00,638.61
2020-02-06 13:00:00,670.75
2020-02-06 14:00:00,585.61
2020-02-06 15:00:00,630.56
2020-02-06 16:00:00,476.51
2020-02-06 17:00:00,263.91
2020-02-07 08:00:00,152.07
2020-02-07 09:00:00,289.73
2020-02-07 10:00:00,477.25
2020-02-07 11:00:00,565.57
2020-02-07 12:00:00,673.15
2020-02-07 13:00:00,719.6
2020-02-07 14:00:00,554.58
2020-02-07 15:00:00,473.58
2020-02-07 16:00:00,429.79
2020-02-07 17:00:00,277.58
2020-02-08 08:00:00,137.73
2020-02-08 09:00:00,361.68
2020-02-08 10:00:00,468.96
2020-02-08 11:00:00,627.85
2020-02-08 12:00:00,612.52
2020-02-08 13:00:00,612.24
2020-02-08 14:00:00,524.06
2020-02-08 15:00:00,463.03
2020-02-08 16:00:00,260.77
2020-02-08 17:00:00,198.03
2020-02-09 08:00:00,125.12
2020-02-09 09:00:00,276.49
2020-02-09 10:00:00,325.97
2020-02-09 11:00:00,418.37
2020-02-09 12:00:00,519.88
2020-02-09 13:00:00,569.39
2020-02-09 14:00:00,496.83
2020-02-09 15:00:00,412.94
2020-02-09 16:00:00,313.34
2020-02-09 17:00:00,182.38
2020-02-10 08:00:00,59.69
2020-02-10 09:00:00,138.51
2020-02-10 10:00:00,388.12
2020-02-10 11:00:00,460.39
2020-02-10 12:00:00,488.59
2020-02-10 13:00:00,557.4
2020-02-10 14:00:00,457.73
2020-02-10 15:00:00,439.37
2020-02-10 16:00:00,366.05
2020-02-10 17:00:00,205.95
2020-02-11 08:00:00,94.15
2020-02-11 09:00:00,297.35
2020-02-11 10:00:00,417.75
2020-02-11 11:00:00,576.42
2020-02-11 12:00:00,581.45
2020-02-11 13:00:00,650.24
2020-02-11 14:00:00,616.09
2020-02-11 15:00:00,515.58
2020-02-11 16:00:00,368.83
2020-02-11 17:00:00,237.2
2020-02-12 08:00:00,86.84
2020-02-12 09:00:00,184.16
2020-02-12 10:00:00,271.82
2020-02-12 11:00:00,375.49
2020-02-12 12:00:00,543.74
2020-02-12 13:00:00,546.96
2020-02-12 14:00:00,615.47
2020-02-12 15:00:00,484.86
2020-02-12 16:00:00,453.41
2020-02-12 17:00:00,273.08
2020-02-13 08:00:00,159.12
2020-02-13 09:00:00,312.02
2020-02-13 10:00:00,439.27
2020-02-13 11:00:00,497.27
2020-02-13 12:00:00,562.43
2020-02-13 13:00:00,608.8
2020-02-13 14:00:00,683.09
2020-02-13 15:00:00,581.45
2020-02-13 16:00:00,478.72
2020-02-13 17:00:00,280.38
2020-02-14 08:00:00,157.42
2020-02-14 09:00:00,343.72
2020-02-14 10:00:00,506.83
2020-02-14 11:00:00,609.67
2020-02-14 12:00:00,644.51
2020-02-14 13:00:00,708.79
2020-02-14 14:00:00,627.53
2020-02-14 15:00:00,545.53
2020-02-14 16:00:00,417.77
2020-02-14 17:00:00,279.07
2020-02-15 08:00:00,155.39
2020-02-15 09:00:00,334.18
2020-02-15 10:00:00,440.51
2020-02-15 11:00:00,551.44
2020-02-15 12:00:00,636.62
2020-02-15 13:00:00,676.96
2020-02-15 14:00:00,641.92
2020-02-15 15:00:00,574.45
2020-02-15 16:00:00,425.35
2020-02-15 17:00:00,239.05
2020-02-16 08:00:00,119.36
2020-02-16 09:00:00,290.15
2020-02-16 10:00:00,456.35
2020-02-16 11:00:00,569.29
2020-02-16 12:00:00,574.99
2020-02-16 13:00:00,626.8
2020-02-16 14:00:00,566.21
2020-02-16 15:00:00,454.46
2020-02-16 16:00:00,311.29
2020-02-16 17:00:00,172.76
2020-02-17 08:00:00,103.24
2020-02-17 09:00:00,268.35
2020-02-17 10:00:00,361.34
2020-02-17 11:00:00,559.69
2020-02-17 12:00:00,742.97
2020-02-17 13:00:00,687.67
2020-02-17 14:00:00,705.39
2020-02-17 15:00:00,614.31
2020-02-17 16:00:00,463.79
2020-02-17 17:00:00,304.82
2020-02-18 08:00:00,99.92
2020-02-18 09:00:00,209.96
2020-02-18 10:00:00,306.86
2020-02-18 11:00:00,339.69
2020-02-18 12:00:00,429.92
2020-02-18 13:00:00,315.6
2020-02-18 14:00:00,192.96
2020-02-18 15:00:00,119.28
2020-02-18 16:00:00,68.37
2020-02-18 17:00:00,49.28
2020-02-19 08:00:00,99.17
2020-02-19 09:00:00,196.14
2020-02-19 10:00:00,396.2
2020-02-19 11:00:00,463.41
2020-02-19 12:00:00,615.75
2020-02-19 13:00:00,515.72
2020-02-19 14:00:00,511.84
2020-02-19 15:00:00,506.29
2020-02-19 16:00:00,400.89
2020-02-19 17:00:00,259.25
2020-02-20 08:00:00,144.59
2020-02-20 09:00:00,311.18
2020-02-20 10:00:00,396.07
2020-02-20 11:00:00,615.65
2020-02-20 12:00:00,699.16
2020-02-20 13:00:00,679.85
2020-02-20 14:00:00,593.29
2020-02-20 15:00:00,573.27
2020-02-20 16:00:00,382.83
2020-02-20 17:00:00,214.96
2020-02-21 08:00:00,102.74
2020-02-21 09:00:00,292.38
2020-02-21 10:00:00,442.0
2020-02-21 11:00:00,534.42
2020-02-21 12:00:00,546.56
2020-02-21 13:00:00,649.82
2020-02-21 14:00:00,608.4
2020-02-21 15:00:00,460.04
2020-02-21 16:00:00,417.25
2020-02-21 17:00:00,226.73
2020-02-22 08:00:00,99.07
2020-02-22 09:00:00,221.4
2020-02-22 10:00:00,455.08
2020-02-22 11:00:00,563.83
2020-02-22 12:00:00,638.45
2020-02-22 13:00:00,538.85
2020-02-22 14:00:00,692.02
2020-02-22 15:00:00,624.33
2020-02-22 16:00:00,479.64
2020-02-22 17:00:00,280.53
2020-02-23 08:00:00,39.59
2020-02-23 09:00:00,88.27
2020-02-23 10:00:00,205.32
2020-02-23 11:00:00,307.95
2020-02-23 12:00:00,446.83
2020-02-23 13:00:00,390.58
2020-02-23 14:00:00,518.22
2020-02-23 15:00:00,488.65
2020-02-23 16:00:00,405.13
2020-02-23 17:00:00,238.12
2020-02-24 08:00:00,138.86
2020-02-24 09:00:00,343.72
2020-02-24 10:00:00,493.87
2020-02-24 11:00:00,612.77
2020-02-24 12:00:00,604.3
2020-02-24 13:00:00,675.57
2020-02-24 14:00:00,689.42
2020-02-24 15:00:00,448.7
2020-02-24 16:00:00,317.43
2020-02-24 17:00:00,187.01
2020-02-25 08:00:00,129.47
2020-02-25 09:00:00,315.12
2020-02-25 10:00:00,408.13
2020-02-25 11:00:00,522.69
2020-02-25 12:00:00,567.97
2020-02-25 13:00:00,624.14
2020-02-25 14:00:00,621.58
2020-02-25 15:00:00,584.89
2020-02-25 16:00:00,459.0
2020-02-25 17:00:00,241.52
2020-02-26 08:00:00,165.76
2020-02-26 09:00:00,362.43
2020-02-26 10:00:00,536.04
2020-02-26 11:00:00,658.05
2020-02-26 12:00:00,723.77
2020-02-26 13:00:00,758.88
2020-02-26 14:00:00,704.07
2020-02-26 15:00:00,616.76
2020-02-26 16:00:00,459.97
2020-02-26 17:00:00,279.5
2020-02-27 08:00:00,172.51
2020-02-27 09:00:00,364.02
2020-02-27 10:00:00,566.03
2020-02-27 11:00:00,697.09
2020-02-27 12:00:00,749.6
2020-02-27 13:00:00,774.89
2020-02-27 14:00:00,739.64
2020-02-27 15:00:00,623.73
2020-02-27 16:00:00,485.46
2020-02-27 17:00:00,298.29
2020-02-28 08:00:00,152.29
2020-02-28 09:00:00,357.41
2020-02-28 10:00:00,498.21
2020-02-28 11:00:00,666.05
2020-02-28 12:00:00,704.15
2020-02-28 13:00:00,683.93
2020-02-28 14:00:00,632.86
2020-02-28 15:00:00,575.91
2020-02-28 16:00:00,465.41
2020-02-28 17:00:00,297.85
2020-02-29 08:00:00,163.28
2020-02-29 09:00:00,375.15
2020-02-29 10:00:00,584.89
2020-02-29 11:00:00,703.6
2020-02-29 12:00:00,776.49
2020-02-29 13:00:00,785.54
2020-02-29 14:00:00,736.63
2020-02-29 15:00:00,631.36
2020-02-29 16:00:00,501.47
2020-02-29 17:00:00,292.86
2020-03-01 08:00:00,155.9
2020-03-01 09:00:00,372.59
2020-03-01 10:00:00,537.02
2020-03-01 11:00:00,655.19
2020-03-01 12:00:00,738.93
2020-03-01 13:00:00,762.79
2020-03-01 14:00:00,663.65
2020-03-01 15:00:00,609.55
2020-03-01 16:00:00,481.21
2020-03-01 17:00:00,298.37
2020-03-02 08:00:00,172.26
2020-03-02 09:00:00,375.06
2020-03-02 10:00:00,479.67
2020-03-02 11:00:00,618.79
2020-03-02 12:00:00,691.33
2020-03-02 13:00:00,670.88
2020-03-02 14:00:00,643.39
2020-03-02 15:00:00,531.41
2020-03-02 16:00:00,427.17
2020-03-02 17:00:00,254.7
2020-03-03 08:00:00,162.7
2020-03-03 09:00:00,366.14
2020-03-03 10:00:00,481.91
2020-03-03 11:00:00,620.47
2020-03-03 12:00:00,660.34
2020-03-03 13:00:00,721.05
2020-03-03 14:00:00,681.94
2020-03-03 15:00:00,509.68
2020-03-03 16:00:00,415.41
2020-03-03 17:00:00,241.38
2020-03-04 08:00:00,132.04
2020-03-04 09:00:00,301.56
2020-03-04 10:00:00,483.74
2020-03-04 11:00:00,624.19
2020-03-04 12:00:00,652.65
2020-03-04 13:00:00,656.96
2020-03-04 14:00:00,602.1
2020-03-04 15:00:00,465.3
2020-03-04 16:00:00,393.49
2020-03-04 17:00:00,216.85
2020-03-05 08:00:00,104.23
2020-03-05 09:00:00,168.27
2020-03-05 10:00:00,246.39
2020-03-05 11:00:00,300.56
2020-03-05 12:00:00,339.54
2020-03-05 13:00:00,421.41
2020-03-05 14:00:00,392.95
2020-03-05 15:00:00,317.23
2020-03-05 16:00:00,296.32
2020-03-05 17:00:00,166.06
2020-03-06 08:00:00,50.15
2020-03-06 09:00:00,130.86
2020-03-06 10:00:00,324.67
2020-03-06 11:00:00,451.43
2020-03-06 12:00:00,474.17
2020-03-06 13:00:00,522.44
2020-03-06 14:00:00,529.58
2020-03-06 15:00:00,457.81
2020-03-06 16:00:00,326.86
2020-03-06 17:00:00,201.72
2020-03-07 08:00:00,116.64
2020-03-07 09:00:00,277.22
2020-03-07 10:00:00,478.77
2020-03-07 11:00:00,591.53
2020-03-07 12:00:00,664.16
2020-03-07 13:00:00,658.65
2020-03-07 14:00:00,590.4
2020-03-07 15:00:00,443.8
2020-03-07 16:00:00,307.33
2020-03-07 17:00:00,233.74
2020-03-08 08:00:00,116.44
2020-03-08 09:00:00,291.34
2020-03-08 10:00:00,425.1
2020-03-08 11:00:00,455.27
2020-03-08 12:00:00,560.14
2020-03-08 13:00:00,507.64
2020-03-08 14:00:00,573.47
2020-03-08 15:00:00,458.3
2020-03-08 16:00:00,235.78
2020-03-08 17:00:00,127.72
2020-03-09 08:00:00,131.39
2020-03-09 09:00:00,314.03
2020-03-09 10:00:00,460.87
2020-03-09 11:00:00,556.33
2020-03-09 12:00:00,626.48
2020-03-09 13:00:00,660.56
2020-03-09 14:00:00,644.85
2020-03-09 15:00:00,553.24
2020-03-09 16:00:00,405.22
2020-03-09 17:00:00,246.27
2020-03-10 08:00:00,154.81
2020-03-10 09:00:00,348.11
2020-03-10 10:00:00,499.56
2020-03-10 11:00:00,614.03
2020-03-10 12:00:00,648.58
2020-03-10 13:00:00,669.21
2020-03-10 14:00:00,602.23
2020-03-10 15:00:00,534.14
2020-03-10 16:00:00,441.82
2020-03-10 17:00:00,232.63
2020-03-11 08:00:00,157.55
2020-03-11 09:00:00,325.93
2020-03-11 10:00:00,434.5
2020-03-11 11:00:00,623.6
2020-03-11 12:00:00,652.05
2020-03-11 13:00:00,711.16
2020-03-11 14:00:00,655.82
2020-03-11 15:00:00,532.15
2020-03-11 16:00:00,420.84
2020-03-11 17:00:00,253.01
2020-03-12 08:00:00,131.4
2020-03-12 09:00:00,273.09
2020-03-12 10:00:00,426.13
2020-03-12 11:00:00,531.43
2020-03-12 12:00:00,535.27
2020-03-12 13:00:00,597.53
2020-03-12 14:00:00,604.85
2020-03-12 15:00:00,500.04
2020-03-12 16:00:00,356.87
2020-03-12 17:00:00,277.98
2020-03-13 08:00:00,134.69
2020-03-13 09:00:00,340.11
2020-03-13 10:00:00,421.06
2020-03-13 11:00:00,502.68
2020-03-13 12:00:00,642.48
2020-03-13 13:00:00,644.09
2020-03-13 14:00:00,648.33
2020-03-13 15:00:00,577.53
2020-03-13 16:00:00,443.87
2020-03-13 17:00:00,267.79
2020-03-14 08:00:00,153.59
2020-03-14 09:00:00,325.99
2020-03-14 10:00:00,505.72
2020-03-14 11:00:00,561.75
2020-03-14 12:00:00,574.59
2020-03-14 13:00:00,626.66
2020-03-14 14:00:00,647.07
2020-03-14 15:00:00,523.27
2020-03-14 16:00:00,405.85
2020-03-14 17:00:00,236.84
2020-03-15 08:00:00,154.87
2020-03-15 09:00:00,311.97
2020-03-15 10:00:00,474.06
2020-03-15 11:00:00,583.43
2020-03-15 12:00:00,688.53
2020-03-15 13:00:00,680.73
2020-03-15 14:00:00,658.35
2020-03-15 15:00:00,537.55
2020-03-15 16:00:00,418.51
2020-03-15 17:00:00,234.53
2020-03-16 08:00:00,106.13
2020-03-16 09:00:00,242.5
2020-03-16 10:00:00,398.93
2020-03-16 11:00:00,418.84
2020-03-16 12:00:00,437.0
2020-03-16 13:00:00,632.69
2020-03-16 14:00:00,474.48
2020-03-16 15:00:00,407.99
2020-03-16 16:00:00,306.3
2020-03-16 17:00:00,199.65
2020-03-17 08:00:00,177.26
2020-03-17 09:00:00,363.98
2020-03-17 10:00:00,560.17
2020-03-17 11:00:00,689.02
2020-03-17 12:00:00,720.48
2020-03-17 13:00:00,722.88
2020-03-17 14:00:00,642.76
2020-03-17 15:00:00,561.43
2020-03-17 16:00:00,411.97
2020-03-17 17:00:00,239.88
2020-03-18 08:00:00,171.16
2020-03-18 09:00:00,366.91
2020-03-18 10:00:00,474.21
2020-03-18 11:00:00,638.67
2020-03-18 12:00:00,663.01
2020-03-18 13:00:00,618.67
2020-03-18 14:00:00,604.87
2020-03-18 15:00:00,490.81
2020-03-18 16:00:00,397.74
2020-03-18 17:00:00,202.94
2020-03-19 08:00:00,132.33
2020-03-19 09:00:00,237.23
2020-03-19 10:00:00,412.83
2020-03-19 11:00:00,500.09
2020-03-19 12:00:00,517.56
2020-03-19 13:00:00,588.65
2020-03-19 14:00:00,386.89
2020-03-19 15:00:00,316.54
2020-03-19 16:00:00,200.0
2020-03-19 17:00:00,113.63
2020-03-20 08:00:00,118.8
2020-03-20 09:00:00,211.58
2020-03-20 10:00:00,432.13
2020-03-20 11:00:00,578.46
2020-03-20 12:00:00,562.76
2020-03-20 13:00:00,547.32
2020-03-20 14:00:00,537.82
2020-03-20 15:00:00,531.96
2020-03-20 16:00:00,296.65
2020-03-20 17:00:00,242.53
2020-03-21 08:00:00,151.97
2020-03-21 09:00:00,310.2
2020-03-21 10:00:00,458.99
2020-03-21 11:00:00,618.07
2020-03-21 12:00:00,551.16
2020-03-21 13:00:00,557.27
2020-03-21 14:00:00,577.66
2020-03-21 15:00:00,492.15
2020-03-21 16:00:00,319.25
2020-03-21 17:00:00,202.76
2020-03-22 08:00:00,133.74
2020-03-22 09:00:00,267.91
2020-03-22 10:00:00,479.57
2020-03-22 11:00:00,499.64
2020-03-22 12:00:00,486.88
2020-03-22 13:00:00,489.33
2020-03-22 14:00:00,536.82
2020-03-22 15:00:00,496.07
2020-03-22 16:00:00,332.75
2020-03-22 17:00:00,202.88
2020-03-23 08:00:00,70.9
2020-03-23 09:00:00,197.55
2020-03-23 10:00:00,429.53
2020-03-23 11:00:00,507.71
2020-03-23 12:00:00,614.7
2020-03-23 13:00:00,670.02
2020-03-23 14:00:00,401.34
2020-03-23 15:00:00,361.38
2020-03-23 16:00:00,245.85
2020-03-23 17:00:00,156.62
2020-03-24 08:00:00,132.84
2020-03-24 09:00:00,309.05
2020-03-24 10:00:00,471.01
2020-03-24 11:00:00,599.61
2020-03-24 12:00:00,597.91
2020-03-24 13:00:00,677.61
2020-03-24 14:00:00,653.23
2020-03-24 15:00:00,532.64
2020-03-24 16:00:00,417.14
2020-03-24 17:00:00,215.18
2020-03-25 08:00:00,156.59
2020-03-25 09:00:00,342.33
2020-03-25 10:00:00,531.84
2020-03-25 11:00:00,626.3
2020-03-25 12:00:00,671.03
2020-03-25 13:00:00,669.65
2020-03-25 14:00:00,618.73
2020-03-25 15:00:00,516.7
2020-03-25 16:00:00,391.2
2020-03-25 17:00:00,230.1
2020-03-26 08:00:00,145.51
2020-03-26 09:00:00,298.78
2020-03-26 10:00:00,414.2
2020-03-26 11:00:00,419.66
2020-03-26 12:00:00,490.81
2020-03-26 13:00:00,576.48
2020-03-26 14:00:00,628.42
2020-03-26 15:00:00,542.9
2020-03-26 16:00:00,357.58
2020-03-26 17:00:00,231.59
2020-03-27 08:00:00,129.12
2020-03-27 09:00:00,294.3
2020-03-27 10:00:00,431.24
2020-03-27 11:00:00,426.04
2020-03-27 12:00:00,494.79
2020-03-27 13:00:00,629.02
2020-03-27 14:00:00,577.39
2020-03-27 15:00:00,447.65
2020-03-27 16:00:00,363.41
2020-03-27 17:00:00,200.57
2020-03-28 08:00:00,165.66
2020-03-28 09:00:00,346.89
2020-03-28 10:00:00,425.44
2020-03-28 11:00:00,501.55
2020-03-28 12:00:00,596.55
2020-03-28 13:00:00,653.09
2020-03-28 14:00:00,577.12
2020-03-28 15:00:00,500.48
2020-03-28 16:00:00,373.48
2020-03-28 17:00:00,219.24
2020-03-29 08:00:00,169.93
2020-03-29 09:00:00,368.7
2020-03-29 10:00:00,522.25
2020-03-29 11:00:00,624.7
2020-03-29 12:00:00,670.98
2020-03-29 13:00:00,702.79
2020-03-29 14:00:00,557.76
2020-03-29 15:00:00,498.3
2020-03-29 16:00:00,408.56
2020-03-29 17:00:00,248.54
2020-03-30 08:00:00,186.72
2020-03-30 09:00:00,386.63
2020-03-30 10:00:00,550.85
2020-03-30 11:00:00,646.32
2020-03-30 12:00:00,717.12
2020-03-30 13:00:00,691.27
2020-03-30 14:00:00,591.78
2020-03-30 15:00:00,498.57
2020-03-30 16:00:00,369.08
2020-03-30 17:00:00,216.4
2020-03-31 08:00:00,146.36
2020-03-31 09:00:00,291.32
2020-03-31 10:00:00,438.64
2020-03-31 11:00:00,552.35
2020-03-31 12:00:00,615.92
2020-03-31 13:00:00,561.64
2020-03-31 14:00:00,603.23
2020-03-31 15:00:00,490.24
2020-03-31 16:00:00,339.82
2020-03-31 17:00:00,179.12
2020-04-01 08:00:00,176.28
2020-04-01 09:00:00,345.44
2020-04-01 10:00:00,529.6
2020-04-01 11:00:00,614.19
2020-04-01 12:00:00,669.84
2020-04-01 13:00:00,658.57
2020-04-01 14:00:00,632.21
2020-04-01 15:00:00,524.26
2020-04-01 16:00:00,363.6
2020-04-01 17:00:00,198.63
2020-04-02 08:00:00,175.51
2020-04-02 09:00:00,343.08
2020-04-02 10:00:00,515.36
2020-04-02 11:00:00,577.96
2020-04-02 12:00:00,638.79
2020-04-02 13:00:00,668.24
2020-04-02 14:00:00,598.45
2020-04-02 15:00:00,533.94
2020-04-02 16:00:00,367.68
2020-04-02 17:00:00,174.18
2020-04-03 08:00:00,122.95
2020-04-03 09:00:00,252.87
2020-04-03 10:00:00,387.14
2020-04-03 11:00:00,550.99
2020-04-03 12:00:00,651.47
2020-04-03 13:00:00,625.87
2020-04-03 14:00:00,583.01
2020-04-03 15:00:00,490.99
2020-04-03 16:00:00,403.01
2020-04-03 17:00:00,203.62
2020-04-04 08:00:00,138.6
2020-04-04 09:00:00,341.25
2020-04-04 10:00:00,450.54
2020-04-04 11:00:00,544.86
2020-04-04 12:00:00,593.4
2020-04-04 13:00:00,622.5
2020-04-04 14:00:00,590.83
2020-04-04 15:00:00,509.28
2020-04-04 16:00:00,326.02
2020-04-04 17:00:00,215.94
2020-04-05 08:00:00,139.27
2020-04-05 09:00:00,284.78
2020-04-05 10:00:00,386.23
2020-04-05 11:00:00,495.96
2020-04-05 12:00:00,603.28
2020-04-05 13:00:00,614.1
2020-04-05 14:00:00,500.48
2020-04-05 15:00:00,468.18
2020-04-05 16:00:00,368.0
2020-04-05 17:00:00,184.14
2020-04-06 08:00:00,64.08
2020-04-06 09:00:00,150.18
2020-04-06 10:00:00,298.02
2020-04-06 11:00:00,297.86
2020-04-06 12:00:00,375.92
2020-04-06 13:00:00,335.42
2020-04-06 14:00:00,324.47
2020-04-06 15:00:00,301.03
2020-04-06 16:00:00,204.71
2020-04-06 17:00:00,108.64
2020-04-07 08:00:00,44.61
2020-04-07 09:00:00,81.41
2020-04-07 10:00:00,75.63
2020-04-07 11:00:00,144.46
2020-04-07 12:00:00,149.9
2020-04-07 13:00:00,117.99
2020-04-07 14:00:00,496.74
2020-04-07 15:00:00,392.5
2020-04-07 16:00:00,254.97
2020-04-07 17:00:00,140.51
2020-04-08 08:00:00,121.79
2020-04-08 09:00:00,305.38
2020-04-08 10:00:00,377.5
2020-04-08 11:00:00,516.27
2020-04-08 12:00:00,544.65
2020-04-08 13:00:00,590.49
2020-04-08 14:00:00,574.69
2020-04-08 15:00:00,504.47
2020-04-08 16:00:00,317.31
2020-04-08 17:00:00,165.05
2020-04-09 08:00:00,144.72
2020-04-09 09:00:00,268.19
2020-04-09 10:00:00,468.58
2020-04-09 11:00:00,601.51
2020-04-09 12:00:00,650.67
2020-04-09 13:00:00,694.85
2020-04-09 14:00:00,664.71
2020-04-09 15:00:00,559.61
2020-04-09 16:00:00,417.08
2020-04-09 17:00:00,218.87
2020-04-10 08:00:00,158.27
2020-04-10 09:00:00,354.61
2020-04-10 10:00:00,529.42
2020-04-10 11:00:00,630.84
2020-04-10 12:00:00,614.28
2020-04-10 13:00:00,630.04
2020-04-10 14:00:00,578.64
2020-04-10 15:00:00,492.4
2020-04-10 16:00:00,371.28
2020-04-10 17:00:00,182.16
2020-04-11 08:00:00,98.87
2020-04-11 09:00:00,239.97
2020-04-11 10:00:00,373.57
2020-04-11 11:00:00,494.32
2020-04-11 12:00:00,470.26
2020-04-11 13:00:00,615.77
2020-04-11 14:00:00,581.45
2020-04-11 15:00:00,494.2
2020-04-11 16:00:00,372.35
2020-04-11 17:00:00,184.19
2020-04-12 08:00:00,99.88
2020-04-12 09:00:00,275.86
2020-04-12 10:00:00,407.07
2020-04-12 11:00:00,419.74
2020-04-12 12:00:00,455.84
2020-04-12 13:00:00,507.57
2020-04-12 14:00:00,438.67
2020-04-12 15:00:00,408.55
2020-04-12 16:00:00,319.58
2020-04-12 17:00:00,168.7
2020-04-13 08:00:00,56.19
2020-04-13 09:00:00,211.38
2020-04-13 10:00:00,347.48
2020-04-13 11:00:00,432.55
2020-04-13 12:00:00,568.61
2020-04-13 13:00:00,520.21
2020-04-13 14:00:00,478.59
2020-04-13 15:00:00,291.38
2020-04-13 16:00:00,209.96
2020-04-13 17:00:00,94.95
2020-04-14 08:00:00,117.67
2020-04-14 09:00:00,202.56
2020-04-14 10:00:00,275.1
2020-04-14 11:00:00,410.11
2020-04-14 12:00:00,454.58
2020-04-14 13:00:00,381.87
2020-04-14 14:00:00,471.38
2020-04-14 15:00:00,398.27
2020-04-14 16:00:00,251.35
2020-04-14 17:00:00,115.05
2020-04-15 08:00:00,130.72
2020-04-15 09:00:00,245.5
2020-04-15 10:00:00,413.87
2020-04-15 11:00:00,492.83
2020-04-15 12:00:00,600.98
2020-04-15 13:00:00,629.4
2020-04-15 14:00:00,568.65
2020-04-15 15:00:00,512.03
2020-04-15 16:00:00,378.35
2020-04-15 17:00:00,203.02
2020-04-16 08:00:00,158.71
2020-04-16 09:00:00,333.83
2020-04-16 10:00:00,445.0
2020-04-16 11:00:00,601.32
2020-04-16 12:00:00,641.25
2020-04-16 13:00:00,666.83
2020-04-16 14:00:00,574.5
2020-04-16 15:00:00,498.13
2020-04-16 16:00:00,393.27
2020-04-16 17:00:00,206.58
2020-04-17 08:00:00,171.74
2020-04-17 09:00:00,355.33
2020-04-17 10:00:00,499.62
2020-04-17 11:00:00,554.0
2020-04-17 12:00:00,629.28
2020-04-17 13:00:00,651.32
2020-04-17 14:00:00,603.12
2020-04-17 15:00:00,519.66
2020-04-17 16:00:00,386.59
2020-04-17 17:00:00,191.64
2020-04-18 08:00:00,138.62
2020-04-18 09:00:00,316.48
2020-04-18 10:00:00,424.5
2020-04-18 11:00:00,544.56
2020-04-18 12:00:00,636.23
2020-04-18 13:00:00,518.0
2020-04-18 14:00:00,617.3
2020-04-18 15:00:00,521.87
2020-04-18 16:00:00,363.34
2020-04-18 17:00:00,185.4
2020-04-19 08:00:00,174.79
2020-04-19 09:00:00,363.85
2020-04-19 10:00:00,459.89
2020-04-19 11:00:00,544.93
2020-04-19 12:00:00,564.4
2020-04-19 13:00:00,547.79
2020-04-19 14:00:00,585.27
2020-04-19 15:00:00,529.04
2020-04-19 16:00:00,396.65
2020-04-19 17:00:00,205.62
2020-04-20 08:00:00,180.19
2020-04-20 09:00:00,366.57
2020-04-20 10:00:00,513.12
2020-04-20 11:00:00,634.16
2020-04-20 12:00:00,648.32
2020-04-20 13:00:00,648.31
2020-04-20 14:00:00,583.95
2020-04-20 15:00:00,527.63
2020-04-20 16:00:00,363.78
2020-04-20 17:00:00,199.33
2020-04-21 08:00:00,179.08
2020-04-21 09:00:00,362.17
2020-04-21 10:00:00,488.33
2020-04-21 11:00:00,596.16
2020-04-21 12:00:00,601.04
2020-04-21 13:00:00,535.76
2020-04-21 14:00:00,485.01
2020-04-21 15:00:00,378.88
2020-04-21 16:00:00,261.01
2020-04-21 17:00:00,152.4
2020-04-22 08:00:00,154.18
2020-04-22 09:00:00,331.17
2020-04-22 10:00:00,494.19
2020-04-22 11:00:00,574.77
2020-04-22 12:00:00,618.34
2020-04-22 13:00:00,620.06
2020-04-22 14:00:00,523.47
2020-04-22 15:00:00,425.01
2020-04-22 16:00:00,303.79
2020-04-22 17:00:00,135.95
2020-04-23 08:00:00,112.99
2020-04-23 09:00:00,223.61
2020-04-23 10:00:00,368.14
2020-04-23 11:00:00,449.24
2020-04-23 12:00:00,457.63
2020-04-23 13:00:00,490.14
2020-04-23 14:00:00,326.53
2020-04-23 15:00:00,372.26
2020-04-23 16:00:00,255.75
2020-04-23 17:00:00,147.19
2020-04-24 08:00:00,143.97
2020-04-24 09:00:00,307.01
2020-04-24 10:00:00,472.72
2020-04-24 11:00:00,544.23
2020-04-24 12:00:00,491.49
2020-04-24 13:00:00,451.17
2020-04-24 14:00:00,479.78
2020-04-24 15:00:00,306.41
2020-04-24 16:00:00,247.57
2020-04-24 17:00:00,81.61
2020-04-25 08:00:00,134.44
2020-04-25 09:00:00,223.5
2020-04-25 10:00:00,348.77
2020-04-25 11:00:00,483.13
2020-04-25 12:00:00,503.4
2020-04-25 13:00:00,505.7
2020-04-25 14:00:00,359.6
2020-04-25 15:00:00,291.25
2020-04-25 16:00:00,179.84
2020-04-25 17:00:00,67.15
2020-04-26 08:00:00,115.77
2020-04-26 09:00:00,263.39
2020-04-26 10:00:00,406.58
2020-04-26 11:00:00,522.21
2020-04-26 12:00:00,541.5
2020-04-26 13:00:00,485.82
2020-04-26 14:00:00,442.61
2020-04-26 15:00:00,376.54
2020-04-26 16:00:00,217.73
2020-04-26 17:00:00,103.67
2020-04-27 08:00:00,68.38
2020-04-27 09:00:00,190.38
2020-04-27 10:00:00,304.49
2020-04-27 11:00:00,327.9
2020-04-27 12:00:00,442.15
2020-04-27 13:00:00,441.0
2020-04-27 14:00:00,190.65
2020-04-27 15:00:00,114.18
2020-04-27 16:00:00,96.04
2020-04-27 17:00:00,28.09
2020-04-28 08:00:00,71.0
2020-04-28 09:00:00,190.66
2020-04-28 10:00:00,282.7
2020-04-28 11:00:00,229.46
2020-04-28 12:00:00,316.66
2020-04-28 13:00:00,472.13
2020-04-28 14:00:00,291.55
2020-04-28 15:00:00,343.46
2020-04-28 16:00:00,219.2
2020-04-28 17:00:00,97.41
2020-04-29 08:00:00,143.82
2020-04-29 09:00:00,256.69
2020-04-29 10:00:00,406.26
2020-04-29 11:00:00,456.24
2020-04-29 12:00:00,543.23
2020-04-29 13:00:00,547.23
2020-04-29 14:00:00,496.57
2020-04-29 15:00:00,490.38
2020-04-29 16:00:00,331.8
2020-04-29 17:00:00,154.83
2020-04-30 08:00:00,41.14
2020-04-30 09:00:00,67.83
2020-04-30 10:00:00,102.06
2020-04-30 11:00:00,95.46
2020-04-30 12:00:00,111.67
2020-04-30 13:00:00,41.29
2020-04-30 14:00:00,288.9
2020-04-30 15:00:00,288.77
2020-04-30 16:00:00,200.13
2020-04-30 17:00:00,104.78
2020-05-01 08:00:00,57.66
2020-05-01 09:00:00,117.47
2020-05-01 10:00:00,168.62
2020-05-01 11:00:00,202.91
2020-05-01 12:00:00,84.48
2020-05-01 13:00:00,112.86
2020-05-01 14:00:00,240.93
2020-05-01 15:00:00,222.63
2020-05-01 16:00:00,86.68
2020-05-01 17:00:00,81.28
2020-05-02 08:00:00,40.35
2020-05-02 09:00:00,111.85
2020-05-02 10:00:00,138.37
2020-05-02 11:00:00,169.68
2020-05-02 12:00:00,144.2
2020-05-02 13:00:00,135.61
2020-05-02 14:00:00,345.93
2020-05-02 15:00:00,239.04
2020-05-02 16:00:00,263.06
2020-05-02 17:00:00,110.88
2020-05-03 08:00:00,112.24
2020-05-03 09:00:00,227.03
2020-05-03 10:00:00,288.93
2020-05-03 11:00:00,308.86
2020-05-03 12:00:00,290.68
2020-05-03 13:00:00,294.43
2020-05-03 14:00:00,177.81
2020-05-03 15:00:00,187.26
2020-05-03 16:00:00,162.16
2020-05-03 17:00:00,88.32
2020-05-04 08:00:00,116.52
2020-05-04 09:00:00,245.34
2020-05-04 10:00:00,295.02
2020-05-04 11:00:00,358.83
2020-05-04 12:00:00,430.75
2020-05-04 13:00:00,488.31
2020-05-04 14:00:00,406.5
2020-05-04 15:00:00,324.79
2020-05-04 16:00:00,192.85
2020-05-04 17:00:00,99.28
2020-05-05 08:00:00,151.54
2020-05-05 09:00:00,278.75
2020-05-05 10:00:00,476.79
2020-05-05 11:00:00,526.54
2020-05-05 12:00:00,540.05
2020-05-05 13:00:00,471.31
2020-05-05 14:00:00,496.67
2020-05-05 15:00:00,410.92
2020-05-05 16:00:00,277.51
2020-05-05 17:00:00,123.96
2020-05-06 08:00:00,142.33
2020-05-06 09:00:00,307.91
2020-05-06 10:00:00,420.62
2020-05-06 11:00:00,430.06
2020-05-06 12:00:00,491.03
2020-05-06 13:00:00,441.42
2020-05-06 14:00:00,339.65
2020-05-06 15:00:00,271.46
2020-05-06 16:00:00,205.1
2020-05-06 17:00:00,98.84
2020-05-07 08:00:00,120.99
2020-05-07 09:00:00,297.01
2020-05-07 10:00:00,424.87
2020-05-07 11:00:00,555.34
2020-05-07 12:00:00,505.16
2020-05-07 13:00:00,582.7
2020-05-07 14:00:00,526.79
2020-05-07 15:00:00,377.83
2020-05-07 16:00:00,305.93
2020-05-07 17:00:00,160.85
2020-05-08 08:00:00,66.45
2020-05-08 09:00:00,185.89
2020-05-08 10:00:00,337.36
2020-05-08 11:00:00,511.0
2020-05-08 12:00:00,553.21
2020-05-08 13:00:00,582.43
2020-05-08 14:00:00,450.95
2020-05-08 15:00:00,378.16
2020-05-08 16:00:00,303.5
2020-05-08 17:00:00,150.1
2020-05-09 08:00:00,169.1
2020-05-09 09:00:00,333.48
2020-05-09 10:00:00,472.61
2020-05-09 11:00:00,550.46
2020-05-09 12:00:00,559.89
2020-05-09 13:00:00,503.66
2020-05-09 14:00:00,496.69
2020-05-09 15:00:00,397.42
2020-05-09 16:00:00,249.67
2020-05-09 17:00:00,129.02
2020-05-10 08:00:00,78.3
2020-05-10 09:00:00,136.3
2020-05-10 10:00:00,205.23
2020-05-10 11:00:00,292.38
2020-05-10 12:00:00,334.63
2020-05-10 13:00:00,366.51
2020-05-10 14:00:00,473.75
2020-05-10 15:00:00,278.79
2020-05-10 16:00:00,194.37
2020-05-10 17:00:00,81.07
2020-05-11 08:00:00,111.55
2020-05-11 09:00:00,194.25
2020-05-11 10:00:00,220.41
2020-05-11 11:00:00,282.25
2020-05-11 12:00:00,408.57
2020-05-11 13:00:00,455.0
2020-05-11 14:00:00,364.32
2020-05-11 15:00:00,376.14
2020-05-11 16:00:00,233.21
2020-05-11 17:00:00,107.65
2020-05-12 08:00:00,161.63
2020-05-12 09:00:00,331.23
2020-05-12 10:00:00,413.19
2020-05-12 11:00:00,493.25
2020-05-12 12:00:00,509.6
2020-05-12 13:00:00,411.67
2020-05-12 14:00:00,476.45
2020-05-12 15:00:00,309.08
2020-05-12 16:00:00,211.12
2020-05-12 17:00:00,108.77
2020-05-13 08:00:00,79.7
2020-05-13 09:00:00,210.55
2020-05-13 10:00:00,352.95
2020-05-13 11:00:00,451.84
2020-05-13 12:00:00,461.73
2020-05-13 13:00:00,532.3
2020-05-13 14:00:00,216.82
2020-05-13 15:00:00,196.16
2020-05-13 16:00:00,127.39
2020-05-13 17:00:00,64.11
2020-05-14 08:00:00,136.87
2020-05-14 09:00:00,305.0
2020-05-14 10:00:00,356.04
2020-05-14 11:00:00,514.98
2020-05-14 12:00:00,479.87
2020-05-14 13:00:00,499.36
2020-05-14 14:00:00,386.44
2020-05-14 15:00:00,400.67
2020-05-14 16:00:00,277.0
2020-05-14 17:00:00,104.39
2020-05-15 08:00:00,130.64
2020-05-15 09:00:00,258.8
2020-05-15 10:00:00,361.69
2020-05-15 11:00:00,465.7
2020-05-15 12:00:00,422.35
2020-05-15 13:00:00,562.3
2020-05-15 14:00:00,521.67
2020-05-15 15:00:00,437.08
2020-05-15 16:00:00,333.29
2020-05-15 17:00:00,155.6
2020-05-16 08:00:00,122.03
2020-05-16 09:00:00,276.79
2020-05-16 10:00:00,461.66
2020-05-16 11:00:00,472.33
2020-05-16 12:00:00,470.68
2020-05-16 13:00:00,487.51
2020-05-16 14:00:00,500.83
2020-05-16 15:00:00,371.57
2020-05-16 16:00:00,284.62
2020-05-16 17:00:00,122.88
2020-05-17 08:00:00,101.29
2020-05-17 09:00:00,234.82
2020-05-17 10:00:00,358.83
2020-05-17 11:00:00,481.97
2020-05-17 12:00:00,421.15
2020-05-17 13:00:00,415.09
2020-05-17 14:00:00,428.26
2020-05-17 15:00:00,372.57
2020-05-17 16:00:00,226.18
2020-05-17 17:00:00,89.3
2020-05-18 08:00:00,116.72
2020-05-18 09:00:00,241.47
2020-05-18 10:00:00,315.53
2020-05-18 11:00:00,386.16
2020-05-18 12:00:00,388.22
2020-05-18 13:00:00,357.76
2020-05-18 14:00:00,334.9
2020-05-18 15:00:00,253.02
2020-05-18 16:00:00,159.17
2020-05-18 17:00:00,86.0
2020-05-19 08:00:00,132.42
2020-05-19 09:00:00,312.95
2020-05-19 10:00:00,453.6
2020-05-19 11:00:00,539.01
2020-05-19 12:00:00,602.74
2020-05-19 13:00:00,574.92
2020-05-19 14:00:00,547.07
2020-05-19 15:00:00,436.04
2020-05-19 16:00:00,286.41
2020-05-19 17:00:00,144.25
2020-05-20 08:00:00,116.79
2020-05-20 09:00:00,247.44
2020-05-20 10:00:00,398.42
2020-05-20 11:00:00,467.24
2020-05-20 12:00:00,570.87
2020-05-20 13:00:00,567.22
2020-05-20 14:00:00,359.23
2020-05-20 15:00:00,390.07
2020-05-20 16:00:00,306.15
2020-05-20 17:00:00,146.13
2020-05-21 08:00:00,137.87
2020-05-21 09:00:00,285.84
2020-05-21 10:00:00,440.54
2020-05-21 11:00:00,526.44
2020-05-21 12:00:00,600.51
2020-05-21 13:00:00,567.99
2020-05-21 14:00:00,549.99
2020-05-21 15:00:00,447.2
2020-05-21 16:00:00,299.02
2020-05-21 17:00:00,130.0
2020-05-22 08:00:00,76.06
2020-05-22 09:00:00,134.71
2020-05-22 10:00:00,205.12
2020-05-22 11:00:00,253.77
2020-05-22 12:00:00,263.03
2020-05-22 13:00:00,266.81
2020-05-22 14:00:00,392.4
2020-05-22 15:00:00,368.46
2020-05-22 16:00:00,252.56
2020-05-22 17:00:00,125.91
2020-05-23 08:00:00,20.93
2020-05-23 09:00:00,30.76
2020-05-23 10:00:00,75.9
2020-05-23 11:00:00,119.37
2020-05-23 12:00:00,177.94
2020-05-23 13:00:00,167.57
2020-05-23 14:00:00,257.57
2020-05-23 15:00:00,236.46
2020-05-23 16:00:00,190.72
2020-05-23 17:00:00,93.8
2020-05-24 08:00:00,130.81
2020-05-24 09:00:00,286.78
2020-05-24 10:00:00,446.28
2020-05-24 11:00:00,546.12
2020-05-24 12:00:00,565.05
2020-05-24 13:00:00,526.66
2020-05-24 14:00:00,279.82
2020-05-24 15:00:00,272.52
2020-05-24 16:00:00,191.96
2020-05-24 17:00:00,88.36
2020-05-25 08:00:00,131.55
2020-05-25 09:00:00,276.27
2020-05-25 10:00:00,417.12
2020-05-25 11:00:00,511.53
2020-05-25 12:00:00,588.35
2020-05-25 13:00:00,589.88
2020-05-25 14:00:00,519.21
2020-05-25 15:00:00,418.45
2020-05-25 16:00:00,283.58
2020-05-25 17:00:00,139.69
2020-05-26 08:00:00,107.06
2020-05-26 09:00:00,201.0
2020-05-26 10:00:00,341.47
2020-05-26 11:00:00,377.75
2020-05-26 12:00:00,400.73
2020-05-26 13:00:00,410.14
2020-05-26 14:00:00,298.79
2020-05-26 15:00:00,271.75
2020-05-26 16:00:00,233.22
2020-05-26 17:00:00,122.69
2020-05-27 08:00:00,86.39
2020-05-27 09:00:00,189.48
2020-05-27 10:00:00,314.14
2020-05-27 11:00:00,379.29
2020-05-27 12:00:00,422.86
2020-05-27 13:00:00,352.88
2020-05-27 14:00:00,119.45
2020-05-27 15:00:00,91.39
2020-05-27 16:00:00,121.17
2020-05-27 17:00:00,89.84
2020-05-28 08:00:00,154.06
2020-05-28 09:00:00,332.8
2020-05-28 10:00:00,441.58
2020-05-28 11:00:00,480.44
2020-05-28 12:00:00,533.92
2020-05-28 13:00:00,506.98
2020-05-28 14:00:00,449.34
2020-05-28 15:00:00,377.84
2020-05-28 16:00:00,246.29
2020-05-28 17:00:00,147.48
2020-05-29 08:00:00,118.49
2020-05-29 09:00:00,231.26
2020-05-29 10:00:00,224.34
2020-05-29 11:00:00,315.9
2020-05-29 12:00:00,414.18
2020-05-29 13:00:00,521.2
2020-05-29 14:00:00,445.07
2020-05-29 15:00:00,338.28
2020-05-29 16:00:00,222.05
2020-05-29 17:00:00,103.86
2020-05-30 08:00:00,92.61
2020-05-30 09:00:00,219.09
2020-05-30 10:00:00,387.7
2020-05-30 11:00:00,445.23
2020-05-30 12:00:00,527.0
2020-05-30 13:00:00,478.19
2020-05-30 14:00:00,508.17
2020-05-30 15:00:00,418.29
2020-05-30 16:00:00,273.84
2020-05-30 17:00:00,132.42
2020-05-31 08:00:00,138.02
2020-05-31 09:00:00,299.0
2020-05-31 10:00:00,412.82
2020-05-31 11:00:00,447.69
2020-05-31 12:00:00,489.61
2020-05-31 13:00:00,508.12
2020-05-31 14:00:00,492.29
2020-05-31 15:00:00,353.17
2020-05-31 16:00:00,235.81
2020-05-31 17:00:00,107.11
2020-06-01 08:00:00,63.28
2020-06-01 09:00:00,128.4
2020-06-01 10:00:00,193.71
2020-06-01 11:00:00,335.21
2020-06-01 12:00:00,445.53
2020-06-01 13:00:00,403.88
2020-06-01 14:00:00,116.97
2020-06-01 15:00:00,79.88
2020-06-01 16:00:00,75.82
2020-06-01 17:00:00,50.1
2020-06-02 08:00:00,99.22
2020-06-02 09:00:00,233.54
2020-06-02 10:00:00,355.01
2020-06-02 11:00:00,369.93
2020-06-02 12:00:00,304.97
2020-06-02 13:00:00,336.53
2020-06-02 14:00:00,494.72
2020-06-02 15:00:00,393.22
2020-06-02 16:00:00,309.91
2020-06-02 17:00:00,140.43
2020-06-03 08:00:00,134.98
2020-06-03 09:00:00,273.17
2020-06-03 10:00:00,382.87
2020-06-03 11:00:00,471.95
2020-06-03 12:00:00,519.6
2020-06-03 13:00:00,525.25
2020-06-03 14:00:00,500.3
2020-06-03 15:00:00,428.91
2020-06-03 16:00:00,297.68
2020-06-03 17:00:00,146.69
2020-06-04 08:00:00,59.9
2020-06-04 09:00:00,234.52
2020-06-04 10:00:00,329.65
2020-06-04 11:00:00,461.58
2020-06-04 12:00:00,394.97
2020-06-04 13:00:00,283.12
2020-06-04 14:00:00,370.08
2020-06-04 15:00:00,334.04
2020-06-04 16:00:00,228.35
2020-06-04 17:00:00,92.81
2020-06-05 08:00:00,7.98
2020-06-05 09:00:00,25.4
2020-06-05 10:00:00,51.96
2020-06-05 11:00:00,155.25
2020-06-05 12:00:00,108.11
2020-06-05 13:00:00,86.26
2020-06-05 14:00:00,50.4
2020-06-05 15:00:00,56.99
2020-06-05 16:00:00,67.54
2020-06-05 17:00:00,60.51
2020-06-06 08:00:00,36.58
2020-06-06 09:00:00,112.91
2020-06-06 10:00:00,134.78
2020-06-06 11:00:00,190.52
2020-06-06 12:00:00,223.7
2020-06-06 13:00:00,182.11
2020-06-06 14:00:00,166.82
2020-06-06 15:00:00,139.35
2020-06-06 16:00:00,103.35
2020-06-06 17:00:00,61.92
2020-06-07 08:00:00,113.44
2020-06-07 09:00:00,238.21
2020-06-07 10:00:00,395.04
2020-06-07 11:00:00,471.53
2020-06-07 12:00:00,497.82
2020-06-07 13:00:00,541.07
2020-06-07 14:00:00,480.64
2020-06-07 15:00:00,437.99
2020-06-07 16:00:00,312.99
2020-06-07 17:00:00,148.02
2020-06-08 08:00:00,137.45
2020-06-08 09:00:00,266.18
2020-06-08 10:00:00,369.23
2020-06-08 11:00:00,438.64
2020-06-08 12:00:00,532.62
2020-06-08 13:00:00,508.24
2020-06-08 14:00:00,422.69
2020-06-08 15:00:00,388.43
2020-06-08 16:00:00,259.86
2020-06-08 17:00:00,141.2
2020-06-09 08:00:00,126.96
2020-06-09 09:00:00,258.27
2020-06-09 10:00:00,402.51
2020-06-09 11:00:00,513.9
2020-06-09 12:00:00,584.84
2020-06-09 13:00:00,533.01
2020-06-09 14:00:00,481.41
2020-06-09 15:00:00,407.59
2020-06-09 16:00:00,304.9
2020-06-09 17:00:00,129.02
2020-06-10 08:00:00,105.08
2020-06-10 09:00:00,222.21
2020-06-10 10:00:00,393.06
2020-06-10 11:00:00,510.96
2020-06-10 12:00:00,461.11
2020-06-10 13:00:00,548.74
2020-06-10 14:00:00,411.91
2020-06-10 15:00:00,346.7
2020-06-10 16:00:00,234.21
2020-06-10 17:00:00,139.89
2020-06-11 08:00:00,80.24
2020-06-11 09:00:00,162.78
2020-06-11 10:00:00,277.62
2020-06-11 11:00:00,442.01
2020-06-11 12:00:00,450.88
2020-06-11 13:00:00,307.21
2020-06-11 14:00:00,465.94
2020-06-11 15:00:00,347.13
2020-06-11 16:00:00,227.08
2020-06-11 17:00:00,111.28
2020-06-12 08:00:00,116.98
2020-06-12 09:00:00,253.36
2020-06-12 10:00:00,373.24
2020-06-12 11:00:00,440.35
2020-06-12 12:00:00,459.52
2020-06-12 13:00:00,514.04
2020-06-12 14:00:00,424.63
2020-06-12 15:00:00,386.85
2020-06-12 16:00:00,294.21
2020-06-12 17:00:00,110.05
2020-06-13 08:00:00,85.0
2020-06-13 09:00:00,152.64
2020-06-13 10:00:00,49.4
2020-06-13 11:00:00,164.94
2020-06-13 12:00:00,329.84
2020-06-13 13:00:00,444.89
2020-06-13 14:00:00,278.13
2020-06-13 15:00:00,222.75
2020-06-13 16:00:00,157.41
2020-06-13 17:00:00,73.49
2020-06-14 08:00:00,107.31
2020-06-14 09:00:00,245.64
2020-06-14 10:00:00,358.96
2020-06-14 11:00:00,433.5
2020-06-14 12:00:00,451.11
2020-06-14 13:00:00,505.27
2020-06-14 14:00:00,431.06
2020-06-14 15:00:00,353.19
2020-06-14 16:00:00,216.71
2020-06-14 17:00:00,126.57
2020-06-15 08:00:00,123.78
2020-06-15 09:00:00,271.52
2020-06-15 10:00:00,380.71
2020-06-15 11:00:00,526.53
2020-06-15 12:00:00,525.76
2020-06-15 13:00:00,417.72
2020-06-15 14:00:00,535.56
2020-06-15 15:00:00,415.75
2020-06-15 16:00:00,284.15
2020-06-15 17:00:00,141.67
2020-06-16 08:00:00,115.71
2020-06-16 09:00:00,284.0
2020-06-16 10:00:00,371.93
2020-06-16 11:00:00,405.76
2020-06-16 12:00:00,401.15
2020-06-16 13:00:00,414.08
2020-06-16 14:00:00,163.59
2020-06-16 15:00:00,242.02
2020-06-16 16:00:00,214.83
2020-06-16 17:00:00,101.81
2020-06-17 08:00:00,70.6
2020-06-17 09:00:00,183.73
2020-06-17 10:00:00,224.53
2020-06-17 11:00:00,261.0
2020-06-17 12:00:00,316.5
2020-06-17 13:00:00,449.23
2020-06-17 14:00:00,168.82
2020-06-17 15:00:00,95.77
2020-06-17 16:00:00,103.65
2020-06-17 17:00:00,22.41
2020-06-18 08:00:00,58.76
2020-06-18 09:00:00,136.26
2020-06-18 10:00:00,298.15
2020-06-18 11:00:00,375.34
2020-06-18 12:00:00,409.28
2020-06-18 13:00:00,364.77
2020-06-18 14:00:00,361.82
2020-06-18 15:00:00,348.47
2020-06-18 16:00:00,179.28
2020-06-18 17:00:00,115.45
2020-06-19 08:00:00,46.74
2020-06-19 09:00:00,140.59
2020-06-19 10:00:00,192.56
2020-06-19 11:00:00,266.82
2020-06-19 12:00:00,282.14
2020-06-19 13:00:00,357.7
2020-06-19 14:00:00,240.3
2020-06-19 15:00:00,266.85
2020-06-19 16:00:00,166.0
2020-06-19 17:00:00,125.82
2020-06-20 08:00:00,48.9
2020-06-20 09:00:00,108.93
2020-06-20 10:00:00,160.27
2020-06-20 11:00:00,289.67
2020-06-20 12:00:00,438.08
2020-06-20 13:00:00,269.52
2020-06-20 14:00:00,86.3
2020-06-20 15:00:00,106.51
2020-06-20 16:00:00,127.0
2020-06-20 17:00:00,77.15
2020-06-21 08:00:00,64.27
2020-06-21 09:00:00,178.91
2020-06-21 10:00:00,315.05
2020-06-21 11:00:00,378.62
2020-06-21 12:00:00,371.94
2020-06-21 13:00:00,374.11
2020-06-21 14:00:00,151.05
2020-06-21 15:00:00,167.98
2020-06-21 16:00:00,115.72
2020-06-21 17:00:00,121.26
2020-06-22 08:00:00,47.41
2020-06-22 09:00:00,126.07
2020-06-22 10:00:00,274.94
2020-06-22 11:00:00,299.38
2020-06-22 12:00:00,418.17
2020-06-22 13:00:00,380.24
2020-06-22 14:00:00,173.87
2020-06-22 15:00:00,198.94
2020-06-22 16:00:00,150.33
2020-06-22 17:00:00,90.39
2020-06-23 08:00:00,56.22
2020-06-23 09:00:00,196.15
2020-06-23 10:00:00,273.17
2020-06-23 11:00:00,421.14
2020-06-23 12:00:00,400.55
2020-06-23 13:00:00,263.47
2020-06-23 14:00:00,238.63
2020-06-23 15:00:00,160.24
2020-06-23 16:00:00,123.87
2020-06-23 17:00:00,45.62
2020-06-24 08:00:00,19.7
2020-06-24 09:00:00,95.87
2020-06-24 10:00:00,108.35
2020-06-24 11:00:00,66.93
2020-06-24 12:00:00,100.25
2020-06-24 13:00:00,135.81
2020-06-24 14:00:00,193.19
2020-06-24 15:00:00,136.23
2020-06-24 16:00:00,87.57
2020-06-24 17:00:00,42.88
2020-06-25 08:00:00,65.56
2020-06-25 09:00:00,152.24
2020-06-25 10:00:00,106.12
2020-06-25 11:00:00,120.91
2020-06-25 12:00:00,153.41
2020-06-25 13:00:00,227.79
2020-06-25 14:00:00,406.88
2020-06-25 15:00:00,337.79
2020-06-25 16:00:00,220.35
2020-06-25 17:00:00,138.94
2020-06-26 08:00:00,98.14
2020-06-26 09:00:00,257.6
2020-06-26 10:00:00,290.29
2020-06-26 11:00:00,418.03
2020-06-26 12:00:00,476.25
2020-06-26 13:00:00,526.22
2020-06-26 14:00:00,425.16
2020-06-26 15:00:00,302.42
2020-06-26 16:00:00,231.04
2020-06-26 17:00:00,115.13
2020-06-27 08:00:00,74.83
2020-06-27 09:00:00,232.68
2020-06-27 10:00:00,299.48
2020-06-27 11:00:00,438.65
2020-06-27 12:00:00,464.37
2020-06-27 13:00:00,429.02
2020-06-27 14:00:00,190.5
2020-06-27 15:00:00,225.61
2020-06-27 16:00:00,159.48
2020-06-27 17:00:00,105.66
2020-06-28 08:00:00,40.71
2020-06-28 09:00:00,189.46
2020-06-28 10:00:00,398.06
2020-06-28 11:00:00,481.02
2020-06-28 12:00:00,511.93
2020-06-28 13:00:00,519.06
2020-06-28 14:00:00,504.11
2020-06-28 15:00:00,452.5
2020-06-28 16:00:00,340.07
2020-06-28 17:00:00,168.58
2020-06-29 08:00:00,115.77
2020-06-29 09:00:00,273.54
2020-06-29 10:00:00,429.76
2020-06-29 11:00:00,474.41
2020-06-29 12:00:00,457.2
2020-06-29 13:00:00,493.58
2020-06-29 14:00:00,538.7
2020-06-29 15:00:00,453.69
2020-06-29 16:00:00,299.39
2020-06-29 17:00:00,152.44
2020-06-30 08:00:00,104.37
2020-06-30 09:00:00,235.99
2020-06-30 10:00:00,309.75
2020-06-30 11:00:00,423.58
2020-06-30 12:00:00,483.91
2020-06-30 13:00:00,470.16
2020-06-30 14:00:00,511.17
2020-06-30 15:00:00,386.56
2020-06-30 16:00:00,263.39
2020-06-30 17:00:00,157.78
2020-07-01 08:00:00,81.9
2020-07-01 09:00:00,182.91
2020-07-01 10:00:00,285.4
2020-07-01 11:00:00,388.04
2020-07-01 12:00:00,402.77
2020-07-01 13:00:00,396.41
2020-07-01 14:00:00,385.07
2020-07-01 15:00:00,249.13
2020-07-01 16:00:00,259.91
2020-07-01 17:00:00,122.86
2020-07-02 08:00:00,36.17
2020-07-02 09:00:00,170.79
2020-07-02 10:00:00,234.78
2020-07-02 11:00:00,248.11
2020-07-02 12:00:00,306.53
2020-07-02 13:00:00,303.84
2020-07-02 14:00:00,303.14
2020-07-02 15:00:00,265.15
2020-07-02 16:00:00,172.05
2020-07-02 17:00:00,77.59
2020-07-03 08:00:00,93.94
2020-07-03 09:00:00,222.4
2020-07-03 10:00:00,320.24
2020-07-03 11:00:00,329.68
2020-07-03 12:00:00,433.67
2020-07-03 13:00:00,489.95
2020-07-03 14:00:00,545.33
2020-07-03 15:00:00,447.93
2020-07-03 16:00:00,308.02
2020-07-03 17:00:00,152.29
2020-07-04 08:00:00,98.02
2020-07-04 09:00:00,246.67
2020-07-04 10:00:00,412.01
2020-07-04 11:00:00,459.2
2020-07-04 12:00:00,526.03
2020-07-04 13:00:00,512.37
2020-07-04 14:00:00,449.77
2020-07-04 15:00:00,420.04
2020-07-04 16:00:00,266.17
2020-07-04 17:00:00,158.07
2020-07-05 08:00:00,101.16
2020-07-05 09:00:00,287.35
2020-07-05 10:00:00,346.34
2020-07-05 11:00:00,507.22
2020-07-05 12:00:00,583.26
2020-07-05 13:00:00,549.52
2020-07-05 14:00:00,379.79
2020-07-05 15:00:00,328.3
2020-07-05 16:00:00,245.81
2020-07-05 17:00:00,139.93
2020-07-06 08:00:00,115.55
2020-07-06 09:00:00,255.29
2020-07-06 10:00:00,431.84
2020-07-06 11:00:00,484.1
2020-07-06 12:00:00,571.92
2020-07-06 13:00:00,574.19
2020-07-06 14:00:00,511.41
2020-07-06 15:00:00,452.15
2020-07-06 16:00:00,274.93
2020-07-06 17:00:00,149.48
2020-07-07 08:00:00,79.44
2020-07-07 09:00:00,193.59
2020-07-07 10:00:00,341.79
2020-07-07 11:00:00,373.83
2020-07-07 12:00:00,386.72
2020-07-07 13:00:00,402.42
2020-07-07 14:00:00,406.47
2020-07-07 15:00:00,317.65
2020-07-07 16:00:00,240.79
2020-07-07 17:00:00,121.92
2020-07-08 08:00:00,59.64
2020-07-08 09:00:00,157.27
2020-07-08 10:00:00,270.46
2020-07-08 11:00:00,322.98
2020-07-08 12:00:00,306.08
2020-07-08 13:00:00,376.05
2020-07-08 14:00:00,410.47
2020-07-08 15:00:00,384.01
2020-07-08 16:00:00,232.27
2020-07-08 17:00:00,139.76
2020-07-09 08:00:00,21.68
2020-07-09 09:00:00,38.98
2020-07-09 10:00:00,92.72
2020-07-09 11:00:00,96.93
2020-07-09 12:00:00,103.87
2020-07-09 13:00:00,141.13
2020-07-09 14:00:00,177.32
2020-07-09 15:00:00,92.82
2020-07-09 16:00:00,67.75
2020-07-09 17:00:00,30.31
2020-07-10 08:00:00,40.61
2020-07-10 09:00:00,137.7
2020-07-10 10:00:00,249.19
2020-07-10 11:00:00,236.59
2020-07-10 12:00:00,233.47
2020-07-10 13:00:00,255.89
2020-07-10 14:00:00,327.65
2020-07-10 15:00:00,305.17
2020-07-10 16:00:00,203.9
2020-07-10 17:00:00,98.25
2020-07-11 08:00:00,102.05
2020-07-11 09:00:00,202.98
2020-07-11 10:00:00,291.8
2020-07-11 11:00:00,336.9
2020-07-11 12:00:00,400.54
2020-07-11 13:00:00,388.23
2020-07-11 14:00:00,369.06
2020-07-11 15:00:00,278.78
2020-07-11 16:00:00,140.95
2020-07-11 17:00:00,82.53
2020-07-12 08:00:00,79.27
2020-07-12 09:00:00,213.18
2020-07-12 10:00:00,348.99
2020-07-12 11:00:00,407.19
2020-07-12 12:00:00,456.7
2020-07-12 13:00:00,388.01
2020-07-12 14:00:00,391.38
2020-07-12 15:00:00,305.6
2020-07-12 16:00:00,247.46
2020-07-12 17:00:00,137.61
2020-07-13 08:00:00,52.29
2020-07-13 09:00:00,203.6
2020-07-13 10:00:00,321.01
2020-07-13 11:00:00,384.85
2020-07-13 12:00:00,536.86
2020-07-13 13:00:00,507.93
2020-07-13 14:00:00,90.36
2020-07-13 15:00:00,94.68
2020-07-13 16:00:00,96.05
2020-07-13 17:00:00,73.43
2020-07-14 08:00:00,23.06
2020-07-14 09:00:00,51.9
2020-07-14 10:00:00,99.35
2020-07-14 11:00:00,166.64
2020-07-14 12:00:00,225.9
2020-07-14 13:00:00,290.81
2020-07-14 14:00:00,178.08
2020-07-14 15:00:00,119.55
2020-07-14 16:00:00,53.31
2020-07-14 17:00:00,63.09
2020-07-15 08:00:00,127.7
2020-07-15 09:00:00,280.61
2020-07-15 10:00:00,374.4
2020-07-15 11:00:00,455.08
2020-07-15 12:00:00,553.42
2020-07-15 13:00:00,551.55
2020-07-15 14:00:00,494.43
2020-07-15 15:00:00,431.22
2020-07-15 16:00:00,258.22
2020-07-15 17:00:00,140.25
2020-07-16 08:00:00,121.61
2020-07-16 09:00:00,278.02
2020-07-16 10:00:00,385.36
2020-07-16 11:00:00,457.54
2020-07-16 12:00:00,545.56
2020-07-16 13:00:00,596.71
2020-07-16 14:00:00,469.84
2020-07-16 15:00:00,380.98
2020-07-16 16:00:00,305.04
2020-07-16 17:00:00,160.03
2020-07-17 08:00:00,91.06
2020-07-17 09:00:00,242.28
2020-07-17 10:00:00,415.61
2020-07-17 11:00:00,480.79
2020-07-17 12:00:00,531.47
2020-07-17 13:00:00,567.78
2020-07-17 14:00:00,533.37
2020-07-17 15:00:00,418.02
2020-07-17 16:00:00,322.74
2020-07-17 17:00:00,154.58
2020-07-18 08:00:00,91.67
2020-07-18 09:00:00,217.54
2020-07-18 10:00:00,339.39
2020-07-18 11:00:00,366.73
2020-07-18 12:00:00,452.34
2020-07-18 13:00:00,454.39
2020-07-18 14:00:00,448.04
2020-07-18 15:00:00,335.33
2020-07-18 16:00:00,215.12
2020-07-18 17:00:00,119.18
2020-07-19 08:00:00,61.65
2020-07-19 09:00:00,127.31
2020-07-19 10:00:00,286.15
2020-07-19 11:00:00,470.6
2020-07-19 12:00:00,548.83
2020-07-19 13:00:00,556.93
2020-07-19 14:00:00,498.52
2020-07-19 15:00:00,442.35
2020-07-19 16:00:00,336.87
2020-07-19 17:00:00,171.35
2020-07-20 08:00:00,125.05
2020-07-20 09:00:00,283.3
2020-07-20 10:00:00,421.52
2020-07-20 11:00:00,483.66
2020-07-20 12:00:00,510.52
2020-07-20 13:00:00,550.03
2020-07-20 14:00:00,538.12
2020-07-20 15:00:00,483.88
2020-07-20 16:00:00,313.43
2020-07-20 17:00:00,175.4
2020-07-21 08:00:00,119.67
2020-07-21 09:00:00,237.78
2020-07-21 10:00:00,383.4
2020-07-21 11:00:00,496.42
2020-07-21 12:00:00,534.43
2020-07-21 13:00:00,569.73
2020-07-21 14:00:00,560.01
2020-07-21 15:00:00,461.01
2020-07-21 16:00:00,311.94
2020-07-21 17:00:00,161.79
2020-07-22 08:00:00,114.81
2020-07-22 09:00:00,246.51
2020-07-22 10:00:00,386.33
2020-07-22 11:00:00,448.45
2020-07-22 12:00:00,514.7
2020-07-22 13:00:00,538.95
2020-07-22 14:00:00,444.73
2020-07-22 15:00:00,329.53
2020-07-22 16:00:00,297.38
2020-07-22 17:00:00,176.97
2020-07-23 08:00:00,50.8
2020-07-23 09:00:00,188.4
2020-07-23 10:00:00,290.16
2020-07-23 11:00:00,445.34
2020-07-23 12:00:00,431.62
2020-07-23 13:00:00,481.31
2020-07-23 14:00:00,468.33
2020-07-23 15:00:00,428.95
2020-07-23 16:00:00,272.72
2020-07-23 17:00:00,153.11
2020-07-24 08:00:00,92.19
2020-07-24 09:00:00,249.07
2020-07-24 10:00:00,387.03
2020-07-24 11:00:00,395.82
2020-07-24 12:00:00,431.91
2020-07-24 13:00:00,391.07
2020-07-24 14:00:00,414.62
2020-07-24 15:00:00,327.69
2020-07-24 16:00:00,252.01
2020-07-24 17:00:00,120.79
2020-07-25 08:00:00,78.4
2020-07-25 09:00:00,230.87
2020-07-25 10:00:00,317.12
2020-07-25 11:00:00,413.51
2020-07-25 12:00:00,411.24
2020-07-25 13:00:00,355.18
2020-07-25 14:00:00,252.4
2020-07-25 15:00:00,313.8
2020-07-25 16:00:00,225.03
2020-07-25 17:00:00,163.33
2020-07-26 08:00:00,110.82
2020-07-26 09:00:00,255.32
2020-07-26 10:00:00,328.12
2020-07-26 11:00:00,420.0
2020-07-26 12:00:00,420.82
2020-07-26 13:00:00,390.62
2020-07-26 14:00:00,468.55
2020-07-26 15:00:00,367.34
2020-07-26 16:00:00,213.08
2020-07-26 17:00:00,131.96
2020-07-27 08:00:00,100.54
2020-07-27 09:00:00,246.9
2020-07-27 10:00:00,343.46
2020-07-27 11:00:00,474.18
2020-07-27 12:00:00,457.78
2020-07-27 13:00:00,497.43
2020-07-27 14:00:00,433.85
2020-07-27 15:00:00,331.72
2020-07-27 16:00:00,145.18
2020-07-27 17:00:00,81.59
2020-07-28 08:00:00,122.04
2020-07-28 09:00:00,265.37
2020-07-28 10:00:00,433.64
2020-07-28 11:00:00,450.54
2020-07-28 12:00:00,579.95
2020-07-28 13:00:00,594.85
2020-07-28 14:00:00,242.39
2020-07-28 15:00:00,140.4
2020-07-28 16:00:00,90.85
2020-07-28 17:00:00,41.04
2020-07-29 08:00:00,47.88
2020-07-29 09:00:00,133.2
2020-07-29 10:00:00,207.01
2020-07-29 11:00:00,173.93
2020-07-29 12:00:00,124.67
2020-07-29 13:00:00,93.77
2020-07-29 14:00:00,48.23
2020-07-29 15:00:00,73.35
2020-07-29 16:00:00,47.05
2020-07-29 17:00:00,42.27
2020-07-30 08:00:00,81.85
2020-07-30 09:00:00,182.11
2020-07-30 10:00:00,268.37
2020-07-30 11:00:00,403.32
2020-07-30 12:00:00,477.03
2020-07-30 13:00:00,377.49
2020-07-30 14:00:00,568.55
2020-07-30 15:00:00,474.34
2020-07-30 16:00:00,273.64
2020-07-30 17:00:00,185.18
2020-07-31 08:00:00,53.17
2020-07-31 09:00:00,126.88
2020-07-31 10:00:00,296.82
2020-07-31 11:00:00,429.51
2020-07-31 12:00:00,454.27
2020-07-31 13:00:00,510.59
2020-07-31 14:00:00,531.22
2020-07-31 15:00:00,460.17
2020-07-31 16:00:00,312.1
2020-07-31 17:00:00,168.15
2020-08-01 08:00:00,120.14
2020-08-01 09:00:00,278.99
2020-08-01 10:00:00,389.41
2020-08-01 11:00:00,532.76
2020-08-01 12:00:00,590.13
2020-08-01 13:00:00,571.04
2020-08-01 14:00:00,516.12
2020-08-01 15:00:00,445.15
2020-08-01 16:00:00,329.68
2020-08-01 17:00:00,168.76
2020-08-02 08:00:00,99.23
2020-08-02 09:00:00,230.78
2020-08-02 10:00:00,349.29
2020-08-02 11:00:00,431.12
2020-08-02 12:00:00,523.02
2020-08-02 13:00:00,569.32
2020-08-02 14:00:00,499.45
2020-08-02 15:00:00,433.2
2020-08-02 16:00:00,316.84
2020-08-02 17:00:00,162.17
2020-08-03 08:00:00,121.09
2020-08-03 09:00:00,276.35
2020-08-03 10:00:00,426.15
2020-08-03 11:00:00,490.06
2020-08-03 12:00:00,534.14
2020-08-03 13:00:00,570.14
2020-08-03 14:00:00,496.36
2020-08-03 15:00:00,435.09
2020-08-03 16:00:00,317.3
2020-08-03 17:00:00,159.48
2020-08-04 08:00:00,119.65
2020-08-04 09:00:00,229.43
2020-08-04 10:00:00,411.98
2020-08-04 11:00:00,488.17
2020-08-04 12:00:00,510.49
2020-08-04 13:00:00,436.32
2020-08-04 14:00:00,468.63
2020-08-04 15:00:00,445.03
2020-08-04 16:00:00,338.43
2020-08-04 17:00:00,187.43
2020-08-05 08:00:00,86.4
2020-08-05 09:00:00,257.23
2020-08-05 10:00:00,282.72
2020-08-05 11:00:00,439.65
2020-08-05 12:00:00,526.33
2020-08-05 13:00:00,410.0
2020-08-05 14:00:00,399.78
2020-08-05 15:00:00,245.04
2020-08-05 16:00:00,171.93
2020-08-05 17:00:00,102.3
2020-08-06 08:00:00,87.1
2020-08-06 09:00:00,248.71
2020-08-06 10:00:00,410.64
2020-08-06 11:00:00,346.58
2020-08-06 12:00:00,549.77
2020-08-06 13:00:00,429.06
2020-08-06 14:00:00,380.23
2020-08-06 15:00:00,195.55
2020-08-06 16:00:00,191.12
2020-08-06 17:00:00,152.93
2020-08-07 08:00:00,119.12
2020-08-07 09:00:00,271.68
2020-08-07 10:00:00,431.02
2020-08-07 11:00:00,531.71
2020-08-07 12:00:00,611.12
2020-08-07 13:00:00,601.56
2020-08-07 14:00:00,560.51
2020-08-07 15:00:00,463.83
2020-08-07 16:00:00,349.01
2020-08-07 17:00:00,184.52
2020-08-08 08:00:00,126.92
2020-08-08 09:00:00,312.68
2020-08-08 10:00:00,465.86
2020-08-08 11:00:00,532.02
2020-08-08 12:00:00,550.71
2020-08-08 13:00:00,553.05
2020-08-08 14:00:00,511.12
2020-08-08 15:00:00,470.67
2020-08-08 16:00:00,354.38
2020-08-08 17:00:00,202.26
2020-08-09 08:00:00,142.57
2020-08-09 09:00:00,277.2
2020-08-09 10:00:00,427.49
2020-08-09 11:00:00,524.55
2020-08-09 12:00:00,520.25
2020-08-09 13:00:00,496.97
2020-08-09 14:00:00,509.45
2020-08-09 15:00:00,398.23
2020-08-09 16:00:00,315.15
2020-08-09 17:00:00,181.87
2020-08-10 08:00:00,91.18
2020-08-10 09:00:00,255.3
2020-08-10 10:00:00,402.66
2020-08-10 11:00:00,514.88
2020-08-10 12:00:00,591.45
2020-08-10 13:00:00,609.51
2020-08-10 14:00:00,514.18
2020-08-10 15:00:00,463.28
2020-08-10 16:00:00,366.57
2020-08-10 17:00:00,196.34
2020-08-11 08:00:00,121.26
2020-08-11 09:00:00,317.78
2020-08-11 10:00:00,476.24
2020-08-11 11:00:00,559.34
2020-08-11 12:00:00,587.55
2020-08-11 13:00:00,525.28
2020-08-11 14:00:00,453.13
2020-08-11 15:00:00,387.92
2020-08-11 16:00:00,331.68
2020-08-11 17:00:00,174.73
2020-08-12 08:00:00,131.11
2020-08-12 09:00:00,226.7
2020-08-12 10:00:00,270.15
2020-08-12 11:00:00,330.56
2020-08-12 12:00:00,351.71
2020-08-12 13:00:00,498.63
2020-08-12 14:00:00,533.2
2020-08-12 15:00:00,425.52
2020-08-12 16:00:00,329.67
2020-08-12 17:00:00,151.32
2020-08-13 08:00:00,87.56
2020-08-13 09:00:00,259.56
2020-08-13 10:00:00,390.97
2020-08-13 11:00:00,549.47
2020-08-13 12:00:00,583.34
2020-08-13 13:00:00,569.63
2020-08-13 14:00:00,439.7
2020-08-13 15:00:00,359.29
2020-08-13 16:00:00,324.94
2020-08-13 17:00:00,183.5
2020-08-14 08:00:00,118.32
2020-08-14 09:00:00,277.25
2020-08-14 10:00:00,413.11
2020-08-14 11:00:00,440.02
2020-08-14 12:00:00,471.92
2020-08-14 13:00:00,563.5
2020-08-14 14:00:00,266.24
2020-08-14 15:00:00,249.31
2020-08-14 16:00:00,187.8
2020-08-14 17:00:00,88.15
2020-08-15 08:00:00,135.54
2020-08-15 09:00:00,302.83
2020-08-15 10:00:00,447.85
2020-08-15 11:00:00,502.7
2020-08-15 12:00:00,572.68
2020-08-15 13:00:00,626.67
2020-08-15 14:00:00,506.95
2020-08-15 15:00:00,421.08
2020-08-15 16:00:00,291.43
2020-08-15 17:00:00,148.29
2020-08-16 08:00:00,93.97
2020-08-16 09:00:00,217.28
2020-08-16 10:00:00,386.12
2020-08-16 11:00:00,420.43
2020-08-16 12:00:00,599.71
2020-08-16 13:00:00,561.74
2020-08-16 14:00:00,547.09
2020-08-16 15:00:00,463.03
2020-08-16 16:00:00,379.8
2020-08-16 17:00:00,194.28
2020-08-17 08:00:00,122.59
2020-08-17 09:00:00,227.4
2020-08-17 10:00:00,266.88
2020-08-17 11:00:00,352.43
2020-08-17 12:00:00,492.29
2020-08-17 13:00:00,563.76
2020-08-17 14:00:00,446.85
2020-08-17 15:00:00,388.14
2020-08-17 16:00:00,305.89
2020-08-17 17:00:00,177.89
2020-08-18 08:00:00,146.1
2020-08-18 09:00:00,261.64
2020-08-18 10:00:00,397.37
2020-08-18 11:00:00,568.48
2020-08-18 12:00:00,611.26
2020-08-18 13:00:00,587.61
2020-08-18 14:00:00,509.41
2020-08-18 15:00:00,451.11
2020-08-18 16:00:00,313.33
2020-08-18 17:00:00,187.97
2020-08-19 08:00:00,85.41
2020-08-19 09:00:00,258.87
2020-08-19 10:00:00,354.88
2020-08-19 11:00:00,317.85
2020-08-19 12:00:00,302.61
2020-08-19 13:00:00,526.93
2020-08-19 14:00:00,561.61
2020-08-19 15:00:00,421.47
2020-08-19 16:00:00,352.89
2020-08-19 17:00:00,138.51
2020-08-20 08:00:00,75.21
2020-08-20 09:00:00,142.77
2020-08-20 10:00:00,344.35
2020-08-20 11:00:00,377.89
2020-08-20 12:00:00,308.33
2020-08-20 13:00:00,375.47
2020-08-20 14:00:00,433.65
2020-08-20 15:00:00,416.23
2020-08-20 16:00:00,297.61
2020-08-20 17:00:00,128.55
2020-08-21 08:00:00,140.47
2020-08-21 09:00:00,315.8
2020-08-21 10:00:00,503.14
2020-08-21 11:00:00,584.84
2020-08-21 12:00:00,650.94
2020-08-21 13:00:00,662.06
2020-08-21 14:00:00,622.61
2020-08-21 15:00:00,497.62
2020-08-21 16:00:00,359.26
2020-08-21 17:00:00,182.72
2020-08-22 08:00:00,153.16
2020-08-22 09:00:00,294.79
2020-08-22 10:00:00,408.5
2020-08-22 11:00:00,446.69
2020-08-22 12:00:00,529.39
2020-08-22 13:00:00,513.84
2020-08-22 14:00:00,412.08
2020-08-22 15:00:00,390.18
2020-08-22 16:00:00,291.81
2020-08-22 17:00:00,149.38
2020-08-23 08:00:00,107.49
2020-08-23 09:00:00,167.12
2020-08-23 10:00:00,307.72
2020-08-23 11:00:00,424.52
2020-08-23 12:00:00,441.09
2020-08-23 13:00:00,251.81
2020-08-23 14:00:00,134.27
2020-08-23 15:00:00,96.69
2020-08-23 16:00:00,85.98
2020-08-23 17:00:00,49.99
2020-08-24 08:00:00,159.37
2020-08-24 09:00:00,351.47
2020-08-24 10:00:00,504.98
2020-08-24 11:00:00,560.34
2020-08-24 12:00:00,569.1
2020-08-24 13:00:00,624.91
2020-08-24 14:00:00,541.67
2020-08-24 15:00:00,444.43
2020-08-24 16:00:00,330.42
2020-08-24 17:00:00,148.85
2020-08-25 08:00:00,112.68
2020-08-25 09:00:00,215.46
2020-08-25 10:00:00,300.8
2020-08-25 11:00:00,325.19
2020-08-25 12:00:00,423.66
2020-08-25 13:00:00,539.75
2020-08-25 14:00:00,186.73
2020-08-25 15:00:00,298.64
2020-08-25 16:00:00,197.55
2020-08-25 17:00:00,103.74
2020-08-26 08:00:00,99.85
2020-08-26 09:00:00,237.45
2020-08-26 10:00:00,365.28
2020-08-26 11:00:00,441.72
2020-08-26 12:00:00,461.93
2020-08-26 13:00:00,499.49
2020-08-26 14:00:00,223.34
2020-08-26 15:00:00,162.72
2020-08-26 16:00:00,86.58
2020-08-26 17:00:00,66.6
2020-08-27 08:00:00,88.1
2020-08-27 09:00:00,186.87
2020-08-27 10:00:00,282.47
2020-08-27 11:00:00,459.94
2020-08-27 12:00:00,513.72
2020-08-27 13:00:00,419.78
2020-08-27 14:00:00,440.33
2020-08-27 15:00:00,216.19
2020-08-27 16:00:00,289.58
2020-08-27 17:00:00,146.17
2020-08-28 08:00:00,139.13
2020-08-28 09:00:00,320.59
2020-08-28 10:00:00,498.43
2020-08-28 11:00:00,552.41
2020-08-28 12:00:00,632.71
2020-08-28 13:00:00,668.51
2020-08-28 14:00:00,577.04
2020-08-28 15:00:00,496.42
2020-08-28 16:00:00,340.46
2020-08-28 17:00:00,174.92
2020-08-29 08:00:00,116.4
2020-08-29 09:00:00,240.24
2020-08-29 10:00:00,381.4
2020-08-29 11:00:00,465.98
2020-08-29 12:00:00,551.19
2020-08-29 13:00:00,584.08
2020-08-29 14:00:00,384.04
2020-08-29 15:00:00,230.23
2020-08-29 16:00:00,268.39
2020-08-29 17:00:00,114.62
2020-08-30 08:00:00,121.13
2020-08-30 09:00:00,269.58
2020-08-30 10:00:00,323.16
2020-08-30 11:00:00,333.81
2020-08-30 12:00:00,476.6
2020-08-30 13:00:00,484.69
2020-08-30 14:00:00,530.01
2020-08-30 15:00:00,457.22
2020-08-30 16:00:00,328.32
2020-08-30 17:00:00,161.18
2020-08-31 08:00:00,164.25
2020-08-31 09:00:00,312.82
2020-08-31 10:00:00,418.32
2020-08-31 11:00:00,418.71
2020-08-31 12:00:00,561.68
2020-08-31 13:00:00,432.97
2020-08-31 14:00:00,608.26
2020-08-31 15:00:00,538.68
2020-08-31 16:00:00,338.64
2020-08-31 17:00:00,188.2
2020-09-01 08:00:00,112.68
2020-09-01 09:00:00,240.77
2020-09-01 10:00:00,324.1
2020-09-01 11:00:00,356.47
2020-09-01 12:00:00,361.15
2020-09-01 13:00:00,494.71
2020-09-01 14:00:00,442.73
2020-09-01 15:00:00,418.24
2020-09-01 16:00:00,319.65
2020-09-01 17:00:00,168.23
2020-09-02 08:00:00,82.72
2020-09-02 09:00:00,232.81
2020-09-02 10:00:00,305.37
2020-09-02 11:00:00,503.06
2020-09-02 12:00:00,607.0
2020-09-02 13:00:00,596.58
2020-09-02 14:00:00,507.73
2020-09-02 15:00:00,353.15
2020-09-02 16:00:00,188.24
2020-09-02 17:00:00,128.64
2020-09-03 08:00:00,74.67
2020-09-03 09:00:00,125.96
2020-09-03 10:00:00,307.53
2020-09-03 11:00:00,348.96
2020-09-03 12:00:00,354.68
2020-09-03 13:00:00,512.39
2020-09-03 14:00:00,347.03
2020-09-03 15:00:00,239.35
2020-09-03 16:00:00,251.78
2020-09-03 17:00:00,139.74
2020-09-04 08:00:00,90.49
2020-09-04 09:00:00,267.32
2020-09-04 10:00:00,382.59
2020-09-04 11:00:00,236.19
2020-09-04 12:00:00,290.7
2020-09-04 13:00:00,295.03
2020-09-04 14:00:00,440.13
2020-09-04 15:00:00,418.54
2020-09-04 16:00:00,230.01
2020-09-04 17:00:00,122.12
2020-09-05 08:00:00,19.4
2020-09-05 09:00:00,42.45
2020-09-05 10:00:00,129.86
2020-09-05 11:00:00,139.74
2020-09-05 12:00:00,184.48
2020-09-05 13:00:00,250.41
2020-09-05 14:00:00,52.04
2020-09-05 15:00:00,48.48
2020-09-05 16:00:00,25.85
2020-09-05 17:00:00,12.5
2020-09-06 08:00:00,121.68
2020-09-06 09:00:00,146.02
2020-09-06 10:00:00,174.3
2020-09-06 11:00:00,211.3
2020-09-06 12:00:00,153.85
2020-09-06 13:00:00,205.26
2020-09-06 14:00:00,513.96
2020-09-06 15:00:00,318.22
2020-09-06 16:00:00,228.26
2020-09-06 17:00:00,133.45
2020-09-07 08:00:00,135.45
2020-09-07 09:00:00,288.53
2020-09-07 10:00:00,425.38
2020-09-07 11:00:00,515.46
2020-09-07 12:00:00,541.6
2020-09-07 13:00:00,549.81
2020-09-07 14:00:00,621.28
2020-09-07 15:00:00,371.21
2020-09-07 16:00:00,314.68
2020-09-07 17:00:00,193.27
2020-09-08 08:00:00,127.79
2020-09-08 09:00:00,292.74
2020-09-08 10:00:00,409.03
2020-09-08 11:00:00,438.19
2020-09-08 12:00:00,542.67
2020-09-08 13:00:00,613.4
2020-09-08 14:00:00,537.69
2020-09-08 15:00:00,414.04
2020-09-08 16:00:00,246.45
2020-09-08 17:00:00,171.84
2020-09-09 08:00:00,175.23
2020-09-09 09:00:00,368.35
2020-09-09 10:00:00,484.55
2020-09-09 11:00:00,589.96
2020-09-09 12:00:00,606.38
2020-09-09 13:00:00,552.74
2020-09-09 14:00:00,569.0
2020-09-09 15:00:00,431.34
2020-09-09 16:00:00,297.69
2020-09-09 17:00:00,149.09
2020-09-10 08:00:00,47.1
2020-09-10 09:00:00,153.5
2020-09-10 10:00:00,332.21
2020-09-10 11:00:00,468.04
2020-09-10 12:00:00,555.41
2020-09-10 13:00:00,547.93
2020-09-10 14:00:00,353.05
2020-09-10 15:00:00,256.04
2020-09-10 16:00:00,266.69
2020-09-10 17:00:00,105.08
2020-09-11 08:00:00,66.52
2020-09-11 09:00:00,82.4
2020-09-11 10:00:00,141.42
2020-09-11 11:00:00,181.83
2020-09-11 12:00:00,273.23
2020-09-11 13:00:00,155.81
2020-09-11 14:00:00,134.13
2020-09-11 15:00:00,132.69
2020-09-11 16:00:00,135.22
2020-09-11 17:00:00,59.96
2020-09-12 08:00:00,105.49
2020-09-12 09:00:00,166.69
2020-09-12 10:00:00,119.64
2020-09-12 11:00:00,222.37
2020-09-12 12:00:00,216.94
2020-09-12 13:00:00,223.7
2020-09-12 14:00:00,447.85
2020-09-12 15:00:00,418.12
2020-09-12 16:00:00,245.39
2020-09-12 17:00:00,117.74
2020-09-13 08:00:00,100.11
2020-09-13 09:00:00,212.07
2020-09-13 10:00:00,350.29
2020-09-13 11:00:00,245.92
2020-09-13 12:00:00,234.41
2020-09-13 13:00:00,164.77
2020-09-13 14:00:00,75.96
2020-09-13 15:00:00,39.26
2020-09-13 16:00:00,18.34
2020-09-13 17:00:00,9.51
2020-09-14 08:00:00,125.37
2020-09-14 09:00:00,317.07
2020-09-14 10:00:00,431.75
2020-09-14 11:00:00,611.81
2020-09-14 12:00:00,598.02
2020-09-14 13:00:00,488.44
2020-09-14 14:00:00,132.92
2020-09-14 15:00:00,147.05
2020-09-14 16:00:00,114.06
2020-09-14 17:00:00,94.55
2020-09-15 08:00:00,79.83
2020-09-15 09:00:00,157.51
2020-09-15 10:00:00,194.67
2020-09-15 11:00:00,303.57
2020-09-15 12:00:00,505.84
2020-09-15 13:00:00,519.33
2020-09-15 14:00:00,386.9
2020-09-15 15:00:00,213.99
2020-09-15 16:00:00,159.83
2020-09-15 17:00:00,125.92
2020-09-16 08:00:00,53.13
2020-09-16 09:00:00,128.53
2020-09-16 10:00:00,205.37
2020-09-16 11:00:00,458.99
2020-09-16 12:00:00,457.3
2020-09-16 13:00:00,418.14
2020-09-16 14:00:00,272.32
2020-09-16 15:00:00,311.84
2020-09-16 16:00:00,221.23
2020-09-16 17:00:00,68.81
2020-09-17 08:00:00,180.98
2020-09-17 09:00:00,374.92
2020-09-17 10:00:00,543.53
2020-09-17 11:00:00,611.9
2020-09-17 12:00:00,696.72
2020-09-17 13:00:00,650.43
2020-09-17 14:00:00,546.0
2020-09-17 15:00:00,467.45
2020-09-17 16:00:00,271.95
2020-09-17 17:00:00,145.95
2020-09-18 08:00:00,163.04
2020-09-18 09:00:00,310.33
2020-09-18 10:00:00,420.49
2020-09-18 11:00:00,547.75
2020-09-18 12:00:00,641.24
2020-09-18 13:00:00,502.48
2020-09-18 14:00:00,466.13
2020-09-18 15:00:00,469.63
2020-09-18 16:00:00,303.47
2020-09-18 17:00:00,145.17
2020-09-19 08:00:00,65.53
2020-09-19 09:00:00,91.95
2020-09-19 10:00:00,160.09
2020-09-19 11:00:00,115.3
2020-09-19 12:00:00,176.78
2020-09-19 13:00:00,336.12
2020-09-19 14:00:00,642.83
2020-09-19 15:00:00,550.21
2020-09-19 16:00:00,397.05
2020-09-19 17:00:00,198.99
2020-09-20 08:00:00,116.42
2020-09-20 09:00:00,239.5
2020-09-20 10:00:00,153.01
2020-09-20 11:00:00,156.6
2020-09-20 12:00:00,261.61
2020-09-20 13:00:00,248.09
2020-09-20 14:00:00,236.9
2020-09-20 15:00:00,246.87
2020-09-20 16:00:00,201.83
2020-09-20 17:00:00,105.47
2020-09-21 08:00:00,118.07
2020-09-21 09:00:00,159.86
2020-09-21 10:00:00,172.86
2020-09-21 11:00:00,150.79
2020-09-21 12:00:00,170.27
2020-09-21 13:00:00,142.05
2020-09-21 14:00:00,168.15
2020-09-21 15:00:00,74.22
2020-09-21 16:00:00,86.11
2020-09-21 17:00:00,40.09
2020-09-22 08:00:00,126.51
2020-09-22 09:00:00,235.78
2020-09-22 10:00:00,379.07
2020-09-22 11:00:00,424.56
2020-09-22 12:00:00,367.28
2020-09-22 13:00:00,251.28
2020-09-22 14:00:00,259.69
2020-09-22 15:00:00,176.45
2020-09-22 16:00:00,158.32
2020-09-22 17:00:00,110.34
2020-09-23 08:00:00,223.26
2020-09-23 09:00:00,405.2
2020-09-23 10:00:00,552.97
2020-09-23 11:00:00,611.75
2020-09-23 12:00:00,598.0
2020-09-23 13:00:00,485.58
2020-09-23 14:00:00,535.79
2020-09-23 15:00:00,433.5
2020-09-23 16:00:00,345.4
2020-09-23 17:00:00,194.67
2020-09-24 08:00:00,162.9
2020-09-24 09:00:00,332.9
2020-09-24 10:00:00,442.79
2020-09-24 11:00:00,466.63
2020-09-24 12:00:00,509.65
2020-09-24 13:00:00,615.52
2020-09-24 14:00:00,564.18
2020-09-24 15:00:00,485.23
2020-09-24 16:00:00,294.57
2020-09-24 17:00:00,187.38
2020-09-25 08:00:00,163.11
2020-09-25 09:00:00,246.49
2020-09-25 10:00:00,438.73
2020-09-25 11:00:00,485.08
2020-09-25 12:00:00,552.37
2020-09-25 13:00:00,453.55
2020-09-25 14:00:00,413.33
2020-09-25 15:00:00,318.32
2020-09-25 16:00:00,191.55
2020-09-25 17:00:00,107.86
2020-09-26 08:00:00,111.5
2020-09-26 09:00:00,281.3
2020-09-26 10:00:00,366.58
2020-09-26 11:00:00,462.67
2020-09-26 12:00:00,440.74
2020-09-26 13:00:00,493.77
2020-09-26 14:00:00,151.13
2020-09-26 15:00:00,117.72
2020-09-26 16:00:00,129.74
2020-09-26 17:00:00,71.64
2020-09-27 08:00:00,28.48
2020-09-27 09:00:00,98.75
2020-09-27 10:00:00,220.9
2020-09-27 11:00:00,297.72
2020-09-27 12:00:00,430.59
2020-09-27 13:00:00,355.34
2020-09-27 14:00:00,177.33
2020-09-27 15:00:00,212.22
2020-09-27 16:00:00,139.38
2020-09-27 17:00:00,79.87
2020-09-28 08:00:00,206.31
2020-09-28 09:00:00,401.24
2020-09-28 10:00:00,568.38
2020-09-28 11:00:00,679.28
2020-09-28 12:00:00,735.43
2020-09-28 13:00:00,713.77
2020-09-28 14:00:00,589.08
2020-09-28 15:00:00,499.77
2020-09-28 16:00:00,325.57
2020-09-28 17:00:00,144.11
2020-09-29 08:00:00,152.4
2020-09-29 09:00:00,237.23
2020-09-29 10:00:00,269.14
2020-09-29 11:00:00,266.44
2020-09-29 12:00:00,407.91
2020-09-29 13:00:00,583.23
2020-09-29 14:00:00,599.82
2020-09-29 15:00:00,478.29
2020-09-29 16:00:00,250.62
2020-09-29 17:00:00,67.3
2020-09-30 08:00:00,114.9
2020-09-30 09:00:00,236.07
2020-09-30 10:00:00,380.35
2020-09-30 11:00:00,498.22
2020-09-30 12:00:00,496.54
2020-09-30 13:00:00,501.89
2020-09-30 14:00:00,461.66
2020-09-30 15:00:00,456.39
2020-09-30 16:00:00,326.16
2020-09-30 17:00:00,144.66
2020-10-01 08:00:00,201.15
2020-10-01 09:00:00,355.49
2020-10-01 10:00:00,451.31
2020-10-01 11:00:00,534.1
2020-10-01 12:00:00,593.94
2020-10-01 13:00:00,586.67
2020-10-01 14:00:00,436.68
2020-10-01 15:00:00,376.35
2020-10-01 16:00:00,293.47
2020-10-01 17:00:00,159.65
2020-10-02 08:00:00,205.58
2020-10-02 09:00:00,372.49
2020-10-02 10:00:00,444.46
2020-10-02 11:00:00,508.22
2020-10-02 12:00:00,480.58
2020-10-02 13:00:00,424.88
2020-10-02 14:00:00,412.6
2020-10-02 15:00:00,309.89
2020-10-02 16:00:00,206.16
2020-10-02 17:00:00,102.74
2020-10-03 08:00:00,43.11
2020-10-03 09:00:00,96.43
2020-10-03 10:00:00,256.15
2020-10-03 11:00:00,334.3
2020-10-03 12:00:00,320.24
2020-10-03 13:00:00,346.27
2020-10-03 14:00:00,460.97
2020-10-03 15:00:00,313.37
2020-10-03 16:00:00,203.29
2020-10-03 17:00:00,110.65
2020-10-04 08:00:00,235.25
2020-10-04 09:00:00,401.32
2020-10-04 10:00:00,518.19
2020-10-04 11:00:00,658.01
2020-10-04 12:00:00,682.37
2020-10-04 13:00:00,690.24
2020-10-04 14:00:00,285.49
2020-10-04 15:00:00,168.19
2020-10-04 16:00:00,108.21
2020-10-04 17:00:00,51.38
2020-10-05 08:00:00,161.83
2020-10-05 09:00:00,355.48
2020-10-05 10:00:00,530.46
2020-10-05 11:00:00,583.36
2020-10-05 12:00:00,636.51
2020-10-05 13:00:00,646.6
2020-10-05 14:00:00,594.36
2020-10-05 15:00:00,442.91
2020-10-05 16:00:00,316.63
2020-10-05 17:00:00,177.41
2020-10-06 08:00:00,230.13
2020-10-06 09:00:00,435.83
2020-10-06 10:00:00,545.52
2020-10-06 11:00:00,621.22
2020-10-06 12:00:00,634.99
2020-10-06 13:00:00,662.81
2020-10-06 14:00:00,623.93
2020-10-06 15:00:00,532.62
2020-10-06 16:00:00,378.13
2020-10-06 17:00:00,187.81
2020-10-07 08:00:00,184.16
2020-10-07 09:00:00,278.22
2020-10-07 10:00:00,426.87
2020-10-07 11:00:00,437.77
2020-10-07 12:00:00,472.27
2020-10-07 13:00:00,294.11
2020-10-07 14:00:00,549.75
2020-10-07 15:00:00,456.79
2020-10-07 16:00:00,338.71
2020-10-07 17:00:00,138.29
2020-10-08 08:00:00,93.49
2020-10-08 09:00:00,255.27
2020-10-08 10:00:00,468.72
2020-10-08 11:00:00,578.37
2020-10-08 12:00:00,612.44
2020-10-08 13:00:00,635.38
2020-10-08 14:00:00,155.77
2020-10-08 15:00:00,197.27
2020-10-08 16:00:00,129.46
2020-10-08 17:00:00,56.69
2020-10-09 08:00:00,177.88
2020-10-09 09:00:00,297.39
2020-10-09 10:00:00,437.06
2020-10-09 11:00:00,533.4
2020-10-09 12:00:00,588.45
2020-10-09 13:00:00,674.52
2020-10-09 14:00:00,146.29
2020-10-09 15:00:00,92.36
2020-10-09 16:00:00,76.24
2020-10-09 17:00:00,44.64
2020-10-10 08:00:00,103.69
2020-10-10 09:00:00,163.11
2020-10-10 10:00:00,151.22
2020-10-10 11:00:00,210.02
2020-10-10 12:00:00,239.92
2020-10-10 13:00:00,282.73
2020-10-10 14:00:00,159.07
2020-10-10 15:00:00,214.54
2020-10-10 16:00:00,173.67
2020-10-10 17:00:00,90.66
2020-10-11 08:00:00,162.58
2020-10-11 09:00:00,291.13
2020-10-11 10:00:00,333.35
2020-10-11 11:00:00,359.79
2020-10-11 12:00:00,346.17
2020-10-11 13:00:00,339.4
2020-10-11 14:00:00,174.26
2020-10-11 15:00:00,161.46
2020-10-11 16:00:00,139.42
2020-10-11 17:00:00,54.71
2020-10-12 08:00:00,59.98
2020-10-12 09:00:00,159.82
2020-10-12 10:00:00,96.08
2020-10-12 11:00:00,210.38
2020-10-12 12:00:00,161.99
2020-10-12 13:00:00,295.76
2020-10-12 14:00:00,406.09
2020-10-12 15:00:00,350.89
2020-10-12 16:00:00,331.04
2020-10-12 17:00:00,127.65
2020-10-13 08:00:00,234.51
2020-10-13 09:00:00,425.77
2020-10-13 10:00:00,553.18
2020-10-13 11:00:00,660.44
2020-10-13 12:00:00,666.32
2020-10-13 13:00:00,683.71
2020-10-13 14:00:00,579.87
2020-10-13 15:00:00,494.59
2020-10-13 16:00:00,288.92
2020-10-13 17:00:00,167.47
2020-10-14 08:00:00,110.42
2020-10-14 09:00:00,168.19
2020-10-14 10:00:00,354.22
2020-10-14 11:00:00,562.0
2020-10-14 12:00:00,590.53
2020-10-14 13:00:00,599.52
2020-10-14 14:00:00,457.49
2020-10-14 15:00:00,371.64
2020-10-14 16:00:00,166.24
2020-10-14 17:00:00,52.01
2020-10-15 08:00:00,71.72
2020-10-15 09:00:00,198.7
2020-10-15 10:00:00,408.59
2020-10-15 11:00:00,522.72
2020-10-15 12:00:00,581.05
2020-10-15 13:00:00,587.94
2020-10-15 14:00:00,296.63
2020-10-15 15:00:00,223.13
2020-10-15 16:00:00,207.6
2020-10-15 17:00:00,139.4
2020-10-16 08:00:00,41.97
2020-10-16 09:00:00,158.96
2020-10-16 10:00:00,334.77
2020-10-16 11:00:00,525.26
2020-10-16 12:00:00,552.31
2020-10-16 13:00:00,655.67
2020-10-16 14:00:00,664.39
2020-10-16 15:00:00,551.82
2020-10-16 16:00:00,398.68
2020-10-16 17:00:00,194.56
2020-10-17 08:00:00,231.99
2020-10-17 09:00:00,422.56
2020-10-17 10:00:00,466.81
2020-10-17 11:00:00,524.96
2020-10-17 12:00:00,662.67
2020-10-17 13:00:00,634.41
2020-10-17 14:00:00,563.18
2020-10-17 15:00:00,460.93
2020-10-17 16:00:00,327.87
2020-10-17 17:00:00,154.0
2020-10-18 08:00:00,187.1
2020-10-18 09:00:00,317.33
2020-10-18 10:00:00,399.12
2020-10-18 11:00:00,494.46
2020-10-18 12:00:00,611.04
2020-10-18 13:00:00,605.79
2020-10-18 14:00:00,584.22
2020-10-18 15:00:00,529.09
2020-10-18 16:00:00,360.36
2020-10-18 17:00:00,178.22
2020-10-19 08:00:00,213.27
2020-10-19 09:00:00,425.76
2020-10-19 10:00:00,486.41
2020-10-19 11:00:00,610.9
2020-10-19 12:00:00,626.85
2020-10-19 13:00:00,568.25
2020-10-19 14:00:00,606.4
2020-10-19 15:00:00,528.49
2020-10-19 16:00:00,380.46
2020-10-19 17:00:00,183.95
2020-10-20 08:00:00,155.11
2020-10-20 09:00:00,352.04
2020-10-20 10:00:00,555.36
2020-10-20 11:00:00,641.53
2020-10-20 12:00:00,634.78
2020-10-20 13:00:00,587.42
2020-10-20 14:00:00,434.29
2020-10-20 15:00:00,368.71
2020-10-20 16:00:00,208.01
2020-10-20 17:00:00,157.15
2020-10-21 08:00:00,232.65
2020-10-21 09:00:00,406.51
2020-10-21 10:00:00,491.28
2020-10-21 11:00:00,603.0
2020-10-21 12:00:00,615.96
2020-10-21 13:00:00,631.98
2020-10-21 14:00:00,560.27
2020-10-21 15:00:00,479.66
2020-10-21 16:00:00,282.92
2020-10-21 17:00:00,141.59
2020-10-22 08:00:00,129.63
2020-10-22 09:00:00,197.79
2020-10-22 10:00:00,285.61
2020-10-22 11:00:00,450.59
2020-10-22 12:00:00,549.71
2020-10-22 13:00:00,463.26
2020-10-22 14:00:00,233.89
2020-10-22 15:00:00,187.71
2020-10-22 16:00:00,104.42
2020-10-22 17:00:00,81.4
2020-10-23 08:00:00,258.88
2020-10-23 09:00:00,419.27
2020-10-23 10:00:00,541.53
2020-10-23 11:00:00,614.72
2020-10-23 12:00:00,598.0
2020-10-23 13:00:00,563.05
2020-10-23 14:00:00,264.31
2020-10-23 15:00:00,236.83
2020-10-23 16:00:00,126.18
2020-10-23 17:00:00,63.12
2020-10-24 08:00:00,94.49
2020-10-24 09:00:00,172.64
2020-10-24 10:00:00,370.7
2020-10-24 11:00:00,435.78
2020-10-24 12:00:00,494.46
2020-10-24 13:00:00,513.78
2020-10-24 14:00:00,516.86
2020-10-24 15:00:00,487.9
2020-10-24 16:00:00,313.51
2020-10-24 17:00:00,127.99
2020-10-25 08:00:00,84.36
2020-10-25 09:00:00,244.52
2020-10-25 10:00:00,290.5
2020-10-25 11:00:00,245.6
2020-10-25 12:00:00,550.75
2020-10-25 13:00:00,331.95
2020-10-25 14:00:00,662.84
2020-10-25 15:00:00,556.34
2020-10-25 16:00:00,363.9
2020-10-25 17:00:00,177.23
2020-10-26 08:00:00,112.44
2020-10-26 09:00:00,172.61
2020-10-26 10:00:00,203.72
2020-10-26 11:00:00,221.61
2020-10-26 12:00:00,264.15
2020-10-26 13:00:00,365.88
2020-10-26 14:00:00,247.57
2020-10-26 15:00:00,224.25
2020-10-26 16:00:00,165.93
2020-10-26 17:00:00,68.45
2020-10-27 08:00:00,215.57
2020-10-27 09:00:00,416.05
2020-10-27 10:00:00,514.25
2020-10-27 11:00:00,639.26
2020-10-27 12:00:00,702.49
2020-10-27 13:00:00,675.06
2020-10-27 14:00:00,399.96
2020-10-27 15:00:00,305.09
2020-10-27 16:00:00,276.41
2020-10-27 17:00:00,185.28
2020-10-28 08:00:00,193.63
2020-10-28 09:00:00,209.4
2020-10-28 10:00:00,226.82
2020-10-28 11:00:00,393.8
2020-10-28 12:00:00,485.71
2020-10-28 13:00:00,613.3
2020-10-28 14:00:00,273.52
2020-10-28 15:00:00,232.14
2020-10-28 16:00:00,234.69
2020-10-28 17:00:00,125.01
2020-10-29 08:00:00,222.71
2020-10-29 09:00:00,402.98
2020-10-29 10:00:00,537.85
2020-10-29 11:00:00,605.37
2020-10-29 12:00:00,642.97
2020-10-29 13:00:00,555.99
2020-10-29 14:00:00,541.48
2020-10-29 15:00:00,453.97
2020-10-29 16:00:00,300.11
2020-10-29 17:00:00,162.26
2020-10-30 08:00:00,194.26
2020-10-30 09:00:00,352.65
2020-10-30 10:00:00,493.17
2020-10-30 11:00:00,576.85
2020-10-30 12:00:00,571.61
2020-10-30 13:00:00,634.96
2020-10-30 14:00:00,573.69
2020-10-30 15:00:00,416.34
2020-10-30 16:00:00,347.69
2020-10-30 17:00:00,139.88
2020-10-31 08:00:00,191.85
2020-10-31 09:00:00,336.62
2020-10-31 10:00:00,446.78
2020-10-31 11:00:00,593.64
2020-10-31 12:00:00,630.62
2020-10-31 13:00:00,610.74
2020-10-31 14:00:00,524.42
2020-10-31 15:00:00,436.57
2020-10-31 16:00:00,291.54
2020-10-31 17:00:00,112.72
2020-11-01 08:00:00,170.57
2020-11-01 09:00:00,278.52
2020-11-01 10:00:00,518.74
2020-11-01 11:00:00,516.92
2020-11-01 12:00:00,589.86
2020-11-01 13:00:00,574.24
2020-11-01 14:00:00,566.51
2020-11-01 15:00:00,402.84
2020-11-01 16:00:00,285.2
2020-11-01 17:00:00,116.26
2020-11-02 08:00:00,204.2
2020-11-02 09:00:00,406.06
2020-11-02 10:00:00,559.49
2020-11-02 11:00:00,590.7
2020-11-02 12:00:00,551.69
2020-11-02 13:00:00,574.26
2020-11-02 14:00:00,544.15
2020-11-02 15:00:00,426.78
2020-11-02 16:00:00,231.65
2020-11-02 17:00:00,100.16
2020-11-03 08:00:00,112.19
2020-11-03 09:00:00,178.65
2020-11-03 10:00:00,231.19
2020-11-03 11:00:00,404.69
2020-11-03 12:00:00,388.23
2020-11-03 13:00:00,514.28
2020-11-03 14:00:00,451.71
2020-11-03 15:00:00,300.52
2020-11-03 16:00:00,232.48
2020-11-03 17:00:00,111.87
2020-11-04 08:00:00,80.68
2020-11-04 09:00:00,100.98
2020-11-04 10:00:00,62.7
2020-11-04 11:00:00,124.5
2020-11-04 12:00:00,116.96
2020-11-04 13:00:00,41.27
2020-11-04 14:00:00,140.64
2020-11-04 15:00:00,83.82
2020-11-04 16:00:00,58.37
2020-11-04 17:00:00,39.48
2020-11-05 08:00:00,221.26
2020-11-05 09:00:00,385.5
2020-11-05 10:00:00,547.32
2020-11-05 11:00:00,586.59
2020-11-05 12:00:00,576.39
2020-11-05 13:00:00,567.2
2020-11-05 14:00:00,482.33
2020-11-05 15:00:00,345.34
2020-11-05 16:00:00,289.82
2020-11-05 17:00:00,159.12
2020-11-06 08:00:00,125.92
2020-11-06 09:00:00,301.55
2020-11-06 10:00:00,466.76
2020-11-06 11:00:00,541.7
2020-11-06 12:00:00,529.63
2020-11-06 13:00:00,505.57
2020-11-06 14:00:00,525.11
2020-11-06 15:00:00,463.2
2020-11-06 16:00:00,296.18
2020-11-06 17:00:00,159.86
2020-11-07 08:00:00,112.68
2020-11-07 09:00:00,272.26
2020-11-07 10:00:00,264.07
2020-11-07 11:00:00,340.18
2020-11-07 12:00:00,610.05
2020-11-07 13:00:00,600.82
2020-11-07 14:00:00,11.33
2020-11-07 15:00:00,15.62
2020-11-07 16:00:00,20.06
2020-11-07 17:00:00,9.0
2020-11-08 08:00:00,153.07
2020-11-08 09:00:00,330.37
2020-11-08 10:00:00,424.81
2020-11-08 11:00:00,331.84
2020-11-08 12:00:00,505.47
2020-11-08 13:00:00,387.02
2020-11-08 14:00:00,235.8
2020-11-08 15:00:00,459.09
2020-11-08 16:00:00,323.52
2020-11-08 17:00:00,133.88
2020-11-09 08:00:00,50.89
2020-11-09 09:00:00,97.9
2020-11-09 10:00:00,120.54
2020-11-09 11:00:00,223.99
2020-11-09 12:00:00,240.72
2020-11-09 13:00:00,302.51
2020-11-09 14:00:00,301.22
2020-11-09 15:00:00,166.35
2020-11-09 16:00:00,143.93
2020-11-09 17:00:00,77.22
2020-11-10 08:00:00,100.6
2020-11-10 09:00:00,181.92
2020-11-10 10:00:00,248.18
2020-11-10 11:00:00,314.37
2020-11-10 12:00:00,388.8
2020-11-10 13:00:00,409.17
2020-11-10 14:00:00,344.17
2020-11-10 15:00:00,313.09
2020-11-10 16:00:00,260.34
2020-11-10 17:00:00,124.71
2020-11-11 08:00:00,213.52
2020-11-11 09:00:00,422.27
2020-11-11 10:00:00,526.39
2020-11-11 11:00:00,547.12
2020-11-11 12:00:00,492.96
2020-11-11 13:00:00,593.65
2020-11-11 14:00:00,455.79
2020-11-11 15:00:00,412.6
2020-11-11 16:00:00,277.57
2020-11-11 17:00:00,112.55
2020-11-12 08:00:00,272.26
2020-11-12 09:00:00,429.55
2020-11-12 10:00:00,583.9
2020-11-12 11:00:00,651.54
2020-11-12 12:00:00,725.99
2020-11-12 13:00:00,699.41
2020-11-12 14:00:00,624.45
2020-11-12 15:00:00,532.41
2020-11-12 16:00:00,395.74
2020-11-12 17:00:00,189.64
2020-11-13 08:00:00,218.81
2020-11-13 09:00:00,357.18
2020-11-13 10:00:00,491.18
2020-11-13 11:00:00,569.37
2020-11-13 12:00:00,506.13
2020-11-13 13:00:00,539.17
2020-11-13 14:00:00,562.26
2020-11-13 15:00:00,471.97
2020-11-13 16:00:00,352.08
2020-11-13 17:00:00,185.37
2020-11-14 08:00:00,221.79
2020-11-14 09:00:00,380.84
2020-11-14 10:00:00,524.44
2020-11-14 11:00:00,577.71
2020-11-14 12:00:00,587.86
2020-11-14 13:00:00,589.25
2020-11-14 14:00:00,487.64
2020-11-14 15:00:00,421.27
2020-11-14 16:00:00,332.21
2020-11-14 17:00:00,137.68
2020-11-15 08:00:00,135.18
2020-11-15 09:00:00,285.74
2020-11-15 10:00:00,411.65
2020-11-15 11:00:00,481.69
2020-11-15 12:00:00,562.14
2020-11-15 13:00:00,450.07
2020-11-15 14:00:00,240.61
2020-11-15 15:00:00,323.38
2020-11-15 16:00:00,270.98
2020-11-15 17:00:00,106.92
2020-11-16 08:00:00,138.35
2020-11-16 09:00:00,313.55
2020-11-16 10:00:00,399.68
2020-11-16 11:00:00,405.04
2020-11-16 12:00:00,335.08
2020-11-16 13:00:00,466.38
2020-11-16 14:00:00,577.24
2020-11-16 15:00:00,380.61
2020-11-16 16:00:00,238.69
2020-11-16 17:00:00,91.64
2020-11-17 08:00:00,170.56
2020-11-17 09:00:00,350.56
2020-11-17 10:00:00,480.83
2020-11-17 11:00:00,562.19
2020-11-17 12:00:00,492.61
2020-11-17 13:00:00,403.34
2020-11-17 14:00:00,335.02
2020-11-17 15:00:00,226.55
2020-11-17 16:00:00,170.91
2020-11-17 17:00:00,48.16
2020-11-18 08:00:00,200.34
2020-11-18 09:00:00,324.67
2020-11-18 10:00:00,452.93
2020-11-18 11:00:00,523.14
2020-11-18 12:00:00,526.9
2020-11-18 13:00:00,563.99
2020-11-18 14:00:00,503.97
2020-11-18 15:00:00,346.74
2020-11-18 16:00:00,305.52
2020-11-18 17:00:00,166.91
2020-11-19 08:00:00,207.36
2020-11-19 09:00:00,381.03
2020-11-19 10:00:00,448.69
2020-11-19 11:00:00,468.28
2020-11-19 12:00:00,566.2
2020-11-19 13:00:00,563.15
2020-11-19 14:00:00,371.49
2020-11-19 15:00:00,247.64
2020-11-19 16:00:00,256.24
2020-11-19 17:00:00,111.51
2020-11-20 08:00:00,99.34
2020-11-20 09:00:00,349.72
2020-11-20 10:00:00,515.99
2020-11-20 11:00:00,548.96
2020-11-20 12:00:00,675.31
2020-11-20 13:00:00,594.23
2020-11-20 14:00:00,535.67
2020-11-20 15:00:00,401.65
2020-11-20 16:00:00,244.26
2020-11-20 17:00:00,84.22
2020-11-21 08:00:00,130.33
2020-11-21 09:00:00,215.71
2020-11-21 10:00:00,249.42
2020-11-21 11:00:00,367.04
2020-11-21 12:00:00,557.5
2020-11-21 13:00:00,532.22
2020-11-21 14:00:00,377.08
2020-11-21 15:00:00,235.89
2020-11-21 16:00:00,161.13
2020-11-21 17:00:00,40.63
2020-11-22 08:00:00,71.07
2020-11-22 09:00:00,120.25
2020-11-22 10:00:00,183.87
2020-11-22 11:00:00,173.9
2020-11-22 12:00:00,168.82
2020-11-22 13:00:00,153.59
2020-11-22 14:00:00,314.68
2020-11-22 15:00:00,245.87
2020-11-22 16:00:00,100.48
2020-11-22 17:00:00,44.18
2020-11-23 08:00:00,98.52
2020-11-23 09:00:00,207.55
2020-11-23 10:00:00,405.11
2020-11-23 11:00:00,437.52
2020-11-23 12:00:00,447.41
2020-11-23 13:00:00,218.89
2020-11-23 14:00:00,61.56
2020-11-23 15:00:00,36.17
2020-11-23 16:00:00,40.81
2020-11-23 17:00:00,20.45
2020-11-24 08:00:00,29.63
2020-11-24 09:00:00,45.26
2020-11-24 10:00:00,108.91
2020-11-24 11:00:00,164.0
2020-11-24 12:00:00,133.09
2020-11-24 13:00:00,110.56
2020-11-24 14:00:00,103.98
2020-11-24 15:00:00,99.12
2020-11-24 16:00:00,86.99
2020-11-24 17:00:00,29.6
2020-11-25 08:00:00,47.38
2020-11-25 09:00:00,73.2
2020-11-25 10:00:00,138.84
2020-11-25 11:00:00,173.33
2020-11-25 12:00:00,155.13
2020-11-25 13:00:00,140.44
2020-11-25 14:00:00,308.2
2020-11-25 15:00:00,222.71
2020-11-25 16:00:00,143.28
2020-11-25 17:00:00,54.94
2020-11-26 08:00:00,74.86
2020-11-26 09:00:00,110.03
2020-11-26 10:00:00,147.44
2020-11-26 11:00:00,334.4
2020-11-26 12:00:00,523.44
2020-11-26 13:00:00,475.55
2020-11-26 14:00:00,148.94
2020-11-26 15:00:00,114.27
2020-11-26 16:00:00,64.78
2020-11-26 17:00:00,67.01
2020-11-27 08:00:00,145.5
2020-11-27 09:00:00,320.86
2020-11-27 10:00:00,455.54
2020-11-27 11:00:00,523.37
2020-11-27 12:00:00,522.95
2020-11-27 13:00:00,500.0
2020-11-27 14:00:00,412.36
2020-11-27 15:00:00,303.8
2020-11-27 16:00:00,209.39
2020-11-27 17:00:00,90.21
2020-11-28 08:00:00,92.89
2020-11-28 09:00:00,130.42
2020-11-28 10:00:00,259.53
2020-11-28 11:00:00,356.98
2020-11-28 12:00:00,404.49
2020-11-28 13:00:00,221.44
2020-11-28 14:00:00,387.92
2020-11-28 15:00:00,328.98
2020-11-28 16:00:00,239.19
2020-11-28 17:00:00,117.9
2020-11-29 08:00:00,58.78
2020-11-29 09:00:00,150.12
2020-11-29 10:00:00,396.35
2020-11-29 11:00:00,491.23
2020-11-29 12:00:00,471.61
2020-11-29 13:00:00,394.24
2020-11-29 14:00:00,294.72
2020-11-29 15:00:00,159.36
2020-11-29 16:00:00,120.19
2020-11-29 17:00:00,49.01
2020-11-30 08:00:00,172.76
2020-11-30 09:00:00,359.09
2020-11-30 10:00:00,405.59
2020-11-30 11:00:00,582.5
2020-11-30 12:00:00,669.46
2020-11-30 13:00:00,572.39
2020-11-30 14:00:00,477.97
2020-11-30 15:00:00,388.6
2020-11-30 16:00:00,225.56
2020-11-30 17:00:00,142.64
2020-12-01 08:00:00,157.39
2020-12-01 09:00:00,355.15
2020-12-01 10:00:00,485.44
2020-12-01 11:00:00,496.34
2020-12-01 12:00:00,570.17
2020-12-01 13:00:00,543.67
2020-12-01 14:00:00,573.47
2020-12-01 15:00:00,473.81
2020-12-01 16:00:00,292.89
2020-12-01 17:00:00,111.73
2020-12-02 08:00:00,205.66
2020-12-02 09:00:00,378.68
2020-12-02 10:00:00,526.43
2020-12-02 11:00:00,615.31
2020-12-02 12:00:00,590.5
2020-12-02 13:00:00,610.74
2020-12-02 14:00:00,611.7
2020-12-02 15:00:00,508.76
2020-12-02 16:00:00,348.5
2020-12-02 17:00:00,160.53
2020-12-03 08:00:00,222.0
2020-12-03 09:00:00,374.83
2020-12-03 10:00:00,493.89
2020-12-03 11:00:00,582.88
2020-12-03 12:00:00,575.11
2020-12-03 13:00:00,623.52
2020-12-03 14:00:00,573.69
2020-12-03 15:00:00,512.02
2020-12-03 16:00:00,312.55
2020-12-03 17:00:00,139.63
2020-12-04 08:00:00,120.87
2020-12-04 09:00:00,254.96
2020-12-04 10:00:00,327.31
2020-12-04 11:00:00,480.69
2020-12-04 12:00:00,580.64
2020-12-04 13:00:00,433.27
2020-12-04 14:00:00,421.07
2020-12-04 15:00:00,370.41
2020-12-04 16:00:00,301.8
2020-12-04 17:00:00,136.03
2020-12-05 08:00:00,129.36
2020-12-05 09:00:00,229.63
2020-12-05 10:00:00,335.64
2020-12-05 11:00:00,318.34
2020-12-05 12:00:00,407.13
2020-12-05 13:00:00,435.12
2020-12-05 14:00:00,233.49
2020-12-05 15:00:00,291.21
2020-12-05 16:00:00,215.98
2020-12-05 17:00:00,63.94
2020-12-06 08:00:00,223.0
2020-12-06 09:00:00,381.73
2020-12-06 10:00:00,553.97
2020-12-06 11:00:00,624.24
2020-12-06 12:00:00,675.93
2020-12-06 13:00:00,617.5
2020-12-06 14:00:00,663.63
2020-12-06 15:00:00,520.76
2020-12-06 16:00:00,338.72
2020-12-06 17:00:00,190.24
2020-12-07 08:00:00,241.29
2020-12-07 09:00:00,428.07
2020-12-07 10:00:00,535.35
2020-12-07 11:00:00,630.26
2020-12-07 12:00:00,634.29
2020-12-07 13:00:00,719.9
2020-12-07 14:00:00,663.86
2020-12-07 15:00:00,549.72
2020-12-07 16:00:00,380.54
2020-12-07 17:00:00,151.86
2020-12-08 08:00:00,208.58
2020-12-08 09:00:00,432.89
2020-12-08 10:00:00,534.66
2020-12-08 11:00:00,611.23
2020-12-08 12:00:00,630.47
2020-12-08 13:00:00,654.33
2020-12-08 14:00:00,332.38
2020-12-08 15:00:00,214.56
2020-12-08 16:00:00,185.04
2020-12-08 17:00:00,119.32
2020-12-09 08:00:00,140.94
2020-12-09 09:00:00,242.89
2020-12-09 10:00:00,283.91
2020-12-09 11:00:00,396.3
2020-12-09 12:00:00,485.47
2020-12-09 13:00:00,447.84
2020-12-09 14:00:00,630.5
2020-12-09 15:00:00,467.45
2020-12-09 16:00:00,336.08
2020-12-09 17:00:00,172.01
2020-12-10 08:00:00,190.58
2020-12-10 09:00:00,357.4
2020-12-10 10:00:00,452.74
2020-12-10 11:00:00,421.46
2020-12-10 12:00:00,451.46
2020-12-10 13:00:00,618.69
2020-12-10 14:00:00,534.13
2020-12-10 15:00:00,384.81
2020-12-10 16:00:00,246.8
2020-12-10 17:00:00,162.34
2020-12-11 08:00:00,212.21
2020-12-11 09:00:00,420.83
2020-12-11 10:00:00,514.07
2020-12-11 11:00:00,570.21
2020-12-11 12:00:00,607.37
2020-12-11 13:00:00,613.04
2020-12-11 14:00:00,568.94
2020-12-11 15:00:00,494.97
2020-12-11 16:00:00,388.94
2020-12-11 17:00:00,165.45
2020-12-12 08:00:00,178.95
2020-12-12 09:00:00,327.16
2020-12-12 10:00:00,403.41
2020-12-12 11:00:00,531.6
2020-12-12 12:00:00,455.1
2020-12-12 13:00:00,463.98
2020-12-12 14:00:00,186.37
2020-12-12 15:00:00,246.64
2020-12-12 16:00:00,318.56
2020-12-12 17:00:00,176.41
2020-12-13 08:00:00,123.57
2020-12-13 09:00:00,265.9
2020-12-13 10:00:00,364.41
2020-12-13 11:00:00,426.88
2020-12-13 12:00:00,375.81
2020-12-13 13:00:00,416.6
2020-12-13 14:00:00,567.37
2020-12-13 15:00:00,512.16
2020-12-13 16:00:00,322.17
2020-12-13 17:00:00,128.63
2020-12-14 08:00:00,182.79
2020-12-14 09:00:00,366.78
2020-12-14 10:00:00,534.83
2020-12-14 11:00:00,604.71
2020-12-14 12:00:00,598.26
2020-12-14 13:00:00,623.91
2020-12-14 14:00:00,457.38
2020-12-14 15:00:00,416.18
2020-12-14 16:00:00,274.39
2020-12-14 17:00:00,117.01
2020-12-15 08:00:00,116.21
2020-12-15 09:00:00,178.13
2020-12-15 10:00:00,367.25
2020-12-15 11:00:00,499.56
2020-12-15 12:00:00,620.37
2020-12-15 13:00:00,518.12
2020-12-15 14:00:00,562.13
2020-12-15 15:00:00,431.71
2020-12-15 16:00:00,218.52
2020-12-15 17:00:00,154.73
2020-12-16 08:00:00,124.99
2020-12-16 09:00:00,227.92
2020-12-16 10:00:00,271.87
2020-12-16 11:00:00,219.99
2020-12-16 12:00:00,264.86
2020-12-16 13:00:00,317.62
2020-12-16 14:00:00,207.76
2020-12-16 15:00:00,138.56
2020-12-16 16:00:00,141.9
2020-12-16 17:00:00,35.96
2020-12-17 08:00:00,153.0
2020-12-17 09:00:00,279.11
2020-12-17 10:00:00,451.62
2020-12-17 11:00:00,570.79
2020-12-17 12:00:00,663.83
2020-12-17 13:00:00,567.78
2020-12-17 14:00:00,407.09
2020-12-17 15:00:00,342.37
2020-12-17 16:00:00,282.93
2020-12-17 17:00:00,140.42
2020-12-18 08:00:00,98.27
2020-12-18 09:00:00,204.32
2020-12-18 10:00:00,188.26
2020-12-18 11:00:00,196.12
2020-12-18 12:00:00,248.24
2020-12-18 13:00:00,264.12
2020-12-18 14:00:00,226.15
2020-12-18 15:00:00,98.56
2020-12-18 16:00:00,49.58
2020-12-18 17:00:00,24.2
2020-12-19 08:00:00,75.43
2020-12-19 09:00:00,169.44
2020-12-19 10:00:00,279.05
2020-12-19 11:00:00,366.61
2020-12-19 12:00:00,442.57
2020-12-19 13:00:00,426.0
2020-12-19 14:00:00,336.27
2020-12-19 15:00:00,195.12
2020-12-19 16:00:00,213.68
2020-12-19 17:00:00,97.18
2020-12-20 08:00:00,101.22
2020-12-20 09:00:00,237.24
2020-12-20 10:00:00,339.24
2020-12-20 11:00:00,482.22
2020-12-20 12:00:00,590.61
2020-12-20 13:00:00,505.33
2020-12-20 14:00:00,499.04
2020-12-20 15:00:00,396.16
2020-12-20 16:00:00,248.22
2020-12-20 17:00:00,126.97
2020-12-21 08:00:00,68.01
2020-12-21 09:00:00,145.34
2020-12-21 10:00:00,205.87
2020-12-21 11:00:00,232.02
2020-12-21 12:00:00,331.1
2020-12-21 13:00:00,304.75
2020-12-21 14:00:00,345.84
2020-12-21 15:00:00,288.76
2020-12-21 16:00:00,167.62
2020-12-21 17:00:00,120.82
2020-12-22 08:00:00,174.71
2020-12-22 09:00:00,379.9
2020-12-22 10:00:00,560.5
2020-12-22 11:00:00,694.6
2020-12-22 12:00:00,697.65
2020-12-22 13:00:00,694.23
2020-12-22 14:00:00,609.28
2020-12-22 15:00:00,489.56
2020-12-22 16:00:00,388.76
2020-12-22 17:00:00,190.36
2020-12-23 08:00:00,119.95
2020-12-23 09:00:00,314.75
2020-12-23 10:00:00,456.21
2020-12-23 11:00:00,562.22
2020-12-23 12:00:00,632.61
2020-12-23 13:00:00,551.21
2020-12-23 14:00:00,603.17
2020-12-23 15:00:00,469.95
2020-12-23 16:00:00,377.45
2020-12-23 17:00:00,212.1
2020-12-24 08:00:00,180.89
2020-12-24 09:00:00,354.03
2020-12-24 10:00:00,382.95
2020-12-24 11:00:00,571.09
2020-12-24 12:00:00,609.16
2020-12-24 13:00:00,582.01
2020-12-24 14:00:00,324.25
2020-12-24 15:00:00,330.09
2020-12-24 16:00:00,220.09
2020-12-24 17:00:00,102.4
2020-12-25 08:00:00,118.69
2020-12-25 09:00:00,307.08
2020-12-25 10:00:00,395.58
2020-12-25 11:00:00,301.5
2020-12-25 12:00:00,303.78
2020-12-25 13:00:00,291.6
2020-12-25 14:00:00,293.79
2020-12-25 15:00:00,394.94
2020-12-25 16:00:00,313.75
2020-12-25 17:00:00,198.19
2020-12-26 08:00:00,162.03
2020-12-26 09:00:00,321.86
2020-12-26 10:00:00,427.66
2020-12-26 11:00:00,553.23
2020-12-26 12:00:00,526.22
2020-12-26 13:00:00,599.34
2020-12-26 14:00:00,611.51
2020-12-26 15:00:00,524.8
2020-12-26 16:00:00,368.63
2020-12-26 17:00:00,145.57
2020-12-27 08:00:00,167.85
2020-12-27 09:00:00,345.94
2020-12-27 10:00:00,517.34
2020-12-27 11:00:00,669.78
2020-12-27 12:00:00,719.0
2020-12-27 13:00:00,715.89
2020-12-27 14:00:00,608.0
2020-12-27 15:00:00,499.01
2020-12-27 16:00:00,362.18
2020-12-27 17:00:00,190.02
2020-12-28 08:00:00,149.19
2020-12-28 09:00:00,289.28
2020-12-28 10:00:00,530.34
2020-12-28 11:00:00,608.37
2020-12-28 12:00:00,650.56
2020-12-28 13:00:00,630.32
2020-12-28 14:00:00,493.06
2020-12-28 15:00:00,457.57
2020-12-28 16:00:00,367.98
2020-12-28 17:00:00,217.44
2020-12-29 08:00:00,141.23
2020-12-29 09:00:00,218.72
2020-12-29 10:00:00,451.91
2020-12-29 11:00:00,579.62
2020-12-29 12:00:00,599.65
2020-12-29 13:00:00,651.81
2020-12-29 14:00:00,419.09
2020-12-29 15:00:00,351.38
2020-12-29 16:00:00,280.17
2020-12-29 17:00:00,136.24
2020-12-30 08:00:00,131.94
2020-12-30 09:00:00,298.57
2020-12-30 10:00:00,365.4
2020-12-30 11:00:00,413.35
2020-12-30 12:00:00,494.08
2020-12-30 13:00:00,512.82
2020-12-30 14:00:00,588.53
2020-12-30 15:00:00,469.58
2020-12-30 16:00:00,410.07
2020-12-30 17:00:00,230.28
2020-12-31 08:00:00,166.2
2020-12-31 09:00:00,380.1
2020-12-31 10:00:00,537.36
2020-12-31 11:00:00,614.24
2020-12-31 12:00:00,639.19
2020-12-31 13:00:00,652.33
2020-12-31 14:00:00,513.55
2020-12-31 15:00:00,422.05
2020-12-31 16:00:00,252.81
2020-12-31 17:00:00,106.59
2021-01-01 08:00:00,97.14
2021-01-01 09:00:00,134.12
2021-01-01 10:00:00,143.31
2021-01-01 11:00:00,130.74
2021-01-01 12:00:00,127.26
2021-01-01 13:00:00,134.3
2021-01-01 14:00:00,116.91
2021-01-01 15:00:00,57.68
2021-01-01 16:00:00,29.64
2021-01-01 17:00:00,39.7
2021-01-02 08:00:00,24.04
2021-01-02 09:00:00,44.87
2021-01-02 10:00:00,83.31
2021-01-02 11:00:00,164.09
2021-01-02 12:00:00,214.02
2021-01-02 13:00:00,197.27
2021-01-02 14:00:00,30.86
2021-01-02 15:00:00,35.47
2021-01-02 16:00:00,37.16
2021-01-02 17:00:00,27.05
2021-01-03 08:00:00,18.21
2021-01-03 09:00:00,22.6
2021-01-03 10:00:00,43.44
2021-01-03 11:00:00,67.69
2021-01-03 12:00:00,214.01
2021-01-03 13:00:00,262.99
2021-01-03 14:00:00,153.01
2021-01-03 15:00:00,143.09
2021-01-03 16:00:00,60.36
2021-01-03 17:00:00,19.26
2021-01-04 08:00:00,44.38
2021-01-04 09:00:00,138.33
2021-01-04 10:00:00,250.33
2021-01-04 11:00:00,209.28
2021-01-04 12:00:00,203.23
2021-01-04 13:00:00,267.61
2021-01-04 14:00:00,268.96
2021-01-04 15:00:00,305.68
2021-01-04 16:00:00,159.16
2021-01-04 17:00:00,111.98
2021-01-05 08:00:00,97.45
2021-01-05 09:00:00,234.45
2021-01-05 10:00:00,407.21
2021-01-05 11:00:00,289.83
2021-01-05 12:00:00,383.65
2021-01-05 13:00:00,415.07
2021-01-05 14:00:00,557.82
2021-01-05 15:00:00,484.94
2021-01-05 16:00:00,391.73
2021-01-05 17:00:00,240.03
2021-01-06 08:00:00,157.48
2021-01-06 09:00:00,344.84
2021-01-06 10:00:00,451.67
2021-01-06 11:00:00,491.38
2021-01-06 12:00:00,625.71
2021-01-06 13:00:00,576.97
2021-01-06 14:00:00,502.64
2021-01-06 15:00:00,499.13
2021-01-06 16:00:00,312.25
2021-01-06 17:00:00,127.04
2021-01-07 08:00:00,155.02
2021-01-07 09:00:00,294.16
2021-01-07 10:00:00,368.52
2021-01-07 11:00:00,392.25
2021-01-07 12:00:00,434.0
2021-01-07 13:00:00,468.62
2021-01-07 14:00:00,154.14
2021-01-07 15:00:00,143.3
2021-01-07 16:00:00,44.59
2021-01-07 17:00:00,31.82
2021-01-08 08:00:00,97.58
2021-01-08 09:00:00,146.32
2021-01-08 10:00:00,270.81
2021-01-08 11:00:00,381.19
2021-01-08 12:00:00,435.82
2021-01-08 13:00:00,547.38
2021-01-08 14:00:00,368.45
2021-01-08 15:00:00,316.61
2021-01-08 16:00:00,235.36
2021-01-08 17:00:00,137.87
2021-01-09 08:00:00,98.53
2021-01-09 09:00:00,246.98
2021-01-09 10:00:00,328.5
2021-01-09 11:00:00,498.53
2021-01-09 12:00:00,456.4
2021-01-09 13:00:00,316.81
2021-01-09 14:00:00,387.67
2021-01-09 15:00:00,334.86
2021-01-09 16:00:00,238.03
2021-01-09 17:00:00,115.54
2021-01-10 08:00:00,4.79
2021-01-10 09:00:00,14.59
2021-01-10 10:00:00,25.38
2021-01-10 11:00:00,34.74
2021-01-10 12:00:00,41.13
2021-01-10 13:00:00,23.55
2021-01-10 14:00:00,63.01
2021-01-10 15:00:00,35.34
2021-01-10 16:00:00,60.41
2021-01-10 17:00:00,27.31
2021-01-11 08:00:00,33.53
2021-01-11 09:00:00,111.15
2021-01-11 10:00:00,203.02
2021-01-11 11:00:00,176.72
2021-01-11 12:00:00,280.48
2021-01-11 13:00:00,271.38
2021-01-11 14:00:00,275.93
2021-01-11 15:00:00,104.97
2021-01-11 16:00:00,55.07
2021-01-11 17:00:00,40.45
2021-01-12 08:00:00,25.5
2021-01-12 09:00:00,51.59
2021-01-12 10:00:00,80.15
2021-01-12 11:00:00,99.27
2021-01-12 12:00:00,104.25
2021-01-12 13:00:00,224.46
2021-01-12 14:00:00,202.29
2021-01-12 15:00:00,185.27
2021-01-12 16:00:00,121.17
2021-01-12 17:00:00,123.43
2021-01-13 08:00:00,93.55
2021-01-13 09:00:00,163.8
2021-01-13 10:00:00,329.21
2021-01-13 11:00:00,407.78
2021-01-13 12:00:00,392.0
2021-01-13 13:00:00,480.68
2021-01-13 14:00:00,236.08
2021-01-13 15:00:00,190.19
2021-01-13 16:00:00,92.15
2021-01-13 17:00:00,59.39
2021-01-14 08:00:00,63.4
2021-01-14 09:00:00,165.24
2021-01-14 10:00:00,180.65
2021-01-14 11:00:00,311.94
2021-01-14 12:00:00,103.24
2021-01-14 13:00:00,143.23
2021-01-14 14:00:00,278.41
2021-01-14 15:00:00,329.13
2021-01-14 16:00:00,201.77
2021-01-14 17:00:00,47.24
2021-01-15 08:00:00,108.07
2021-01-15 09:00:00,234.88
2021-01-15 10:00:00,332.87
2021-01-15 11:00:00,378.22
2021-01-15 12:00:00,501.46
2021-01-15 13:00:00,565.14
2021-01-15 14:00:00,579.91
2021-01-15 15:00:00,424.95
2021-01-15 16:00:00,309.68
2021-01-15 17:00:00,178.91
2021-01-16 08:00:00,153.24
2021-01-16 09:00:00,354.51
2021-01-16 10:00:00,395.25
2021-01-16 11:00:00,585.27
2021-01-16 12:00:00,677.96
2021-01-16 13:00:00,654.07
2021-01-16 14:00:00,478.15
2021-01-16 15:00:00,393.95
2021-01-16 16:00:00,152.97
2021-01-16 17:00:00,105.87
2021-01-17 08:00:00,170.04
2021-01-17 09:00:00,336.15
2021-01-17 10:00:00,428.79
2021-01-17 11:00:00,485.17
2021-01-17 12:00:00,481.39
2021-01-17 13:00:00,606.32
2021-01-17 14:00:00,540.19
2021-01-17 15:00:00,454.8
2021-01-17 16:00:00,389.08
2021-01-17 17:00:00,222.9
2021-01-18 08:00:00,116.23
2021-01-18 09:00:00,340.58
2021-01-18 10:00:00,478.14
2021-01-18 11:00:00,620.99
2021-01-18 12:00:00,586.74
2021-01-18 13:00:00,505.35
2021-01-18 14:00:00,558.53
2021-01-18 15:00:00,426.99
2021-01-18 16:00:00,306.06
2021-01-18 17:00:00,114.64
2021-01-19 08:00:00,164.4
2021-01-19 09:00:00,387.43
2021-01-19 10:00:00,498.25
2021-01-19 11:00:00,592.09
2021-01-19 12:00:00,640.51
2021-01-19 13:00:00,650.41
2021-01-19 14:00:00,630.28
2021-01-19 15:00:00,476.38
2021-01-19 16:00:00,332.71
2021-01-19 17:00:00,158.17
2021-01-20 08:00:00,159.65
2021-01-20 09:00:00,362.31
2021-01-20 10:00:00,517.3
2021-01-20 11:00:00,553.99
2021-01-20 12:00:00,620.45
2021-01-20 13:00:00,704.11
2021-01-20 14:00:00,564.99
2021-01-20 15:00:00,462.47
2021-01-20 16:00:00,336.67
2021-01-20 17:00:00,188.55
2021-01-21 08:00:00,167.97
2021-01-21 09:00:00,365.74
2021-01-21 10:00:00,522.18
2021-01-21 11:00:00,592.57
2021-01-21 12:00:00,631.5
2021-01-21 13:00:00,620.25
2021-01-21 14:00:00,597.4
2021-01-21 15:00:00,538.82
2021-01-21 16:00:00,392.18
2021-01-21 17:00:00,238.29
2021-01-22 08:00:00,136.69
2021-01-22 09:00:00,346.17
2021-01-22 10:00:00,418.13
2021-01-22 11:00:00,534.91
2021-01-22 12:00:00,596.31
2021-01-22 13:00:00,650.0
2021-01-22 14:00:00,416.23
2021-01-22 15:00:00,479.68
2021-01-22 16:00:00,308.3
2021-01-22 17:00:00,179.65
2021-01-23 08:00:00,87.34
2021-01-23 09:00:00,191.27
2021-01-23 10:00:00,372.92
2021-01-23 11:00:00,546.4
2021-01-23 12:00:00,540.42
2021-01-23 13:00:00,572.69
2021-01-23 14:00:00,480.45
2021-01-23 15:00:00,337.05
2021-01-23 16:00:00,233.79
2021-01-23 17:00:00,115.84
2021-01-24 08:00:00,155.66
2021-01-24 09:00:00,365.15
2021-01-24 10:00:00,530.04
2021-01-24 11:00:00,613.84
2021-01-24 12:00:00,614.0
2021-01-24 13:00:00,562.14
2021-01-24 14:00:00,628.06
2021-01-24 15:00:00,556.07
2021-01-24 16:00:00,411.02
2021-01-24 17:00:00,252.28
2021-01-25 08:00:00,83.4
2021-01-25 09:00:00,286.63
2021-01-25 10:00:00,450.24
2021-01-25 11:00:00,511.04
2021-01-25 12:00:00,690.13
2021-01-25 13:00:00,625.85
2021-01-25 14:00:00,589.74
2021-01-25 15:00:00,498.64
2021-01-25 16:00:00,375.42
2021-01-25 17:00:00,223.98
2021-01-26 08:00:00,110.72
2021-01-26 09:00:00,334.47
2021-01-26 10:00:00,445.83
2021-01-26 11:00:00,602.82
2021-01-26 12:00:00,698.88
2021-01-26 13:00:00,654.56
2021-01-26 14:00:00,577.27
2021-01-26 15:00:00,508.06
2021-01-26 16:00:00,400.27
2021-01-26 17:00:00,246.54
2021-01-27 08:00:00,138.11
2021-01-27 09:00:00,315.13
2021-01-27 10:00:00,481.17
2021-01-27 11:00:00,646.76
2021-01-27 12:00:00,695.94
2021-01-27 13:00:00,730.58
2021-01-27 14:00:00,582.11
2021-01-27 15:00:00,396.87
2021-01-27 16:00:00,327.48
2021-01-27 17:00:00,160.4
2021-01-28 08:00:00,115.24
2021-01-28 09:00:00,262.5
2021-01-28 10:00:00,350.38
2021-01-28 11:00:00,474.5
2021-01-28 12:00:00,533.33
2021-01-28 13:00:00,610.4
2021-01-28 14:00:00,444.41
2021-01-28 15:00:00,465.81
2021-01-28 16:00:00,260.48
2021-01-28 17:00:00,166.69
2021-01-29 08:00:00,181.77
2021-01-29 09:00:00,352.64
2021-01-29 10:00:00,473.57
2021-01-29 11:00:00,587.35
2021-01-29 12:00:00,638.32
2021-01-29 13:00:00,603.09
2021-01-29 14:00:00,588.64
2021-01-29 15:00:00,319.57
2021-01-29 16:00:00,283.51
2021-01-29 17:00:00,237.48
2021-01-30 08:00:00,85.91
2021-01-30 09:00:00,249.57
2021-01-30 10:00:00,453.58
2021-01-30 11:00:00,541.08
2021-01-30 12:00:00,573.78
2021-01-30 13:00:00,592.58
2021-01-30 14:00:00,484.89
2021-01-30 15:00:00,554.87
2021-01-30 16:00:00,310.71
2021-01-30 17:00:00,179.97
2021-01-31 08:00:00,141.95
2021-01-31 09:00:00,337.84
2021-01-31 10:00:00,493.87
2021-01-31 11:00:00,604.07
2021-01-31 12:00:00,597.07
2021-01-31 13:00:00,617.08
2021-01-31 14:00:00,604.71
2021-01-31 15:00:00,472.27
2021-01-31 16:00:00,349.89
2021-01-31 17:00:00,193.11
2021-02-01 08:00:00,82.11
2021-02-01 09:00:00,272.98
2021-02-01 10:00:00,405.77
2021-02-01 11:00:00,536.72
2021-02-01 12:00:00,576.91
2021-02-01 13:00:00,562.19
2021-02-01 14:00:00,481.71
2021-02-01 15:00:00,427.97
2021-02-01 16:00:00,247.24
2021-02-01 17:00:00,192.72
2021-02-02 08:00:00,62.61
2021-02-02 09:00:00,191.56
2021-02-02 10:00:00,294.79
2021-02-02 11:00:00,408.4
2021-02-02 12:00:00,562.09
2021-02-02 13:00:00,467.53
2021-02-02 14:00:00,574.33
2021-02-02 15:00:00,497.89
2021-02-02 16:00:00,393.37
2021-02-02 17:00:00,217.37
2021-02-03 08:00:00,125.77
2021-02-03 09:00:00,295.67
2021-02-03 10:00:00,490.4
2021-02-03 11:00:00,614.56
2021-02-03 12:00:00,674.62
2021-02-03 13:00:00,716.68
2021-02-03 14:00:00,569.81
2021-02-03 15:00:00,416.36
2021-02-03 16:00:00,254.65
2021-02-03 17:00:00,134.09
2021-02-04 08:00:00,113.75
2021-02-04 09:00:00,294.78
2021-02-04 10:00:00,468.15
2021-02-04 11:00:00,517.06
2021-02-04 12:00:00,502.64
2021-02-04 13:00:00,523.46
2021-02-04 14:00:00,470.67
2021-02-04 15:00:00,476.16
2021-02-04 16:00:00,473.17
2021-02-04 17:00:00,292.16
2021-02-05 08:00:00,161.09
2021-02-05 09:00:00,382.14
2021-02-05 10:00:00,429.23
2021-02-05 11:00:00,607.68
2021-02-05 12:00:00,734.18
2021-02-05 13:00:00,677.4
2021-02-05 14:00:00,615.09
2021-02-05 15:00:00,545.76
2021-02-05 16:00:00,408.31
2021-02-05 17:00:00,240.59
2021-02-06 08:00:00,164.95
2021-02-06 09:00:00,333.55
2021-02-06 10:00:00,484.93
2021-02-06 11:00:00,582.25
2021-02-06 12:00:00,706.49
2021-02-06 13:00:00,743.36
2021-02-06 14:00:00,655.31
2021-02-06 15:00:00,640.94
2021-02-06 16:00:00,498.45
2021-02-06 17:00:00,307.69
2021-02-07 08:00:00,173.02
2021-02-07 09:00:00,392.62
2021-02-07 10:00:00,540.3
2021-02-07 11:00:00,658.14
2021-02-07 12:00:00,690.59
2021-02-07 13:00:00,667.94
2021-02-07 14:00:00,646.2
2021-02-07 15:00:00,559.16
2021-02-07 16:00:00,441.35
2021-02-07 17:00:00,279.7
2021-02-08 08:00:00,167.27
2021-02-08 09:00:00,362.89
2021-02-08 10:00:00,489.67
2021-02-08 11:00:00,633.59
2021-02-08 12:00:00,688.18
2021-02-08 13:00:00,649.83
2021-02-08 14:00:00,650.32
2021-02-08 15:00:00,474.65
2021-02-08 16:00:00,261.28
2021-02-08 17:00:00,188.15
2021-02-09 08:00:00,174.27
2021-02-09 09:00:00,378.06
2021-02-09 10:00:00,531.01
2021-02-09 11:00:00,667.87
2021-02-09 12:00:00,715.22
2021-02-09 13:00:00,686.89
2021-02-09 14:00:00,591.0
2021-02-09 15:00:00,528.63
2021-02-09 16:00:00,401.41
2021-02-09 17:00:00,218.28
2021-02-10 08:00:00,171.05
2021-02-10 09:00:00,374.43
2021-02-10 10:00:00,542.53
2021-02-10 11:00:00,605.06
2021-02-10 12:00:00,633.2
2021-02-10 13:00:00,691.01
2021-02-10 14:00:00,689.54
2021-02-10 15:00:00,568.75
2021-02-10 16:00:00,406.74
2021-02-10 17:00:00,278.35
2021-02-11 08:00:00,156.6
2021-02-11 09:00:00,334.48
2021-02-11 10:00:00,512.03
2021-02-11 11:00:00,599.72
2021-02-11 12:00:00,666.41
2021-02-11 13:00:00,655.37
2021-02-11 14:00:00,580.34
2021-02-11 15:00:00,494.89
2021-02-11 16:00:00,375.96
2021-02-11 17:00:00,214.54
2021-02-12 08:00:00,140.96
2021-02-12 09:00:00,264.31
2021-02-12 10:00:00,407.22
2021-02-12 11:00:00,638.14
2021-02-12 12:00:00,594.35
2021-02-12 13:00:00,708.92
2021-02-12 14:00:00,668.07
2021-02-12 15:00:00,596.12
2021-02-12 16:00:00,430.52
2021-02-12 17:00:00,269.09
2021-02-13 08:00:00,135.93
2021-02-13 09:00:00,342.38
2021-02-13 10:00:00,513.86
2021-02-13 11:00:00,603.5
2021-02-13 12:00:00,681.69
2021-02-13 13:00:00,698.65
2021-02-13 14:00:00,613.5
2021-02-13 15:00:00,513.07
2021-02-13 16:00:00,442.15
2021-02-13 17:00:00,253.08
2021-02-14 08:00:00,147.65
2021-02-14 09:00:00,344.99
2021-02-14 10:00:00,528.15
2021-02-14 11:00:00,590.78
2021-02-14 12:00:00,574.07
2021-02-14 13:00:00,673.49
2021-02-14 14:00:00,646.65
2021-02-14 15:00:00,499.81
2021-02-14 16:00:00,407.88
2021-02-14 17:00:00,234.23
2021-02-15 08:00:00,146.53
2021-02-15 09:00:00,348.82
2021-02-15 10:00:00,529.2
2021-02-15 11:00:00,659.63
2021-02-15 12:00:00,660.12
2021-02-15 13:00:00,639.13
2021-02-15 14:00:00,482.11
2021-02-15 15:00:00,476.04
2021-02-15 16:00:00,399.04
2021-02-15 17:00:00,226.46
2021-02-16 08:00:00,165.95
2021-02-16 09:00:00,389.59
2021-02-16 10:00:00,567.7
2021-02-16 11:00:00,673.76
2021-02-16 12:00:00,728.64
2021-02-16 13:00:00,680.62
2021-02-16 14:00:00,462.15
2021-02-16 15:00:00,442.94
2021-02-16 16:00:00,388.62
2021-02-16 17:00:00,271.95
2021-02-17 08:00:00,178.04
2021-02-17 09:00:00,405.1
2021-02-17 10:00:00,592.94
2021-02-17 11:00:00,709.95
2021-02-17 12:00:00,755.74
2021-02-17 13:00:00,698.25
2021-02-17 14:00:00,656.7
2021-02-17 15:00:00,573.74
2021-02-17 16:00:00,499.88
2021-02-17 17:00:00,294.56
2021-02-18 08:00:00,166.66
2021-02-18 09:00:00,371.78
2021-02-18 10:00:00,560.0
2021-02-18 11:00:00,689.85
2021-02-18 12:00:00,749.14
2021-02-18 13:00:00,755.25
2021-02-18 14:00:00,704.66
2021-02-18 15:00:00,559.91
2021-02-18 16:00:00,424.2
2021-02-18 17:00:00,248.16
2021-02-19 08:00:00,166.62
2021-02-19 09:00:00,367.1
2021-02-19 10:00:00,527.44
2021-02-19 11:00:00,594.12
2021-02-19 12:00:00,685.13
2021-02-19 13:00:00,707.63
2021-02-19 14:00:00,583.49
2021-02-19 15:00:00,545.82
2021-02-19 16:00:00,327.48
2021-02-19 17:00:00,229.3
2021-02-20 08:00:00,143.43
2021-02-20 09:00:00,310.71
2021-02-20 10:00:00,447.93
2021-02-20 11:00:00,580.37
2021-02-20 12:00:00,596.11
2021-02-20 13:00:00,617.7
2021-02-20 14:00:00,677.33
2021-02-20 15:00:00,560.39
2021-02-20 16:00:00,414.38
2021-02-20 17:00:00,245.35
2021-02-21 08:00:00,134.66
2021-02-21 09:00:00,321.57
2021-02-21 10:00:00,498.17
2021-02-21 11:00:00,604.37
2021-02-21 12:00:00,689.3
2021-02-21 13:00:00,676.46
2021-02-21 14:00:00,635.06
2021-02-21 15:00:00,568.71
2021-02-21 16:00:00,405.42
2021-02-21 17:00:00,236.19
2021-02-22 08:00:00,159.41
2021-02-22 09:00:00,370.51
2021-02-22 10:00:00,545.26
2021-02-22 11:00:00,671.08
2021-02-22 12:00:00,750.16
2021-02-22 13:00:00,748.53
2021-02-22 14:00:00,599.66
2021-02-22 15:00:00,588.05
2021-02-22 16:00:00,441.84
2021-02-22 17:00:00,290.56
2021-02-23 08:00:00,181.6
2021-02-23 09:00:00,400.15
2021-02-23 10:00:00,587.44
2021-02-23 11:00:00,696.71
2021-02-23 12:00:00,752.95
2021-02-23 13:00:00,735.89
2021-02-23 14:00:00,674.11
2021-02-23 15:00:00,555.67
2021-02-23 16:00:00,441.68
2021-02-23 17:00:00,292.15
2021-02-24 08:00:00,126.12
2021-02-24 09:00:00,328.45
2021-02-24 10:00:00,399.43
2021-02-24 11:00:00,503.0
2021-02-24 12:00:00,595.03
2021-02-24 13:00:00,643.97
2021-02-24 14:00:00,526.56
2021-02-24 15:00:00,469.73
2021-02-24 16:00:00,298.67
2021-02-24 17:00:00,206.71
2021-02-25 08:00:00,135.69
2021-02-25 09:00:00,300.09
2021-02-25 10:00:00,472.27
2021-02-25 11:00:00,561.06
2021-02-25 12:00:00,640.63
2021-02-25 13:00:00,625.53
2021-02-25 14:00:00,626.65
2021-02-25 15:00:00,543.63
2021-02-25 16:00:00,412.82
2021-02-25 17:00:00,237.33
2021-02-26 08:00:00,167.77
2021-02-26 09:00:00,343.48
2021-02-26 10:00:00,550.37
2021-02-26 11:00:00,658.98
2021-02-26 12:00:00,655.23
2021-02-26 13:00:00,678.8
2021-02-26 14:00:00,656.72
2021-02-26 15:00:00,553.18
2021-02-26 16:00:00,420.95
2021-02-26 17:00:00,246.37
2021-02-27 08:00:00,173.68
2021-02-27 09:00:00,377.54
2021-02-27 10:00:00,517.18
2021-02-27 11:00:00,612.81
2021-02-27 12:00:00,681.34
2021-02-27 13:00:00,735.08
2021-02-27 14:00:00,682.17
2021-02-27 15:00:00,591.09
2021-02-27 16:00:00,426.0
2021-02-27 17:00:00,272.97
2021-02-28 08:00:00,182.7
2021-02-28 09:00:00,399.22
2021-02-28 10:00:00,572.32
2021-02-28 11:00:00,686.34
2021-02-28 12:00:00,744.72
2021-02-28 13:00:00,746.83
2021-02-28 14:00:00,697.51
2021-02-28 15:00:00,581.54
2021-02-28 16:00:00,482.58
2021-02-28 17:00:00,293.87
2021-03-01 08:00:00,177.17
2021-03-01 09:00:00,379.57
2021-03-01 10:00:00,569.89
2021-03-01 11:00:00,686.45
2021-03-01 12:00:00,754.85
2021-03-01 13:00:00,705.04
2021-03-01 14:00:00,708.04
2021-03-01 15:00:00,593.95
2021-03-01 16:00:00,457.64
2021-03-01 17:00:00,261.0
2021-03-02 08:00:00,158.83
2021-03-02 09:00:00,366.45
2021-03-02 10:00:00,537.8
2021-03-02 11:00:00,648.89
2021-03-02 12:00:00,684.71
2021-03-02 13:00:00,607.43
2021-03-02 14:00:00,672.17
2021-03-02 15:00:00,625.1
2021-03-02 16:00:00,481.73
2021-03-02 17:00:00,300.15
2021-03-03 08:00:00,173.89
2021-03-03 09:00:00,371.75
2021-03-03 10:00:00,488.71
2021-03-03 11:00:00,649.97
2021-03-03 12:00:00,690.48
2021-03-03 13:00:00,714.49
2021-03-03 14:00:00,690.07
2021-03-03 15:00:00,572.18
2021-03-03 16:00:00,415.0
2021-03-03 17:00:00,231.95
2021-03-04 08:00:00,141.51
2021-03-04 09:00:00,317.28
2021-03-04 10:00:00,472.17
2021-03-04 11:00:00,649.97
2021-03-04 12:00:00,676.4
2021-03-04 13:00:00,689.37
2021-03-04 14:00:00,691.1
2021-03-04 15:00:00,565.41
2021-03-04 16:00:00,373.08
2021-03-04 17:00:00,197.41
2021-03-05 08:00:00,149.18
2021-03-05 09:00:00,346.23
2021-03-05 10:00:00,486.89
2021-03-05 11:00:00,609.29
2021-03-05 12:00:00,683.78
2021-03-05 13:00:00,703.6
2021-03-05 14:00:00,673.65
2021-03-05 15:00:00,580.71
2021-03-05 16:00:00,451.57
2021-03-05 17:00:00,275.32
2021-03-06 08:00:00,148.38
2021-03-06 09:00:00,255.91
2021-03-06 10:00:00,467.32
2021-03-06 11:00:00,529.33
2021-03-06 12:00:00,661.48
2021-03-06 13:00:00,633.1
2021-03-06 14:00:00,539.38
2021-03-06 15:00:00,566.35
2021-03-06 16:00:00,443.33
2021-03-06 17:00:00,266.73
2021-03-07 08:00:00,116.87
2021-03-07 09:00:00,215.41
2021-03-07 10:00:00,339.61
2021-03-07 11:00:00,353.46
2021-03-07 12:00:00,470.74
2021-03-07 13:00:00,564.42
2021-03-07 14:00:00,505.31
2021-03-07 15:00:00,398.16
2021-03-07 16:00:00,156.19
2021-03-07 17:00:00,58.68
2021-03-08 08:00:00,86.77
2021-03-08 09:00:00,208.84
2021-03-08 10:00:00,385.72
2021-03-08 11:00:00,552.12
2021-03-08 12:00:00,588.95
2021-03-08 13:00:00,543.84
2021-03-08 14:00:00,685.9
2021-03-08 15:00:00,581.91
2021-03-08 16:00:00,432.37
2021-03-08 17:00:00,273.81
2021-03-09 08:00:00,145.77
2021-03-09 09:00:00,352.1
2021-03-09 10:00:00,531.87
2021-03-09 11:00:00,678.6
2021-03-09 12:00:00,708.43
2021-03-09 13:00:00,700.03
2021-03-09 14:00:00,701.76
2021-03-09 15:00:00,609.94
2021-03-09 16:00:00,454.89
2021-03-09 17:00:00,228.3
2021-03-10 08:00:00,164.29
2021-03-10 09:00:00,369.32
2021-03-10 10:00:00,557.76
2021-03-10 11:00:00,666.82
2021-03-10 12:00:00,682.18
2021-03-10 13:00:00,701.14
2021-03-10 14:00:00,722.81
2021-03-10 15:00:00,619.14
2021-03-10 16:00:00,425.64
2021-03-10 17:00:00,258.36
2021-03-11 08:00:00,156.49
2021-03-11 09:00:00,346.08
2021-03-11 10:00:00,481.5
2021-03-11 11:00:00,648.05
2021-03-11 12:00:00,726.83
2021-03-11 13:00:00,747.91
2021-03-11 14:00:00,610.13
2021-03-11 15:00:00,580.06
2021-03-11 16:00:00,432.62
2021-03-11 17:00:00,228.61
2021-03-12 08:00:00,127.9
2021-03-12 09:00:00,229.45
2021-03-12 10:00:00,404.39
2021-03-12 11:00:00,444.64
2021-03-12 12:00:00,350.72
2021-03-12 13:00:00,358.11
2021-03-12 14:00:00,500.2
2021-03-12 15:00:00,298.96
2021-03-12 16:00:00,261.02
2021-03-12 17:00:00,147.2
2021-03-13 08:00:00,114.29
2021-03-13 09:00:00,261.2
2021-03-13 10:00:00,468.03
2021-03-13 11:00:00,567.92
2021-03-13 12:00:00,626.65
2021-03-13 13:00:00,653.34
2021-03-13 14:00:00,619.42
2021-03-13 15:00:00,549.28
2021-03-13 16:00:00,390.69
2021-03-13 17:00:00,232.17
2021-03-14 08:00:00,123.08
2021-03-14 09:00:00,289.14
2021-03-14 10:00:00,427.24
2021-03-14 11:00:00,548.06
2021-03-14 12:00:00,622.34
2021-03-14 13:00:00,674.87
2021-03-14 14:00:00,513.57
2021-03-14 15:00:00,484.14
2021-03-14 16:00:00,361.37
2021-03-14 17:00:00,219.03
2021-03-15 08:00:00,103.0
2021-03-15 09:00:00,195.73
2021-03-15 10:00:00,409.74
2021-03-15 11:00:00,591.92
2021-03-15 12:00:00,629.65
2021-03-15 13:00:00,677.78
2021-03-15 14:00:00,651.75
2021-03-15 15:00:00,497.84
2021-03-15 16:00:00,409.86
2021-03-15 17:00:00,231.62
2021-03-16 08:00:00,143.83
2021-03-16 09:00:00,318.97
2021-03-16 10:00:00,468.89
2021-03-16 11:00:00,522.53
2021-03-16 12:00:00,542.65
2021-03-16 13:00:00,542.28
2021-03-16 14:00:00,414.9
2021-03-16 15:00:00,316.71
2021-03-16 16:00:00,325.01
2021-03-16 17:00:00,188.39
2021-03-17 08:00:00,101.34
2021-03-17 09:00:00,278.71
2021-03-17 10:00:00,413.0
2021-03-17 11:00:00,501.77
2021-03-17 12:00:00,603.08
2021-03-17 13:00:00,602.21
2021-03-17 14:00:00,582.61
2021-03-17 15:00:00,503.65
2021-03-17 16:00:00,425.8
2021-03-17 17:00:00,230.36
2021-03-18 08:00:00,132.14
2021-03-18 09:00:00,297.3
2021-03-18 10:00:00,425.1
2021-03-18 11:00:00,539.23
2021-03-18 12:00:00,660.35
2021-03-18 13:00:00,643.5
2021-03-18 14:00:00,585.93
2021-03-18 15:00:00,409.56
2021-03-18 16:00:00,327.35
2021-03-18 17:00:00,180.16
2021-03-19 08:00:00,117.78
2021-03-19 09:00:00,307.5
2021-03-19 10:00:00,505.31
2021-03-19 11:00:00,548.42
2021-03-19 12:00:00,591.1
2021-03-19 13:00:00,532.74
2021-03-19 14:00:00,588.12
2021-03-19 15:00:00,512.11
2021-03-19 16:00:00,362.51
2021-03-19 17:00:00,140.91
2021-03-20 08:00:00,120.86
2021-03-20 09:00:00,250.41
2021-03-20 10:00:00,350.52
2021-03-20 11:00:00,515.14
2021-03-20 12:00:00,557.79
2021-03-20 13:00:00,556.1
2021-03-20 14:00:00,609.59
2021-03-20 15:00:00,500.17
2021-03-20 16:00:00,393.76
2021-03-20 17:00:00,206.8
2021-03-21 08:00:00,125.83
2021-03-21 09:00:00,374.63
2021-03-21 10:00:00,418.38
2021-03-21 11:00:00,626.51
2021-03-21 12:00:00,651.47
2021-03-21 13:00:00,649.5
2021-03-21 14:00:00,638.55
2021-03-21 15:00:00,556.94
2021-03-21 16:00:00,422.36
2021-03-21 17:00:00,236.71
2021-03-22 08:00:00,73.91
2021-03-22 09:00:00,189.08
2021-03-22 10:00:00,420.87
2021-03-22 11:00:00,531.61
2021-03-22 12:00:00,614.85
2021-03-22 13:00:00,624.51
2021-03-22 14:00:00,610.13
2021-03-22 15:00:00,548.85
2021-03-22 16:00:00,396.64
2021-03-22 17:00:00,188.96
2021-03-23 08:00:00,165.32
2021-03-23 09:00:00,283.93
2021-03-23 10:00:00,421.44
2021-03-23 11:00:00,576.6
2021-03-23 12:00:00,579.97
2021-03-23 13:00:00,576.5
2021-03-23 14:00:00,417.54
2021-03-23 15:00:00,269.66
2021-03-23 16:00:00,212.66
2021-03-23 17:00:00,134.27
2021-03-24 08:00:00,58.8
2021-03-24 09:00:00,189.66
2021-03-24 10:00:00,300.51
2021-03-24 11:00:00,447.84
2021-03-24 12:00:00,505.89
2021-03-24 13:00:00,491.74
2021-03-24 14:00:00,410.64
2021-03-24 15:00:00,335.17
2021-03-24 16:00:00,224.67
2021-03-24 17:00:00,78.3
2021-03-25 08:00:00,44.11
2021-03-25 09:00:00,229.33
2021-03-25 10:00:00,404.64
2021-03-25 11:00:00,423.53
2021-03-25 12:00:00,460.61
2021-03-25 13:00:00,421.37
2021-03-25 14:00:00,214.75
2021-03-25 15:00:00,134.32
2021-03-25 16:00:00,123.39
2021-03-25 17:00:00,50.0
2021-03-26 08:00:00,111.71
2021-03-26 09:00:00,252.55
2021-03-26 10:00:00,332.42
2021-03-26 11:00:00,404.7
2021-03-26 12:00:00,401.02
2021-03-26 13:00:00,509.73
2021-03-26 14:00:00,663.74
2021-03-26 15:00:00,558.25
2021-03-26 16:00:00,377.1
2021-03-26 17:00:00,235.15
2021-03-27 08:00:00,70.7
2021-03-27 09:00:00,197.01
2021-03-27 10:00:00,376.15
2021-03-27 11:00:00,564.78
2021-03-27 12:00:00,639.46
2021-03-27 13:00:00,636.76
2021-03-27 14:00:00,383.63
2021-03-27 15:00:00,242.14
2021-03-27 16:00:00,114.71
2021-03-27 17:00:00,73.48
2021-03-28 08:00:00,141.6
2021-03-28 09:00:00,346.97
2021-03-28 10:00:00,501.94
2021-03-28 11:00:00,591.37
2021-03-28 12:00:00,644.17
2021-03-28 13:00:00,641.43
2021-03-28 14:00:00,514.09
2021-03-28 15:00:00,498.07
2021-03-28 16:00:00,370.05
2021-03-28 17:00:00,210.23
2021-03-29 08:00:00,158.74
2021-03-29 09:00:00,330.48
2021-03-29 10:00:00,471.01
2021-03-29 11:00:00,420.06
2021-03-29 12:00:00,629.72
2021-03-29 13:00:00,629.78
2021-03-29 14:00:00,564.39
2021-03-29 15:00:00,451.93
2021-03-29 16:00:00,337.02
2021-03-29 17:00:00,185.34
2021-03-30 08:00:00,153.71
2021-03-30 09:00:00,349.89
2021-03-30 10:00:00,499.64
2021-03-30 11:00:00,629.6
2021-03-30 12:00:00,673.06
2021-03-30 13:00:00,646.43
2021-03-30 14:00:00,562.6
2021-03-30 15:00:00,535.89
2021-03-30 16:00:00,394.93
2021-03-30 17:00:00,218.89
2021-03-31 08:00:00,95.61
2021-03-31 09:00:00,273.85
2021-03-31 10:00:00,480.02
2021-03-31 11:00:00,587.82
2021-03-31 12:00:00,663.57
2021-03-31 13:00:00,675.17
2021-03-31 14:00:00,552.78
2021-03-31 15:00:00,543.79
2021-03-31 16:00:00,414.6
2021-03-31 17:00:00,233.39
2021-04-01 08:00:00,106.71
2021-04-01 09:00:00,257.77
2021-04-01 10:00:00,466.95
2021-04-01 11:00:00,645.25
2021-04-01 12:00:00,681.44
2021-04-01 13:00:00,692.27
2021-04-01 14:00:00,467.3
2021-04-01 15:00:00,396.7
2021-04-01 16:00:00,231.86
2021-04-01 17:00:00,168.44
2021-04-02 08:00:00,162.53
2021-04-02 09:00:00,357.95
2021-04-02 10:00:00,509.19
2021-04-02 11:00:00,609.61
2021-04-02 12:00:00,654.8
2021-04-02 13:00:00,559.34
2021-04-02 14:00:00,563.19
2021-04-02 15:00:00,427.36
2021-04-02 16:00:00,332.17
2021-04-02 17:00:00,156.6
2021-04-03 08:00:00,45.5
2021-04-03 09:00:00,116.93
2021-04-03 10:00:00,213.26
2021-04-03 11:00:00,270.03
2021-04-03 12:00:00,500.43
2021-04-03 13:00:00,600.67
2021-04-03 14:00:00,553.83
2021-04-03 15:00:00,493.66
2021-04-03 16:00:00,381.14
2021-04-03 17:00:00,203.03
2021-04-04 08:00:00,58.11
2021-04-04 09:00:00,175.43
2021-04-04 10:00:00,393.1
2021-04-04 11:00:00,574.06
2021-04-04 12:00:00,642.18
2021-04-04 13:00:00,656.61
2021-04-04 14:00:00,547.23
2021-04-04 15:00:00,377.48
2021-04-04 16:00:00,252.51
2021-04-04 17:00:00,107.05
2021-04-05 08:00:00,124.01
2021-04-05 09:00:00,263.95
2021-04-05 10:00:00,440.83
2021-04-05 11:00:00,627.58
2021-04-05 12:00:00,684.7
2021-04-05 13:00:00,646.67
2021-04-05 14:00:00,482.86
2021-04-05 15:00:00,345.53
2021-04-05 16:00:00,220.22
2021-04-05 17:00:00,110.74
2021-04-06 08:00:00,167.9
2021-04-06 09:00:00,344.1
2021-04-06 10:00:00,498.92
2021-04-06 11:00:00,603.07
2021-04-06 12:00:00,650.81
2021-04-06 13:00:00,611.71
2021-04-06 14:00:00,611.1
2021-04-06 15:00:00,447.72
2021-04-06 16:00:00,312.29
2021-04-06 17:00:00,183.69
2021-04-07 08:00:00,171.26
2021-04-07 09:00:00,334.01
2021-04-07 10:00:00,490.11
2021-04-07 11:00:00,601.06
2021-04-07 12:00:00,656.69
2021-04-07 13:00:00,667.88
2021-04-07 14:00:00,626.74
2021-04-07 15:00:00,550.8
2021-04-07 16:00:00,375.07
2021-04-07 17:00:00,190.97
2021-04-08 08:00:00,124.72
2021-04-08 09:00:00,283.0
2021-04-08 10:00:00,406.52
2021-04-08 11:00:00,479.51
2021-04-08 12:00:00,502.16
2021-04-08 13:00:00,515.18
2021-04-08 14:00:00,563.81
2021-04-08 15:00:00,475.96
2021-04-08 16:00:00,349.96
2021-04-08 17:00:00,195.67
2021-04-09 08:00:00,128.07
2021-04-09 09:00:00,266.67
2021-04-09 10:00:00,473.94
2021-04-09 11:00:00,521.29
2021-04-09 12:00:00,628.04
2021-04-09 13:00:00,609.89
2021-04-09 14:00:00,558.68
2021-04-09 15:00:00,508.98
2021-04-09 16:00:00,389.38
2021-04-09 17:00:00,173.29
2021-04-10 08:00:00,160.35
2021-04-10 09:00:00,328.56
2021-04-10 10:00:00,470.88
2021-04-10 11:00:00,557.73
2021-04-10 12:00:00,579.26
2021-04-10 13:00:00,619.06
2021-04-10 14:00:00,602.7
2021-04-10 15:00:00,471.02
2021-04-10 16:00:00,372.08
2021-04-10 17:00:00,198.6
2021-04-11 08:00:00,166.21
2021-04-11 09:00:00,326.35
2021-04-11 10:00:00,405.62
2021-04-11 11:00:00,531.32
2021-04-11 12:00:00,529.59
2021-04-11 13:00:00,577.79
2021-04-11 14:00:00,556.49
2021-04-11 15:00:00,471.5
2021-04-11 16:00:00,370.26
2021-04-11 17:00:00,197.69
2021-04-12 08:00:00,136.12
2021-04-12 09:00:00,289.33
2021-04-12 10:00:00,370.26
2021-04-12 11:00:00,489.01
2021-04-12 12:00:00,466.08
2021-04-12 13:00:00,575.18
2021-04-12 14:00:00,565.57
2021-04-12 15:00:00,419.96
2021-04-12 16:00:00,348.05
2021-04-12 17:00:00,206.7
2021-04-13 08:00:00,168.92
2021-04-13 09:00:00,295.25
2021-04-13 10:00:00,499.58
2021-04-13 11:00:00,594.94
2021-04-13 12:00:00,634.01
2021-04-13 13:00:00,632.42
2021-04-13 14:00:00,529.98
2021-04-13 15:00:00,475.53
2021-04-13 16:00:00,352.96
2021-04-13 17:00:00,197.16
2021-04-14 08:00:00,175.74
2021-04-14 09:00:00,327.92
2021-04-14 10:00:00,413.33
2021-04-14 11:00:00,577.38
2021-04-14 12:00:00,615.02
2021-04-14 13:00:00,599.91
2021-04-14 14:00:00,591.0
2021-04-14 15:00:00,498.62
2021-04-14 16:00:00,329.85
2021-04-14 17:00:00,173.79
2021-04-15 08:00:00,90.93
2021-04-15 09:00:00,256.77
2021-04-15 10:00:00,362.92
2021-04-15 11:00:00,467.46
2021-04-15 12:00:00,577.25
2021-04-15 13:00:00,508.79
2021-04-15 14:00:00,542.79
2021-04-15 15:00:00,417.03
2021-04-15 16:00:00,234.72
2021-04-15 17:00:00,112.55
2021-04-16 08:00:00,97.04
2021-04-16 09:00:00,274.11
2021-04-16 10:00:00,396.21
2021-04-16 11:00:00,564.06
2021-04-16 12:00:00,532.98
2021-04-16 13:00:00,560.92
2021-04-16 14:00:00,551.8
2021-04-16 15:00:00,465.52
2021-04-16 16:00:00,271.04
2021-04-16 17:00:00,124.59
2021-04-17 08:00:00,44.72
2021-04-17 09:00:00,157.11
2021-04-17 10:00:00,261.52
2021-04-17 11:00:00,363.98
2021-04-17 12:00:00,464.05
2021-04-17 13:00:00,411.98
2021-04-17 14:00:00,256.5
2021-04-17 15:00:00,105.46
2021-04-17 16:00:00,40.58
2021-04-17 17:00:00,15.9
2021-04-18 08:00:00,160.39
2021-04-18 09:00:00,384.95
2021-04-18 10:00:00,526.2
2021-04-18 11:00:00,633.15
2021-04-18 12:00:00,652.57
2021-04-18 13:00:00,682.9
2021-04-18 14:00:00,622.95
2021-04-18 15:00:00,497.62
2021-04-18 16:00:00,344.99
2021-04-18 17:00:00,189.17
2021-04-19 08:00:00,164.63
2021-04-19 09:00:00,335.29
2021-04-19 10:00:00,435.69
2021-04-19 11:00:00,535.43
2021-04-19 12:00:00,551.45
2021-04-19 13:00:00,615.08
2021-04-19 14:00:00,552.88
2021-04-19 15:00:00,455.75
2021-04-19 16:00:00,390.1
2021-04-19 17:00:00,187.94
2021-04-20 08:00:00,149.18
2021-04-20 09:00:00,279.6
2021-04-20 10:00:00,468.72
2021-04-20 11:00:00,536.55
2021-04-20 12:00:00,602.96
2021-04-20 13:00:00,563.55
2021-04-20 14:00:00,630.88
2021-04-20 15:00:00,482.97
2021-04-20 16:00:00,381.25
2021-04-20 17:00:00,187.71
2021-04-21 08:00:00,108.03
2021-04-21 09:00:00,340.4
2021-04-21 10:00:00,473.87
2021-04-21 11:00:00,557.3
2021-04-21 12:00:00,614.05
2021-04-21 13:00:00,630.77
2021-04-21 14:00:00,574.88
2021-04-21 15:00:00,464.68
2021-04-21 16:00:00,325.51
2021-04-21 17:00:00,136.45
2021-04-22 08:00:00,49.76
2021-04-22 09:00:00,94.82
2021-04-22 10:00:00,194.71
2021-04-22 11:00:00,335.0
2021-04-22 12:00:00,407.82
2021-04-22 13:00:00,516.37
2021-04-22 14:00:00,340.59
2021-04-22 15:00:00,236.12
2021-04-22 16:00:00,252.78
2021-04-22 17:00:00,140.4
2021-04-23 08:00:00,86.81
2021-04-23 09:00:00,187.72
2021-04-23 10:00:00,309.24
2021-04-23 11:00:00,477.44
2021-04-23 12:00:00,626.67
2021-04-23 13:00:00,651.82
2021-04-23 14:00:00,583.53
2021-04-23 15:00:00,514.71
2021-04-23 16:00:00,342.08
2021-04-23 17:00:00,138.34
2021-04-24 08:00:00,123.6
2021-04-24 09:00:00,189.22
2021-04-24 10:00:00,281.2
2021-04-24 11:00:00,300.1
2021-04-24 12:00:00,376.27
2021-04-24 13:00:00,407.76
2021-04-24 14:00:00,19.67
2021-04-24 15:00:00,74.12
2021-04-24 16:00:00,76.48
2021-04-24 17:00:00,70.71
2021-04-25 08:00:00,133.77
2021-04-25 09:00:00,267.07
2021-04-25 10:00:00,431.04
2021-04-25 11:00:00,579.44
2021-04-25 12:00:00,668.76
2021-04-25 13:00:00,672.3
2021-04-25 14:00:00,615.51
2021-04-25 15:00:00,531.04
2021-04-25 16:00:00,366.46
2021-04-25 17:00:00,173.9
2021-04-26 08:00:00,159.85
2021-04-26 09:00:00,304.35
2021-04-26 10:00:00,376.58
2021-04-26 11:00:00,519.9
2021-04-26 12:00:00,579.7
2021-04-26 13:00:00,595.81
2021-04-26 14:00:00,531.1
2021-04-26 15:00:00,445.97
2021-04-26 16:00:00,313.35
2021-04-26 17:00:00,140.5
2021-04-27 08:00:00,109.19
2021-04-27 09:00:00,233.61
2021-04-27 10:00:00,426.78
2021-04-27 11:00:00,510.95
2021-04-27 12:00:00,542.5
2021-04-27 13:00:00,500.49
2021-04-27 14:00:00,491.66
2021-04-27 15:00:00,379.74
2021-04-27 16:00:00,243.51
2021-04-27 17:00:00,136.21
2021-04-28 08:00:00,117.33
2021-04-28 09:00:00,281.63
2021-04-28 10:00:00,399.03
2021-04-28 11:00:00,517.85
2021-04-28 12:00:00,567.46
2021-04-28 13:00:00,590.58
2021-04-28 14:00:00,555.71
2021-04-28 15:00:00,408.44
2021-04-28 16:00:00,267.37
2021-04-28 17:00:00,132.12
2021-04-29 08:00:00,159.73
2021-04-29 09:00:00,248.45
2021-04-29 10:00:00,339.5
2021-04-29 11:00:00,421.11
2021-04-29 12:00:00,478.57
2021-04-29 13:00:00,580.07
2021-04-29 14:00:00,561.26
2021-04-29 15:00:00,412.77
2021-04-29 16:00:00,292.94
2021-04-29 17:00:00,149.03
2021-04-30 08:00:00,114.88
2021-04-30 09:00:00,223.37
2021-04-30 10:00:00,444.34
2021-04-30 11:00:00,528.4
2021-04-30 12:00:00,487.66
2021-04-30 13:00:00,466.39
2021-04-30 14:00:00,408.38
2021-04-30 15:00:00,369.71
2021-04-30 16:00:00,225.08
2021-04-30 17:00:00,146.58
2021-05-01 08:00:00,162.46
2021-05-01 09:00:00,279.33
2021-05-01 10:00:00,438.66
2021-05-01 11:00:00,588.59
2021-05-01 12:00:00,588.86
2021-05-01 13:00:00,557.8
2021-05-01 14:00:00,514.89
2021-05-01 15:00:00,455.83
2021-05-01 16:00:00,304.54
2021-05-01 17:00:00,134.23
2021-05-02 08:00:00,168.23
2021-05-02 09:00:00,346.56
2021-05-02 10:00:00,476.07
2021-05-02 11:00:00,585.12
2021-05-02 12:00:00,633.87
2021-05-02 13:00:00,588.4
2021-05-02 14:00:00,544.45
2021-05-02 15:00:00,461.49
2021-05-02 16:00:00,325.99
2021-05-02 17:00:00,131.55
2021-05-03 08:00:00,146.5
2021-05-03 09:00:00,315.8
2021-05-03 10:00:00,460.87
2021-05-03 11:00:00,567.19
2021-05-03 12:00:00,591.67
2021-05-03 13:00:00,631.35
2021-05-03 14:00:00,360.62
2021-05-03 15:00:00,370.27
2021-05-03 16:00:00,234.84
2021-05-03 17:00:00,104.01
2021-05-04 08:00:00,152.47
2021-05-04 09:00:00,302.93
2021-05-04 10:00:00,449.55
2021-05-04 11:00:00,539.73
2021-05-04 12:00:00,541.44
2021-05-04 13:00:00,536.01
2021-05-04 14:00:00,490.38
2021-05-04 15:00:00,369.51
2021-05-04 16:00:00,263.56
2021-05-04 17:00:00,135.51
2021-05-05 08:00:00,94.82
2021-05-05 09:00:00,260.79
2021-05-05 10:00:00,347.31
2021-05-05 11:00:00,466.93
2021-05-05 12:00:00,512.3
2021-05-05 13:00:00,460.3
2021-05-05 14:00:00,362.45
2021-05-05 15:00:00,309.31
2021-05-05 16:00:00,156.74
2021-05-05 17:00:00,89.84
2021-05-06 08:00:00,89.81
2021-05-06 09:00:00,179.76
2021-05-06 10:00:00,275.87
2021-05-06 11:00:00,321.94
2021-05-06 12:00:00,276.71
2021-05-06 13:00:00,421.6
2021-05-06 14:00:00,153.55
2021-05-06 15:00:00,110.46
2021-05-06 16:00:00,119.01
2021-05-06 17:00:00,98.31
2021-05-07 08:00:00,135.36
2021-05-07 09:00:00,120.62
2021-05-07 10:00:00,194.9
2021-05-07 11:00:00,309.52
2021-05-07 12:00:00,448.29
2021-05-07 13:00:00,477.19
2021-05-07 14:00:00,465.63
2021-05-07 15:00:00,375.03
2021-05-07 16:00:00,213.34
2021-05-07 17:00:00,116.27
2021-05-08 08:00:00,95.28
2021-05-08 09:00:00,137.3
2021-05-08 10:00:00,303.72
2021-05-08 11:00:00,341.09
2021-05-08 12:00:00,349.77
2021-05-08 13:00:00,522.19
2021-05-08 14:00:00,333.02
2021-05-08 15:00:00,323.35
2021-05-08 16:00:00,144.56
2021-05-08 17:00:00,64.44
2021-05-09 08:00:00,168.3
2021-05-09 09:00:00,330.76
2021-05-09 10:00:00,423.91
2021-05-09 11:00:00,458.36
2021-05-09 12:00:00,463.04
2021-05-09 13:00:00,529.25
2021-05-09 14:00:00,434.01
2021-05-09 15:00:00,403.61
2021-05-09 16:00:00,272.37
2021-05-09 17:00:00,165.76
2021-05-10 08:00:00,153.63
2021-05-10 09:00:00,322.23
2021-05-10 10:00:00,468.87
2021-05-10 11:00:00,559.55
2021-05-10 12:00:00,625.08
2021-05-10 13:00:00,576.73
2021-05-10 14:00:00,548.39
2021-05-10 15:00:00,446.67
2021-05-10 16:00:00,303.94
2021-05-10 17:00:00,152.93
2021-05-11 08:00:00,118.8
2021-05-11 09:00:00,276.3
2021-05-11 10:00:00,408.92
2021-05-11 11:00:00,448.69
2021-05-11 12:00:00,519.86
2021-05-11 13:00:00,490.98
2021-05-11 14:00:00,472.18
2021-05-11 15:00:00,406.19
2021-05-11 16:00:00,253.13
2021-05-11 17:00:00,132.05
2021-05-12 08:00:00,50.75
2021-05-12 09:00:00,75.84
2021-05-12 10:00:00,176.23
2021-05-12 11:00:00,348.27
2021-05-12 12:00:00,379.53
2021-05-12 13:00:00,404.9
2021-05-12 14:00:00,142.37
2021-05-12 15:00:00,180.02
2021-05-12 16:00:00,135.77
2021-05-12 17:00:00,75.76
2021-05-13 08:00:00,137.46
2021-05-13 09:00:00,290.2
2021-05-13 10:00:00,413.8
2021-05-13 11:00:00,498.09
2021-05-13 12:00:00,540.47
2021-05-13 13:00:00,546.33
2021-05-13 14:00:00,543.77
2021-05-13 15:00:00,413.64
2021-05-13 16:00:00,234.88
2021-05-13 17:00:00,135.49
2021-05-14 08:00:00,53.58
2021-05-14 09:00:00,90.99
2021-05-14 10:00:00,196.25
2021-05-14 11:00:00,202.73
2021-05-14 12:00:00,301.87
2021-05-14 13:00:00,309.56
2021-05-14 14:00:00,345.9
2021-05-14 15:00:00,229.73
2021-05-14 16:00:00,213.37
2021-05-14 17:00:00,101.91
2021-05-15 08:00:00,99.68
2021-05-15 09:00:00,258.54
2021-05-15 10:00:00,313.2
2021-05-15 11:00:00,476.09
2021-05-15 12:00:00,333.46
2021-05-15 13:00:00,349.28
2021-05-15 14:00:00,368.24
2021-05-15 15:00:00,415.88
2021-05-15 16:00:00,269.8
2021-05-15 17:00:00,129.31
2021-05-16 08:00:00,121.64
2021-05-16 09:00:00,246.34
2021-05-16 10:00:00,368.55
2021-05-16 11:00:00,480.64
2021-05-16 12:00:00,573.48
2021-05-16 13:00:00,493.24
2021-05-16 14:00:00,412.83
2021-05-16 15:00:00,382.09
2021-05-16 16:00:00,315.36
2021-05-16 17:00:00,139.53
2021-05-17 08:00:00,121.27
2021-05-17 09:00:00,263.36
2021-05-17 10:00:00,381.37
2021-05-17 11:00:00,388.76
2021-05-17 12:00:00,410.94
2021-05-17 13:00:00,396.62
2021-05-17 14:00:00,246.73
2021-05-17 15:00:00,247.64
2021-05-17 16:00:00,143.39
2021-05-17 17:00:00,84.25
2021-05-18 08:00:00,57.64
2021-05-18 09:00:00,107.61
2021-05-18 10:00:00,177.39
2021-05-18 11:00:00,178.79
2021-05-18 12:00:00,97.62
2021-05-18 13:00:00,197.68
2021-05-18 14:00:00,79.18
2021-05-18 15:00:00,73.34
2021-05-18 16:00:00,72.27
2021-05-18 17:00:00,60.01
2021-05-19 08:00:00,22.76
2021-05-19 09:00:00,65.27
2021-05-19 10:00:00,133.25
2021-05-19 11:00:00,266.36
2021-05-19 12:00:00,274.09
2021-05-19 13:00:00,193.25
2021-05-19 14:00:00,439.87
2021-05-19 15:00:00,339.83
2021-05-19 16:00:00,149.21
2021-05-19 17:00:00,61.9
2021-05-20 08:00:00,108.59
2021-05-20 09:00:00,233.39
2021-05-20 10:00:00,291.35
2021-05-20 11:00:00,425.87
2021-05-20 12:00:00,520.43
2021-05-20 13:00:00,454.43
2021-05-20 14:00:00,480.76
2021-05-20 15:00:00,314.55
2021-05-20 16:00:00,225.49
2021-05-20 17:00:00,128.29
2021-05-21 08:00:00,124.12
2021-05-21 09:00:00,269.4
2021-05-21 10:00:00,405.56
2021-05-21 11:00:00,441.9
2021-05-21 12:00:00,455.11
2021-05-21 13:00:00,410.44
2021-05-21 14:00:00,308.97
2021-05-21 15:00:00,309.96
2021-05-21 16:00:00,260.74
2021-05-21 17:00:00,101.0
2021-05-22 08:00:00,70.6
2021-05-22 09:00:00,191.48
2021-05-22 10:00:00,333.27
2021-05-22 11:00:00,235.18
2021-05-22 12:00:00,233.39
2021-05-22 13:00:00,204.45
2021-05-22 14:00:00,337.91
2021-05-22 15:00:00,183.72
2021-05-22 16:00:00,129.16
2021-05-22 17:00:00,31.91
2021-05-23 08:00:00,120.77
2021-05-23 09:00:00,220.29
2021-05-23 10:00:00,407.81
2021-05-23 11:00:00,599.29
2021-05-23 12:00:00,621.93
2021-05-23 13:00:00,623.98
2021-05-23 14:00:00,547.18
2021-05-23 15:00:00,472.97
2021-05-23 16:00:00,327.97
2021-05-23 17:00:00,156.98
2021-05-24 08:00:00,140.94
2021-05-24 09:00:00,310.16
2021-05-24 10:00:00,462.56
2021-05-24 11:00:00,522.76
2021-05-24 12:00:00,579.61
2021-05-24 13:00:00,556.97
2021-05-24 14:00:00,522.17
2021-05-24 15:00:00,419.22
2021-05-24 16:00:00,284.12
2021-05-24 17:00:00,146.95
2021-05-25 08:00:00,149.03
2021-05-25 09:00:00,323.88
2021-05-25 10:00:00,468.83
2021-05-25 11:00:00,568.59
2021-05-25 12:00:00,615.48
2021-05-25 13:00:00,566.48
2021-05-25 14:00:00,537.92
2021-05-25 15:00:00,412.12
2021-05-25 16:00:00,263.37
2021-05-25 17:00:00,134.11
2021-05-26 08:00:00,135.23
2021-05-26 09:00:00,248.04
2021-05-26 10:00:00,397.31
2021-05-26 11:00:00,518.54
2021-05-26 12:00:00,556.85
2021-05-26 13:00:00,548.53
2021-05-26 14:00:00,512.96
2021-05-26 15:00:00,421.57
2021-05-26 16:00:00,268.05
2021-05-26 17:00:00,124.13
2021-05-27 08:00:00,134.13
2021-05-27 09:00:00,273.55
2021-05-27 10:00:00,450.26
2021-05-27 11:00:00,523.53
2021-05-27 12:00:00,515.0
2021-05-27 13:00:00,547.33
2021-05-27 14:00:00,484.78
2021-05-27 15:00:00,387.06
2021-05-27 16:00:00,241.98
2021-05-27 17:00:00,131.87
2021-05-28 08:00:00,116.28
2021-05-28 09:00:00,275.39
2021-05-28 10:00:00,414.4
2021-05-28 11:00:00,506.03
2021-05-28 12:00:00,542.75
2021-05-28 13:00:00,523.46
2021-05-28 14:00:00,560.4
2021-05-28 15:00:00,372.37
2021-05-28 16:00:00,267.69
2021-05-28 17:00:00,137.35
2021-05-29 08:00:00,93.45
2021-05-29 09:00:00,245.82
2021-05-29 10:00:00,311.61
2021-05-29 11:00:00,423.41
2021-05-29 12:00:00,397.26
2021-05-29 13:00:00,438.31
2021-05-29 14:00:00,226.19
2021-05-29 15:00:00,205.5
2021-05-29 16:00:00,169.37
2021-05-29 17:00:00,101.65
2021-05-30 08:00:00,76.4
2021-05-30 09:00:00,187.54
2021-05-30 10:00:00,403.74
2021-05-30 11:00:00,490.15
2021-05-30 12:00:00,466.85
2021-05-30 13:00:00,556.08
2021-05-30 14:00:00,537.97
2021-05-30 15:00:00,377.37
2021-05-30 16:00:00,270.08
2021-05-30 17:00:00,127.22
2021-05-31 08:00:00,137.07
2021-05-31 09:00:00,260.88
2021-05-31 10:00:00,422.09
2021-05-31 11:00:00,518.24
2021-05-31 12:00:00,532.24
2021-05-31 13:00:00,518.61
2021-05-31 14:00:00,496.91
2021-05-31 15:00:00,355.43
2021-05-31 16:00:00,255.62
2021-05-31 17:00:00,113.32
2021-06-01 08:00:00,127.1
2021-06-01 09:00:00,269.62
2021-06-01 10:00:00,441.55
2021-06-01 11:00:00,542.39
2021-06-01 12:00:00,547.51
2021-06-01 13:00:00,525.17
2021-06-01 14:00:00,443.93
2021-06-01 15:00:00,408.07
2021-06-01 16:00:00,259.42
2021-06-01 17:00:00,143.59
2021-06-02 08:00:00,119.0
2021-06-02 09:00:00,278.2
2021-06-02 10:00:00,412.83
2021-06-02 11:00:00,464.62
2021-06-02 12:00:00,444.56
2021-06-02 13:00:00,460.32
2021-06-02 14:00:00,460.95
2021-06-02 15:00:00,368.49
2021-06-02 16:00:00,193.05
2021-06-02 17:00:00,99.32
2021-06-03 08:00:00,100.36
2021-06-03 09:00:00,222.8
2021-06-03 10:00:00,351.9
2021-06-03 11:00:00,476.79
2021-06-03 12:00:00,554.27
2021-06-03 13:00:00,511.99
2021-06-03 14:00:00,492.79
2021-06-03 15:00:00,359.53
2021-06-03 16:00:00,243.08
2021-06-03 17:00:00,130.11
2021-06-04 08:00:00,104.82
2021-06-04 09:00:00,220.75
2021-06-04 10:00:00,361.46
2021-06-04 11:00:00,433.4
2021-06-04 12:00:00,496.32
2021-06-04 13:00:00,467.06
2021-06-04 14:00:00,437.69
2021-06-04 15:00:00,395.65
2021-06-04 16:00:00,239.16
2021-06-04 17:00:00,103.69
2021-06-05 08:00:00,109.08
2021-06-05 09:00:00,244.36
2021-06-05 10:00:00,367.56
2021-06-05 11:00:00,449.3
2021-06-05 12:00:00,526.98
2021-06-05 13:00:00,563.4
2021-06-05 14:00:00,470.3
2021-06-05 15:00:00,362.32
2021-06-05 16:00:00,253.4
2021-06-05 17:00:00,139.46
2021-06-06 08:00:00,122.63
2021-06-06 09:00:00,300.73
2021-06-06 10:00:00,437.89
2021-06-06 11:00:00,502.19
2021-06-06 12:00:00,561.51
2021-06-06 13:00:00,556.41
2021-06-06 14:00:00,532.33
2021-06-06 15:00:00,426.1
2021-06-06 16:00:00,311.78
2021-06-06 17:00:00,154.5
2021-06-07 08:00:00,122.71
2021-06-07 09:00:00,270.23
2021-06-07 10:00:00,345.53
2021-06-07 11:00:00,450.96
2021-06-07 12:00:00,542.32
2021-06-07 13:00:00,543.07
2021-06-07 14:00:00,534.83
2021-06-07 15:00:00,331.19
2021-06-07 16:00:00,262.45
2021-06-07 17:00:00,123.0
2021-06-08 08:00:00,112.97
2021-06-08 09:00:00,273.02
2021-06-08 10:00:00,439.03
2021-06-08 11:00:00,438.72
2021-06-08 12:00:00,577.53
2021-06-08 13:00:00,516.76
2021-06-08 14:00:00,464.2
2021-06-08 15:00:00,381.54
2021-06-08 16:00:00,260.53
2021-06-08 17:00:00,124.29
2021-06-09 08:00:00,117.83
2021-06-09 09:00:00,262.24
2021-06-09 10:00:00,295.96
2021-06-09 11:00:00,415.75
2021-06-09 12:00:00,412.95
2021-06-09 13:00:00,291.81
2021-06-09 14:00:00,377.83
2021-06-09 15:00:00,310.09
2021-06-09 16:00:00,256.82
2021-06-09 17:00:00,137.57
2021-06-10 08:00:00,133.61
2021-06-10 09:00:00,292.77
2021-06-10 10:00:00,441.85
2021-06-10 11:00:00,533.51
2021-06-10 12:00:00,578.0
2021-06-10 13:00:00,574.13
2021-06-10 14:00:00,440.39
2021-06-10 15:00:00,341.45
2021-06-10 16:00:00,268.92
2021-06-10 17:00:00,149.32
2021-06-11 08:00:00,59.23
2021-06-11 09:00:00,211.75
2021-06-11 10:00:00,256.1
2021-06-11 11:00:00,271.89
2021-06-11 12:00:00,270.9
2021-06-11 13:00:00,379.3
2021-06-11 14:00:00,493.93
2021-06-11 15:00:00,312.63
2021-06-11 16:00:00,162.77
2021-06-11 17:00:00,81.51
2021-06-12 08:00:00,86.63
2021-06-12 09:00:00,211.1
2021-06-12 10:00:00,358.49
2021-06-12 11:00:00,510.94
2021-06-12 12:00:00,495.68
2021-06-12 13:00:00,511.78
2021-06-12 14:00:00,501.44
2021-06-12 15:00:00,445.55
2021-06-12 16:00:00,245.54
2021-06-12 17:00:00,140.08
2021-06-13 08:00:00,83.85
2021-06-13 09:00:00,177.24
2021-06-13 10:00:00,327.62
2021-06-13 11:00:00,461.01
2021-06-13 12:00:00,492.19
2021-06-13 13:00:00,483.7
2021-06-13 14:00:00,327.84
2021-06-13 15:00:00,373.01
2021-06-13 16:00:00,269.91
2021-06-13 17:00:00,153.11
2021-06-14 08:00:00,112.81
2021-06-14 09:00:00,236.35
2021-06-14 10:00:00,338.89
2021-06-14 11:00:00,416.7
2021-06-14 12:00:00,409.58
2021-06-14 13:00:00,441.58
2021-06-14 14:00:00,484.53
2021-06-14 15:00:00,416.98
2021-06-14 16:00:00,262.59
2021-06-14 17:00:00,131.67
2021-06-15 08:00:00,111.72
2021-06-15 09:00:00,293.4
2021-06-15 10:00:00,426.15
2021-06-15 11:00:00,494.72
2021-06-15 12:00:00,583.12
2021-06-15 13:00:00,532.06
2021-06-15 14:00:00,450.13
2021-06-15 15:00:00,330.49
2021-06-15 16:00:00,264.1
2021-06-15 17:00:00,134.0
2021-06-16 08:00:00,102.67
2021-06-16 09:00:00,268.38
2021-06-16 10:00:00,374.88
2021-06-16 11:00:00,414.05
2021-06-16 12:00:00,516.63
2021-06-16 13:00:00,533.34
2021-06-16 14:00:00,459.91
2021-06-16 15:00:00,393.89
2021-06-16 16:00:00,297.32
2021-06-16 17:00:00,147.38
2021-06-17 08:00:00,97.98
2021-06-17 09:00:00,222.24
2021-06-17 10:00:00,330.39
2021-06-17 11:00:00,434.73
2021-06-17 12:00:00,544.12
2021-06-17 13:00:00,573.07
2021-06-17 14:00:00,529.38
2021-06-17 15:00:00,451.24
2021-06-17 16:00:00,295.67
2021-06-17 17:00:00,135.81
2021-06-18 08:00:00,36.45
2021-06-18 09:00:00,102.6
2021-06-18 10:00:00,293.39
2021-06-18 11:00:00,243.18
2021-06-18 12:00:00,329.38
2021-06-18 13:00:00,410.7
2021-06-18 14:00:00,183.99
2021-06-18 15:00:00,150.03
2021-06-18 16:00:00,126.63
2021-06-18 17:00:00,86.03
2021-06-19 08:00:00,77.62
2021-06-19 09:00:00,232.08
2021-06-19 10:00:00,304.28
2021-06-19 11:00:00,384.39
2021-06-19 12:00:00,450.98
2021-06-19 13:00:00,304.5
2021-06-19 14:00:00,294.73
2021-06-19 15:00:00,245.93
2021-06-19 16:00:00,179.44
2021-06-19 17:00:00,106.82
2021-06-20 08:00:00,64.01
2021-06-20 09:00:00,171.47
2021-06-20 10:00:00,236.83
2021-06-20 11:00:00,279.26
2021-06-20 12:00:00,361.01
2021-06-20 13:00:00,405.19
2021-06-20 14:00:00,398.57
2021-06-20 15:00:00,383.53
2021-06-20 16:00:00,285.77
2021-06-20 17:00:00,122.05
2021-06-21 08:00:00,68.43
2021-06-21 09:00:00,181.57
2021-06-21 10:00:00,367.87
2021-06-21 11:00:00,490.05
2021-06-21 12:00:00,527.6
2021-06-21 13:00:00,546.72
2021-06-21 14:00:00,507.07
2021-06-21 15:00:00,427.44
2021-06-21 16:00:00,296.09
2021-06-21 17:00:00,144.36
2021-06-22 08:00:00,87.87
2021-06-22 09:00:00,223.57
2021-06-22 10:00:00,322.62
2021-06-22 11:00:00,487.43
2021-06-22 12:00:00,494.65
2021-06-22 13:00:00,547.49
2021-06-22 14:00:00,488.56
2021-06-22 15:00:00,337.59
2021-06-22 16:00:00,202.57
2021-06-22 17:00:00,127.8
2021-06-23 08:00:00,94.55
2021-06-23 09:00:00,214.22
2021-06-23 10:00:00,358.54
2021-06-23 11:00:00,395.45
2021-06-23 12:00:00,480.59
2021-06-23 13:00:00,464.18
2021-06-23 14:00:00,568.99
2021-06-23 15:00:00,480.6
2021-06-23 16:00:00,304.19
2021-06-23 17:00:00,156.25
2021-06-24 08:00:00,97.2
2021-06-24 09:00:00,182.07
2021-06-24 10:00:00,246.52
2021-06-24 11:00:00,385.35
2021-06-24 12:00:00,395.59
2021-06-24 13:00:00,462.21
2021-06-24 14:00:00,426.35
2021-06-24 15:00:00,394.43
2021-06-24 16:00:00,250.66
2021-06-24 17:00:00,136.41
2021-06-25 08:00:00,76.99
2021-06-25 09:00:00,222.73
2021-06-25 10:00:00,364.61
2021-06-25 11:00:00,420.18
2021-06-25 12:00:00,423.57
2021-06-25 13:00:00,484.08
2021-06-25 14:00:00,501.18
2021-06-25 15:00:00,274.23
2021-06-25 16:00:00,103.03
2021-06-25 17:00:00,70.87
2021-06-26 08:00:00,94.04
2021-06-26 09:00:00,192.67
2021-06-26 10:00:00,356.0
2021-06-26 11:00:00,427.41
2021-06-26 12:00:00,504.36
2021-06-26 13:00:00,480.11
2021-06-26 14:00:00,417.8
2021-06-26 15:00:00,382.12
2021-06-26 16:00:00,258.43
2021-06-26 17:00:00,126.81
2021-06-27 08:00:00,103.1
2021-06-27 09:00:00,219.31
2021-06-27 10:00:00,344.4
2021-06-27 11:00:00,395.95
2021-06-27 12:00:00,446.21
2021-06-27 13:00:00,421.14
2021-06-27 14:00:00,196.01
2021-06-27 15:00:00,129.64
2021-06-27 16:00:00,54.6
2021-06-27 17:00:00,59.49
2021-06-28 08:00:00,117.79
2021-06-28 09:00:00,273.26
2021-06-28 10:00:00,396.72
2021-06-28 11:00:00,522.41
2021-06-28 12:00:00,477.64
2021-06-28 13:00:00,528.18
2021-06-28 14:00:00,464.77
2021-06-28 15:00:00,397.2
2021-06-28 16:00:00,292.82
2021-06-28 17:00:00,131.18
2021-06-29 08:00:00,61.77
2021-06-29 09:00:00,207.65
2021-06-29 10:00:00,275.59
2021-06-29 11:00:00,300.85
2021-06-29 12:00:00,285.17
2021-06-29 13:00:00,210.38
2021-06-29 14:00:00,470.15
2021-06-29 15:00:00,363.75
2021-06-29 16:00:00,253.11
2021-06-29 17:00:00,133.74
2021-06-30 08:00:00,68.19
2021-06-30 09:00:00,112.02
2021-06-30 10:00:00,229.93
2021-06-30 11:00:00,280.7
2021-06-30 12:00:00,363.04
2021-06-30 13:00:00,354.29
2021-06-30 14:00:00,318.06
2021-06-30 15:00:00,271.38
2021-06-30 16:00:00,152.7
2021-06-30 17:00:00,71.61
2021-07-01 08:00:00,63.75
2021-07-01 09:00:00,193.83
2021-07-01 10:00:00,335.48
2021-07-01 11:00:00,417.52
2021-07-01 12:00:00,506.43
2021-07-01 13:00:00,356.56
2021-07-01 14:00:00,360.52
2021-07-01 15:00:00,352.61
2021-07-01 16:00:00,272.05
2021-07-01 17:00:00,153.56
2021-07-02 08:00:00,95.6
2021-07-02 09:00:00,221.39
2021-07-02 10:00:00,320.33
2021-07-02 11:00:00,466.17
2021-07-02 12:00:00,511.12
2021-07-02 13:00:00,507.05
2021-07-02 14:00:00,463.62
2021-07-02 15:00:00,395.1
2021-07-02 16:00:00,305.4
2021-07-02 17:00:00,154.39
2021-07-03 08:00:00,77.55
2021-07-03 09:00:00,218.88
2021-07-03 10:00:00,315.22
2021-07-03 11:00:00,329.1
2021-07-03 12:00:00,377.68
2021-07-03 13:00:00,395.73
2021-07-03 14:00:00,471.91
2021-07-03 15:00:00,384.75
2021-07-03 16:00:00,265.63
2021-07-03 17:00:00,154.19
2021-07-04 08:00:00,81.93
2021-07-04 09:00:00,247.68
2021-07-04 10:00:00,361.72
2021-07-04 11:00:00,453.68
2021-07-04 12:00:00,550.7
2021-07-04 13:00:00,539.07
2021-07-04 14:00:00,423.23
2021-07-04 15:00:00,265.25
2021-07-04 16:00:00,206.7
2021-07-04 17:00:00,127.22
2021-07-05 08:00:00,101.93
2021-07-05 09:00:00,229.77
2021-07-05 10:00:00,276.18
2021-07-05 11:00:00,232.95
2021-07-05 12:00:00,325.85
2021-07-05 13:00:00,472.82
2021-07-05 14:00:00,471.38
2021-07-05 15:00:00,457.66
2021-07-05 16:00:00,269.36
2021-07-05 17:00:00,140.51
2021-07-06 08:00:00,82.19
2021-07-06 09:00:00,127.55
2021-07-06 10:00:00,267.28
2021-07-06 11:00:00,290.12
2021-07-06 12:00:00,340.49
2021-07-06 13:00:00,444.3
2021-07-06 14:00:00,342.69
2021-07-06 15:00:00,310.19
2021-07-06 16:00:00,212.98
2021-07-06 17:00:00,100.33
2021-07-07 08:00:00,85.95
2021-07-07 09:00:00,158.32
2021-07-07 10:00:00,347.46
2021-07-07 11:00:00,417.3
2021-07-07 12:00:00,474.94
2021-07-07 13:00:00,467.83
2021-07-07 14:00:00,396.64
2021-07-07 15:00:00,309.5
2021-07-07 16:00:00,243.0
2021-07-07 17:00:00,141.39
2021-07-08 08:00:00,103.97
2021-07-08 09:00:00,245.85
2021-07-08 10:00:00,407.35
2021-07-08 11:00:00,511.9
2021-07-08 12:00:00,544.92
2021-07-08 13:00:00,578.91
2021-07-08 14:00:00,473.16
2021-07-08 15:00:00,360.07
2021-07-08 16:00:00,290.52
2021-07-08 17:00:00,142.37
2021-07-09 08:00:00,119.59
2021-07-09 09:00:00,284.63
2021-07-09 10:00:00,384.77
2021-07-09 11:00:00,490.88
2021-07-09 12:00:00,556.35
2021-07-09 13:00:00,540.89
2021-07-09 14:00:00,462.41
2021-07-09 15:00:00,406.58
2021-07-09 16:00:00,324.99
2021-07-09 17:00:00,163.7
2021-07-10 08:00:00,50.8
2021-07-10 09:00:00,105.59
2021-07-10 10:00:00,262.68
2021-07-10 11:00:00,283.2
2021-07-10 12:00:00,504.97
2021-07-10 13:00:00,483.95
2021-07-10 14:00:00,0.0
2021-07-10 15:00:00,0.0
2021-07-10 16:00:00,3.47
2021-07-10 17:00:00,6.61
2021-07-11 08:00:00,63.7
2021-07-11 09:00:00,180.42
2021-07-11 10:00:00,303.34
2021-07-11 11:00:00,329.05
2021-07-11 12:00:00,351.4
2021-07-11 13:00:00,378.68
2021-07-11 14:00:00,94.77
2021-07-11 15:00:00,143.29
2021-07-11 16:00:00,114.52
2021-07-11 17:00:00,51.88
2021-07-12 08:00:00,81.48
2021-07-12 09:00:00,180.97
2021-07-12 10:00:00,324.72
2021-07-12 11:00:00,419.2
2021-07-12 12:00:00,491.86
2021-07-12 13:00:00,427.9
2021-07-12 14:00:00,408.22
2021-07-12 15:00:00,301.05
2021-07-12 16:00:00,204.09
2021-07-12 17:00:00,112.03
2021-07-13 08:00:00,20.47
2021-07-13 09:00:00,13.38
2021-07-13 10:00:00,29.84
2021-07-13 11:00:00,39.24
2021-07-13 12:00:00,54.88
2021-07-13 13:00:00,128.76
2021-07-13 14:00:00,85.98
2021-07-13 15:00:00,118.1
2021-07-13 16:00:00,166.79
2021-07-13 17:00:00,57.63
2021-07-14 08:00:00,37.24
2021-07-14 09:00:00,172.21
2021-07-14 10:00:00,226.65
2021-07-14 11:00:00,188.07
2021-07-14 12:00:00,265.34
2021-07-14 13:00:00,321.96
2021-07-14 14:00:00,262.0
2021-07-14 15:00:00,224.22
2021-07-14 16:00:00,113.97
2021-07-14 17:00:00,55.44
2021-07-15 08:00:00,117.4
2021-07-15 09:00:00,300.31
2021-07-15 10:00:00,461.96
2021-07-15 11:00:00,591.05
2021-07-15 12:00:00,637.28
2021-07-15 13:00:00,619.1
2021-07-15 14:00:00,585.17
2021-07-15 15:00:00,498.6
2021-07-15 16:00:00,351.2
2021-07-15 17:00:00,189.15
2021-07-16 08:00:00,94.41
2021-07-16 09:00:00,223.92
2021-07-16 10:00:00,396.31
2021-07-16 11:00:00,503.27
2021-07-16 12:00:00,572.51
2021-07-16 13:00:00,591.89
2021-07-16 14:00:00,511.78
2021-07-16 15:00:00,388.83
2021-07-16 16:00:00,306.74
2021-07-16 17:00:00,152.87
2021-07-17 08:00:00,107.53
2021-07-17 09:00:00,284.19
2021-07-17 10:00:00,418.62
2021-07-17 11:00:00,549.69
2021-07-17 12:00:00,595.73
2021-07-17 13:00:00,623.36
2021-07-17 14:00:00,530.23
2021-07-17 15:00:00,491.88
2021-07-17 16:00:00,349.04
2021-07-17 17:00:00,185.91
2021-07-18 08:00:00,115.57
2021-07-18 09:00:00,246.63
2021-07-18 10:00:00,429.28
2021-07-18 11:00:00,465.61
2021-07-18 12:00:00,553.56
2021-07-18 13:00:00,523.62
2021-07-18 14:00:00,520.87
2021-07-18 15:00:00,441.75
2021-07-18 16:00:00,346.18
2021-07-18 17:00:00,161.14
2021-07-19 08:00:00,118.43
2021-07-19 09:00:00,268.65
2021-07-19 10:00:00,434.75
2021-07-19 11:00:00,498.76
2021-07-19 12:00:00,502.07
2021-07-19 13:00:00,408.48
2021-07-19 14:00:00,439.85
2021-07-19 15:00:00,440.85
2021-07-19 16:00:00,321.35
2021-07-19 17:00:00,163.18
2021-07-20 08:00:00,103.01
2021-07-20 09:00:00,174.7
2021-07-20 10:00:00,350.3
2021-07-20 11:00:00,431.57
2021-07-20 12:00:00,571.21
2021-07-20 13:00:00,579.71
2021-07-20 14:00:00,471.98
2021-07-20 15:00:00,411.12
2021-07-20 16:00:00,311.63
2021-07-20 17:00:00,160.49
2021-07-21 08:00:00,126.63
2021-07-21 09:00:00,294.01
2021-07-21 10:00:00,418.08
2021-07-21 11:00:00,471.95
2021-07-21 12:00:00,569.91
2021-07-21 13:00:00,612.05
2021-07-21 14:00:00,551.79
2021-07-21 15:00:00,479.03
2021-07-21 16:00:00,350.89
2021-07-21 17:00:00,186.42
2021-07-22 08:00:00,119.52
2021-07-22 09:00:00,302.45
2021-07-22 10:00:00,427.12
2021-07-22 11:00:00,538.19
2021-07-22 12:00:00,608.14
2021-07-22 13:00:00,606.6
2021-07-22 14:00:00,495.14
2021-07-22 15:00:00,476.23
2021-07-22 16:00:00,346.09
2021-07-22 17:00:00,172.07
2021-07-23 08:00:00,125.55
2021-07-23 09:00:00,302.37
2021-07-23 10:00:00,408.45
2021-07-23 11:00:00,549.81
2021-07-23 12:00:00,605.9
2021-07-23 13:00:00,579.55
2021-07-23 14:00:00,518.32
2021-07-23 15:00:00,396.88
2021-07-23 16:00:00,291.06
2021-07-23 17:00:00,155.61
2021-07-24 08:00:00,110.23
2021-07-24 09:00:00,266.02
2021-07-24 10:00:00,425.72
2021-07-24 11:00:00,525.87
2021-07-24 12:00:00,580.57
2021-07-24 13:00:00,533.25
2021-07-24 14:00:00,551.88
2021-07-24 15:00:00,488.51
2021-07-24 16:00:00,358.24
2021-07-24 17:00:00,172.87
2021-07-25 08:00:00,125.62
2021-07-25 09:00:00,281.49
2021-07-25 10:00:00,464.27
2021-07-25 11:00:00,565.52
2021-07-25 12:00:00,600.14
2021-07-25 13:00:00,630.98
2021-07-25 14:00:00,558.53
2021-07-25 15:00:00,503.93
2021-07-25 16:00:00,329.37
2021-07-25 17:00:00,189.65
2021-07-26 08:00:00,114.8
2021-07-26 09:00:00,284.3
2021-07-26 10:00:00,389.98
2021-07-26 11:00:00,481.24
2021-07-26 12:00:00,513.1
2021-07-26 13:00:00,546.21
2021-07-26 14:00:00,477.7
2021-07-26 15:00:00,447.31
2021-07-26 16:00:00,298.76
2021-07-26 17:00:00,169.21
2021-07-27 08:00:00,108.85
2021-07-27 09:00:00,269.08
2021-07-27 10:00:00,439.5
2021-07-27 11:00:00,478.15
2021-07-27 12:00:00,603.33
2021-07-27 13:00:00,551.44
2021-07-27 14:00:00,482.15
2021-07-27 15:00:00,419.25
2021-07-27 16:00:00,342.67
2021-07-27 17:00:00,189.29
2021-07-28 08:00:00,106.43
2021-07-28 09:00:00,272.12
2021-07-28 10:00:00,404.95
2021-07-28 11:00:00,547.88
2021-07-28 12:00:00,583.21
2021-07-28 13:00:00,538.95
2021-07-28 14:00:00,442.8
2021-07-28 15:00:00,425.33
2021-07-28 16:00:00,321.72
2021-07-28 17:00:00,157.85
2021-07-29 08:00:00,119.12
2021-07-29 09:00:00,301.37
2021-07-29 10:00:00,432.38
2021-07-29 11:00:00,488.95
2021-07-29 12:00:00,597.84
2021-07-29 13:00:00,598.65
2021-07-29 14:00:00,586.19
2021-07-29 15:00:00,486.46
2021-07-29 16:00:00,362.03
2021-07-29 17:00:00,187.25
2021-07-30 08:00:00,93.0
2021-07-30 09:00:00,240.66
2021-07-30 10:00:00,421.46
2021-07-30 11:00:00,547.81
2021-07-30 12:00:00,506.84
2021-07-30 13:00:00,569.21
2021-07-30 14:00:00,474.59
2021-07-30 15:00:00,481.78
2021-07-30 16:00:00,358.08
2021-07-30 17:00:00,183.76
2021-07-31 08:00:00,103.88
2021-07-31 09:00:00,227.0
2021-07-31 10:00:00,342.25
2021-07-31 11:00:00,422.79
2021-07-31 12:00:00,560.08
2021-07-31 13:00:00,591.68
2021-07-31 14:00:00,558.23
2021-07-31 15:00:00,379.78
2021-07-31 16:00:00,308.23
2021-07-31 17:00:00,173.23
2021-08-01 08:00:00,106.85
2021-08-01 09:00:00,231.58
2021-08-01 10:00:00,362.46
2021-08-01 11:00:00,367.14
2021-08-01 12:00:00,394.41
2021-08-01 13:00:00,445.04
2021-08-01 14:00:00,499.37
2021-08-01 15:00:00,403.05
2021-08-01 16:00:00,328.44
2021-08-01 17:00:00,178.66
2021-08-02 08:00:00,88.93
2021-08-02 09:00:00,236.45
2021-08-02 10:00:00,363.48
2021-08-02 11:00:00,481.57
2021-08-02 12:00:00,584.75
2021-08-02 13:00:00,597.11
2021-08-02 14:00:00,533.73
2021-08-02 15:00:00,464.19
2021-08-02 16:00:00,284.94
2021-08-02 17:00:00,161.19
2021-08-03 08:00:00,108.39
2021-08-03 09:00:00,255.87
2021-08-03 10:00:00,387.86
2021-08-03 11:00:00,501.27
2021-08-03 12:00:00,496.39
2021-08-03 13:00:00,537.72
2021-08-03 14:00:00,590.82
2021-08-03 15:00:00,479.02
2021-08-03 16:00:00,294.58
2021-08-03 17:00:00,182.23
2021-08-04 08:00:00,50.7
2021-08-04 09:00:00,130.72
2021-08-04 10:00:00,284.7
2021-08-04 11:00:00,394.97
2021-08-04 12:00:00,463.25
2021-08-04 13:00:00,498.95
2021-08-04 14:00:00,486.37
2021-08-04 15:00:00,457.5
2021-08-04 16:00:00,369.13
2021-08-04 17:00:00,191.79
2021-08-05 08:00:00,90.16
2021-08-05 09:00:00,205.83
2021-08-05 10:00:00,310.23
2021-08-05 11:00:00,411.58
2021-08-05 12:00:00,414.16
2021-08-05 13:00:00,534.89
2021-08-05 14:00:00,473.8
2021-08-05 15:00:00,286.11
2021-08-05 16:00:00,206.53
2021-08-05 17:00:00,131.24
2021-08-06 08:00:00,101.06
2021-08-06 09:00:00,236.7
2021-08-06 10:00:00,371.57
2021-08-06 11:00:00,493.68
2021-08-06 12:00:00,541.06
2021-08-06 13:00:00,575.06
2021-08-06 14:00:00,532.99
2021-08-06 15:00:00,475.04
2021-08-06 16:00:00,264.41
2021-08-06 17:00:00,138.37
2021-08-07 08:00:00,129.58
2021-08-07 09:00:00,311.35
2021-08-07 10:00:00,465.41
2021-08-07 11:00:00,501.91
2021-08-07 12:00:00,581.72
2021-08-07 13:00:00,563.9
2021-08-07 14:00:00,539.89
2021-08-07 15:00:00,435.21
2021-08-07 16:00:00,298.05
2021-08-07 17:00:00,155.92
2021-08-08 08:00:00,81.9
2021-08-08 09:00:00,269.21
2021-08-08 10:00:00,317.51
2021-08-08 11:00:00,477.45
2021-08-08 12:00:00,535.15
2021-08-08 13:00:00,583.09
2021-08-08 14:00:00,497.18
2021-08-08 15:00:00,289.54
2021-08-08 16:00:00,121.19
2021-08-08 17:00:00,94.69
2021-08-09 08:00:00,124.64
2021-08-09 09:00:00,293.12
2021-08-09 10:00:00,404.34
2021-08-09 11:00:00,502.25
2021-08-09 12:00:00,485.58
2021-08-09 13:00:00,541.71
2021-08-09 14:00:00,506.3
2021-08-09 15:00:00,492.44
2021-08-09 16:00:00,372.89
2021-08-09 17:00:00,177.08
2021-08-10 08:00:00,106.94
2021-08-10 09:00:00,200.77
2021-08-10 10:00:00,326.07
2021-08-10 11:00:00,528.82
2021-08-10 12:00:00,602.7
2021-08-10 13:00:00,506.7
2021-08-10 14:00:00,477.47
2021-08-10 15:00:00,451.45
2021-08-10 16:00:00,357.74
2021-08-10 17:00:00,179.77
2021-08-11 08:00:00,108.34
2021-08-11 09:00:00,222.48
2021-08-11 10:00:00,423.59
2021-08-11 11:00:00,379.97
2021-08-11 12:00:00,583.83
2021-08-11 13:00:00,594.12
2021-08-11 14:00:00,509.96
2021-08-11 15:00:00,442.8
2021-08-11 16:00:00,327.55
2021-08-11 17:00:00,176.1
2021-08-12 08:00:00,115.59
2021-08-12 09:00:00,232.72
2021-08-12 10:00:00,420.6
2021-08-12 11:00:00,533.59
2021-08-12 12:00:00,555.13
2021-08-12 13:00:00,614.73
2021-08-12 14:00:00,585.89
2021-08-12 15:00:00,471.79
2021-08-12 16:00:00,330.24
2021-08-12 17:00:00,181.68
2021-08-13 08:00:00,73.24
2021-08-13 09:00:00,201.97
2021-08-13 10:00:00,227.51
2021-08-13 11:00:00,347.75
2021-08-13 12:00:00,330.97
2021-08-13 13:00:00,225.85
2021-08-13 14:00:00,453.9
2021-08-13 15:00:00,343.71
2021-08-13 16:00:00,244.76
2021-08-13 17:00:00,132.85
2021-08-14 08:00:00,84.82
2021-08-14 09:00:00,220.37
2021-08-14 10:00:00,343.65
2021-08-14 11:00:00,480.53
2021-08-14 12:00:00,509.74
2021-08-14 13:00:00,511.67
2021-08-14 14:00:00,502.35
2021-08-14 15:00:00,393.44
2021-08-14 16:00:00,282.57
2021-08-14 17:00:00,137.58
2021-08-15 08:00:00,102.32
2021-08-15 09:00:00,223.02
2021-08-15 10:00:00,332.39
2021-08-15 11:00:00,392.28
2021-08-15 12:00:00,404.77
2021-08-15 13:00:00,430.96
2021-08-15 14:00:00,485.41
2021-08-15 15:00:00,372.5
2021-08-15 16:00:00,307.41
2021-08-15 17:00:00,154.24
2021-08-16 08:00:00,107.58
2021-08-16 09:00:00,231.24
2021-08-16 10:00:00,373.28
2021-08-16 11:00:00,426.84
2021-08-16 12:00:00,522.24
2021-08-16 13:00:00,576.51
2021-08-16 14:00:00,559.15
2021-08-16 15:00:00,522.17
2021-08-16 16:00:00,342.08
2021-08-16 17:00:00,192.07
2021-08-17 08:00:00,102.61
2021-08-17 09:00:00,267.04
2021-08-17 10:00:00,436.87
2021-08-17 11:00:00,444.25
2021-08-17 12:00:00,427.25
2021-08-17 13:00:00,401.59
2021-08-17 14:00:00,100.2
2021-08-17 15:00:00,109.5
2021-08-17 16:00:00,74.79
2021-08-17 17:00:00,19.94
2021-08-18 08:00:00,19.93
2021-08-18 09:00:00,59.92
2021-08-18 10:00:00,76.62
2021-08-18 11:00:00,72.82
2021-08-18 12:00:00,109.29
2021-08-18 13:00:00,115.37
2021-08-18 14:00:00,139.21
2021-08-18 15:00:00,135.0
2021-08-18 16:00:00,124.21
2021-08-18 17:00:00,58.97
2021-08-19 08:00:00,106.64
2021-08-19 09:00:00,296.2
2021-08-19 10:00:00,374.36
2021-08-19 11:00:00,461.09
2021-08-19 12:00:00,460.95
2021-08-19 13:00:00,526.6
2021-08-19 14:00:00,428.77
2021-08-19 15:00:00,451.8
2021-08-19 16:00:00,322.27
2021-08-19 17:00:00,178.05
2021-08-20 08:00:00,97.54
2021-08-20 09:00:00,242.29
2021-08-20 10:00:00,371.38
2021-08-20 11:00:00,357.63
2021-08-20 12:00:00,198.45
2021-08-20 13:00:00,450.36
2021-08-20 14:00:00,84.76
2021-08-20 15:00:00,71.81
2021-08-20 16:00:00,55.53
2021-08-20 17:00:00,52.49
2021-08-21 08:00:00,42.98
2021-08-21 09:00:00,122.89
2021-08-21 10:00:00,153.28
2021-08-21 11:00:00,206.07
2021-08-21 12:00:00,231.47
2021-08-21 13:00:00,260.33
2021-08-21 14:00:00,370.06
2021-08-21 15:00:00,222.92
2021-08-21 16:00:00,183.97
2021-08-21 17:00:00,115.02
2021-08-22 08:00:00,85.91
2021-08-22 09:00:00,144.06
2021-08-22 10:00:00,291.9
2021-08-22 11:00:00,418.96
2021-08-22 12:00:00,446.41
2021-08-22 13:00:00,439.02
2021-08-22 14:00:00,427.66
2021-08-22 15:00:00,264.31
2021-08-22 16:00:00,220.58
2021-08-22 17:00:00,85.19
2021-08-23 08:00:00,84.96
2021-08-23 09:00:00,241.58
2021-08-23 10:00:00,284.11
2021-08-23 11:00:00,339.92
2021-08-23 12:00:00,399.95
2021-08-23 13:00:00,528.38
2021-08-23 14:00:00,531.63
2021-08-23 15:00:00,408.8
2021-08-23 16:00:00,246.53
2021-08-23 17:00:00,143.02
2021-08-24 08:00:00,66.58
2021-08-24 09:00:00,202.18
2021-08-24 10:00:00,357.24
2021-08-24 11:00:00,520.16
2021-08-24 12:00:00,576.47
2021-08-24 13:00:00,637.36
2021-08-24 14:00:00,430.39
2021-08-24 15:00:00,409.11
2021-08-24 16:00:00,308.33
2021-08-24 17:00:00,139.65
2021-08-25 08:00:00,74.25
2021-08-25 09:00:00,270.52
2021-08-25 10:00:00,401.57
2021-08-25 11:00:00,585.61
2021-08-25 12:00:00,548.72
2021-08-25 13:00:00,478.45
2021-08-25 14:00:00,278.92
2021-08-25 15:00:00,118.31
2021-08-25 16:00:00,168.95
2021-08-25 17:00:00,95.79
2021-08-26 08:00:00,106.17
2021-08-26 09:00:00,222.81
2021-08-26 10:00:00,297.49
2021-08-26 11:00:00,332.98
2021-08-26 12:00:00,367.11
2021-08-26 13:00:00,334.5
2021-08-26 14:00:00,447.25
2021-08-26 15:00:00,372.75
2021-08-26 16:00:00,187.34
2021-08-26 17:00:00,123.3
2021-08-27 08:00:00,114.57
2021-08-27 09:00:00,290.58
2021-08-27 10:00:00,369.34
2021-08-27 11:00:00,598.72
2021-08-27 12:00:00,515.0
2021-08-27 13:00:00,528.96
2021-08-27 14:00:00,471.14
2021-08-27 15:00:00,277.75
2021-08-27 16:00:00,208.33
2021-08-27 17:00:00,108.91
2021-08-28 08:00:00,141.64
2021-08-28 09:00:00,345.96
2021-08-28 10:00:00,474.88
2021-08-28 11:00:00,560.12
2021-08-28 12:00:00,585.56
2021-08-28 13:00:00,627.01
2021-08-28 14:00:00,607.53
2021-08-28 15:00:00,513.29
2021-08-28 16:00:00,334.3
2021-08-28 17:00:00,174.97
2021-08-29 08:00:00,148.01
2021-08-29 09:00:00,277.09
2021-08-29 10:00:00,397.61
2021-08-29 11:00:00,437.12
2021-08-29 12:00:00,428.83
2021-08-29 13:00:00,440.2
2021-08-29 14:00:00,486.44
2021-08-29 15:00:00,399.52
2021-08-29 16:00:00,303.72
2021-08-29 17:00:00,116.41
2021-08-30 08:00:00,90.27
2021-08-30 09:00:00,214.95
2021-08-30 10:00:00,400.69
2021-08-30 11:00:00,360.82
2021-08-30 12:00:00,412.64
2021-08-30 13:00:00,525.42
2021-08-30 14:00:00,230.04
2021-08-30 15:00:00,99.29
2021-08-30 16:00:00,124.67
2021-08-30 17:00:00,86.33
2021-08-31 08:00:00,90.24
2021-08-31 09:00:00,168.27
2021-08-31 10:00:00,265.3
2021-08-31 11:00:00,243.33
2021-08-31 12:00:00,300.07
2021-08-31 13:00:00,252.08
2021-08-31 14:00:00,444.99
2021-08-31 15:00:00,437.51
2021-08-31 16:00:00,261.27
2021-08-31 17:00:00,128.11
2021-09-01 08:00:00,105.08
2021-09-01 09:00:00,186.07
2021-09-01 10:00:00,278.07
2021-09-01 11:00:00,269.14
2021-09-01 12:00:00,242.24
2021-09-01 13:00:00,248.51
2021-09-01 14:00:00,568.48
2021-09-01 15:00:00,507.12
2021-09-01 16:00:00,322.82
2021-09-01 17:00:00,176.24
2021-09-02 08:00:00,24.24
2021-09-02 09:00:00,61.42
2021-09-02 10:00:00,82.87
2021-09-02 11:00:00,116.21
2021-09-02 12:00:00,107.2
2021-09-02 13:00:00,117.71
2021-09-02 14:00:00,209.91
2021-09-02 15:00:00,227.26
2021-09-02 16:00:00,159.97
2021-09-02 17:00:00,78.34
2021-09-03 08:00:00,56.71
2021-09-03 09:00:00,159.61
2021-09-03 10:00:00,337.97
2021-09-03 11:00:00,375.94
2021-09-03 12:00:00,357.37
2021-09-03 13:00:00,386.37
2021-09-03 14:00:00,552.41
2021-09-03 15:00:00,494.88
2021-09-03 16:00:00,382.35
2021-09-03 17:00:00,207.73
2021-09-04 08:00:00,181.63
2021-09-04 09:00:00,340.47
2021-09-04 10:00:00,487.99
2021-09-04 11:00:00,624.78
2021-09-04 12:00:00,606.57
2021-09-04 13:00:00,641.46
2021-09-04 14:00:00,596.88
2021-09-04 15:00:00,430.84
2021-09-04 16:00:00,358.65
2021-09-04 17:00:00,163.12
2021-09-05 08:00:00,159.31
2021-09-05 09:00:00,330.44
2021-09-05 10:00:00,438.6
2021-09-05 11:00:00,565.67
2021-09-05 12:00:00,573.19
2021-09-05 13:00:00,594.67
2021-09-05 14:00:00,587.33
2021-09-05 15:00:00,501.89
2021-09-05 16:00:00,382.54
2021-09-05 17:00:00,194.86
2021-09-06 08:00:00,175.06
2021-09-06 09:00:00,318.6
2021-09-06 10:00:00,505.31
2021-09-06 11:00:00,546.61
2021-09-06 12:00:00,633.62
2021-09-06 13:00:00,505.77
2021-09-06 14:00:00,612.6
2021-09-06 15:00:00,527.05
2021-09-06 16:00:00,369.25
2021-09-06 17:00:00,183.64
2021-09-07 08:00:00,112.02
2021-09-07 09:00:00,238.98
2021-09-07 10:00:00,427.91
2021-09-07 11:00:00,525.76
2021-09-07 12:00:00,575.68
2021-09-07 13:00:00,549.34
2021-09-07 14:00:00,602.23
2021-09-07 15:00:00,467.95
2021-09-07 16:00:00,317.06
2021-09-07 17:00:00,170.16
2021-09-08 08:00:00,40.24
2021-09-08 09:00:00,150.03
2021-09-08 10:00:00,327.1
2021-09-08 11:00:00,352.98
2021-09-08 12:00:00,237.28
2021-09-08 13:00:00,373.12
2021-09-08 14:00:00,393.17
2021-09-08 15:00:00,301.28
2021-09-08 16:00:00,307.21
2021-09-08 17:00:00,198.24
2021-09-09 08:00:00,86.92
2021-09-09 09:00:00,214.48
2021-09-09 10:00:00,368.55
2021-09-09 11:00:00,512.31
2021-09-09 12:00:00,608.34
2021-09-09 13:00:00,666.57
2021-09-09 14:00:00,582.58
2021-09-09 15:00:00,494.53
2021-09-09 16:00:00,334.53
2021-09-09 17:00:00,188.74
2021-09-10 08:00:00,126.41
2021-09-10 09:00:00,225.05
2021-09-10 10:00:00,393.75
2021-09-10 11:00:00,548.56
2021-09-10 12:00:00,587.4
2021-09-10 13:00:00,595.0
2021-09-10 14:00:00,466.12
2021-09-10 15:00:00,389.42
2021-09-10 16:00:00,259.49
2021-09-10 17:00:00,125.34
2021-09-11 08:00:00,199.72
2021-09-11 09:00:00,399.96
2021-09-11 10:00:00,553.91
2021-09-11 11:00:00,656.59
2021-09-11 12:00:00,677.48
2021-09-11 13:00:00,643.44
2021-09-11 14:00:00,575.59
2021-09-11 15:00:00,487.9
2021-09-11 16:00:00,309.95
2021-09-11 17:00:00,189.06
2021-09-12 08:00:00,169.79
2021-09-12 09:00:00,337.24
2021-09-12 10:00:00,480.8
2021-09-12 11:00:00,619.81
2021-09-12 12:00:00,617.21
2021-09-12 13:00:00,630.84
2021-09-12 14:00:00,503.89
2021-09-12 15:00:00,475.66
2021-09-12 16:00:00,339.71
2021-09-12 17:00:00,166.62
2021-09-13 08:00:00,15.57
2021-09-13 09:00:00,86.59
2021-09-13 10:00:00,100.08
2021-09-13 11:00:00,117.12
2021-09-13 12:00:00,120.13
2021-09-13 13:00:00,109.33
2021-09-13 14:00:00,161.6
2021-09-13 15:00:00,223.69
2021-09-13 16:00:00,158.88
2021-09-13 17:00:00,95.88
2021-09-14 08:00:00,61.75
2021-09-14 09:00:00,167.2
2021-09-14 10:00:00,245.01
2021-09-14 11:00:00,317.88
2021-09-14 12:00:00,386.15
2021-09-14 13:00:00,322.13
2021-09-14 14:00:00,402.68
2021-09-14 15:00:00,312.96
2021-09-14 16:00:00,208.4
2021-09-14 17:00:00,102.83
2021-09-15 08:00:00,193.73
2021-09-15 09:00:00,383.07
2021-09-15 10:00:00,501.39
2021-09-15 11:00:00,609.59
2021-09-15 12:00:00,614.56
2021-09-15 13:00:00,640.15
2021-09-15 14:00:00,586.95
2021-09-15 15:00:00,516.99
2021-09-15 16:00:00,402.31
2021-09-15 17:00:00,194.04
2021-09-16 08:00:00,185.74
2021-09-16 09:00:00,375.59
2021-09-16 10:00:00,531.41
2021-09-16 11:00:00,527.45
2021-09-16 12:00:00,626.9
2021-09-16 13:00:00,584.27
2021-09-16 14:00:00,562.19
2021-09-16 15:00:00,515.07
2021-09-16 16:00:00,373.51
2021-09-16 17:00:00,170.52
2021-09-17 08:00:00,192.11
2021-09-17 09:00:00,363.53
2021-09-17 10:00:00,499.46
2021-09-17 11:00:00,650.05
2021-09-17 12:00:00,653.16
2021-09-17 13:00:00,673.36
2021-09-17 14:00:00,615.38
2021-09-17 15:00:00,539.92
2021-09-17 16:00:00,388.89
2021-09-17 17:00:00,189.98
2021-09-18 08:00:00,204.1
2021-09-18 09:00:00,375.63
2021-09-18 10:00:00,485.26
2021-09-18 11:00:00,592.53
2021-09-18 12:00:00,569.19
2021-09-18 13:00:00,627.46
2021-09-18 14:00:00,435.37
2021-09-18 15:00:00,346.27
2021-09-18 16:00:00,290.66
2021-09-18 17:00:00,156.11
2021-09-19 08:00:00,73.16
2021-09-19 09:00:00,205.7
2021-09-19 10:00:00,250.41
2021-09-19 11:00:00,389.15
2021-09-19 12:00:00,495.46
2021-09-19 13:00:00,495.94
2021-09-19 14:00:00,111.34
2021-09-19 15:00:00,128.16
2021-09-19 16:00:00,118.79
2021-09-19 17:00:00,62.25
2021-09-20 08:00:00,165.35
2021-09-20 09:00:00,295.72
2021-09-20 10:00:00,471.78
2021-09-20 11:00:00,539.1
2021-09-20 12:00:00,696.86
2021-09-20 13:00:00,695.93
2021-09-20 14:00:00,661.45
2021-09-20 15:00:00,543.27
2021-09-20 16:00:00,394.18
2021-09-20 17:00:00,200.54
2021-09-21 08:00:00,156.5
2021-09-21 09:00:00,322.66
2021-09-21 10:00:00,472.6
2021-09-21 11:00:00,618.84
2021-09-21 12:00:00,602.44
2021-09-21 13:00:00,601.65
2021-09-21 14:00:00,491.75
2021-09-21 15:00:00,438.71
2021-09-21 16:00:00,396.23
2021-09-21 17:00:00,192.42
2021-09-22 08:00:00,222.58
2021-09-22 09:00:00,368.98
2021-09-22 10:00:00,557.49
2021-09-22 11:00:00,642.21
2021-09-22 12:00:00,670.65
2021-09-22 13:00:00,679.59
2021-09-22 14:00:00,662.92
2021-09-22 15:00:00,540.58
2021-09-22 16:00:00,397.75
2021-09-22 17:00:00,198.44
2021-09-23 08:00:00,167.0
2021-09-23 09:00:00,347.4
2021-09-23 10:00:00,458.03
2021-09-23 11:00:00,555.15
2021-09-23 12:00:00,639.94
2021-09-23 13:00:00,682.84
2021-09-23 14:00:00,603.63
2021-09-23 15:00:00,544.11
2021-09-23 16:00:00,353.04
2021-09-23 17:00:00,182.39
2021-09-24 08:00:00,162.48
2021-09-24 09:00:00,328.18
2021-09-24 10:00:00,401.45
2021-09-24 11:00:00,510.96
2021-09-24 12:00:00,514.17
2021-09-24 13:00:00,618.3
2021-09-24 14:00:00,598.17
2021-09-24 15:00:00,492.22
2021-09-24 16:00:00,345.31
2021-09-24 17:00:00,166.76
2021-09-25 08:00:00,213.72
2021-09-25 09:00:00,361.27
2021-09-25 10:00:00,495.08
2021-09-25 11:00:00,560.81
2021-09-25 12:00:00,675.68
2021-09-25 13:00:00,642.95
2021-09-25 14:00:00,572.58
2021-09-25 15:00:00,432.82
2021-09-25 16:00:00,350.01
2021-09-25 17:00:00,177.91
2021-09-26 08:00:00,180.25
2021-09-26 09:00:00,391.0
2021-09-26 10:00:00,490.16
2021-09-26 11:00:00,555.38
2021-09-26 12:00:00,614.54
2021-09-26 13:00:00,551.45
2021-09-26 14:00:00,613.29
2021-09-26 15:00:00,508.62
2021-09-26 16:00:00,337.1
2021-09-26 17:00:00,135.95
2021-09-27 08:00:00,139.43
2021-09-27 09:00:00,352.82
2021-09-27 10:00:00,536.34
2021-09-27 11:00:00,627.86
2021-09-27 12:00:00,586.46
2021-09-27 13:00:00,615.86
2021-09-27 14:00:00,408.39
2021-09-27 15:00:00,339.4
2021-09-27 16:00:00,214.24
2021-09-27 17:00:00,83.37
2021-09-28 08:00:00,170.64
2021-09-28 09:00:00,217.01
2021-09-28 10:00:00,392.93
2021-09-28 11:00:00,422.26
2021-09-28 12:00:00,505.18
2021-09-28 13:00:00,547.45
2021-09-28 14:00:00,465.28
2021-09-28 15:00:00,381.41
2021-09-28 16:00:00,285.15
2021-09-28 17:00:00,143.37
2021-09-29 08:00:00,165.6
2021-09-29 09:00:00,275.06
2021-09-29 10:00:00,460.04
2021-09-29 11:00:00,616.03
2021-09-29 12:00:00,588.59
2021-09-29 13:00:00,621.58
2021-09-29 14:00:00,558.79
2021-09-29 15:00:00,461.86
2021-09-29 16:00:00,289.44
2021-09-29 17:00:00,140.28
2021-09-30 08:00:00,86.25
2021-09-30 09:00:00,116.95
2021-09-30 10:00:00,244.28
2021-09-30 11:00:00,318.69
2021-09-30 12:00:00,337.09
2021-09-30 13:00:00,227.57
2021-09-30 14:00:00,107.07
2021-09-30 15:00:00,79.16
2021-09-30 16:00:00,44.83
2021-09-30 17:00:00,33.92
2021-10-01 08:00:00,41.02
2021-10-01 09:00:00,70.97
2021-10-01 10:00:00,173.62
2021-10-01 11:00:00,96.38
2021-10-01 12:00:00,144.69
2021-10-01 13:00:00,157.56
2021-10-01 14:00:00,170.23
2021-10-01 15:00:00,295.09
2021-10-01 16:00:00,86.64
2021-10-01 17:00:00,46.74
2021-10-02 08:00:00,105.46
2021-10-02 09:00:00,256.2
2021-10-02 10:00:00,381.12
2021-10-02 11:00:00,404.02
2021-10-02 12:00:00,426.29
2021-10-02 13:00:00,458.79
2021-10-02 14:00:00,337.64
2021-10-02 15:00:00,186.19
2021-10-02 16:00:00,72.61
2021-10-02 17:00:00,40.05
2021-10-03 08:00:00,94.83
2021-10-03 09:00:00,115.97
2021-10-03 10:00:00,314.12
2021-10-03 11:00:00,438.78
2021-10-03 12:00:00,561.41
2021-10-03 13:00:00,582.02
2021-10-03 14:00:00,452.16
2021-10-03 15:00:00,329.24
2021-10-03 16:00:00,185.15
2021-10-03 17:00:00,103.73
2021-10-04 08:00:00,182.72
2021-10-04 09:00:00,403.25
2021-10-04 10:00:00,563.1
2021-10-04 11:00:00,628.0
2021-10-04 12:00:00,730.44
2021-10-04 13:00:00,693.0
2021-10-04 14:00:00,599.32
2021-10-04 15:00:00,479.55
2021-10-04 16:00:00,311.16
2021-10-04 17:00:00,123.65
2021-10-05 08:00:00,152.45
2021-10-05 09:00:00,316.97
2021-10-05 10:00:00,465.45
2021-10-05 11:00:00,498.73
2021-10-05 12:00:00,648.62
2021-10-05 13:00:00,631.06
2021-10-05 14:00:00,484.77
2021-10-05 15:00:00,443.25
2021-10-05 16:00:00,323.24
2021-10-05 17:00:00,180.57
2021-10-06 08:00:00,239.58
2021-10-06 09:00:00,404.73
2021-10-06 10:00:00,538.35
2021-10-06 11:00:00,623.22
2021-10-06 12:00:00,661.98
2021-10-06 13:00:00,637.88
2021-10-06 14:00:00,644.92
2021-10-06 15:00:00,507.52
2021-10-06 16:00:00,354.66
2021-10-06 17:00:00,173.1
2021-10-07 08:00:00,191.04
2021-10-07 09:00:00,369.49
2021-10-07 10:00:00,458.83
2021-10-07 11:00:00,593.09
2021-10-07 12:00:00,610.83
2021-10-07 13:00:00,597.7
2021-10-07 14:00:00,538.38
2021-10-07 15:00:00,444.13
2021-10-07 16:00:00,311.03
2021-10-07 17:00:00,147.61
2021-10-08 08:00:00,191.82
2021-10-08 09:00:00,360.29
2021-10-08 10:00:00,549.84
2021-10-08 11:00:00,603.39
2021-10-08 12:00:00,708.69
2021-10-08 13:00:00,697.58
2021-10-08 14:00:00,600.19
2021-10-08 15:00:00,559.6
2021-10-08 16:00:00,339.93
2021-10-08 17:00:00,175.42
2021-10-09 08:00:00,233.27
2021-10-09 09:00:00,419.12
2021-10-09 10:00:00,597.09
2021-10-09 11:00:00,653.31
2021-10-09 12:00:00,673.82
2021-10-09 13:00:00,690.29
2021-10-09 14:00:00,623.43
2021-10-09 15:00:00,479.36
2021-10-09 16:00:00,333.6
2021-10-09 17:00:00,169.51
2021-10-10 08:00:00,240.61
2021-10-10 09:00:00,430.06
2021-10-10 10:00:00,543.88
2021-10-10 11:00:00,574.45
2021-10-10 12:00:00,551.21
2021-10-10 13:00:00,572.42
2021-10-10 14:00:00,438.06
2021-10-10 15:00:00,339.32
2021-10-10 16:00:00,252.69
2021-10-10 17:00:00,87.64
2021-10-11 08:00:00,121.79
2021-10-11 09:00:00,242.35
2021-10-11 10:00:00,385.97
2021-10-11 11:00:00,556.24
2021-10-11 12:00:00,589.58
2021-10-11 13:00:00,609.48
2021-10-11 14:00:00,552.95
2021-10-11 15:00:00,383.93
2021-10-11 16:00:00,267.91
2021-10-11 17:00:00,129.08
2021-10-12 08:00:00,227.25
2021-10-12 09:00:00,419.86
2021-10-12 10:00:00,572.38
2021-10-12 11:00:00,606.7
2021-10-12 12:00:00,700.57
2021-10-12 13:00:00,673.49
2021-10-12 14:00:00,580.46
2021-10-12 15:00:00,473.68
2021-10-12 16:00:00,312.99
2021-10-12 17:00:00,153.55
2021-10-13 08:00:00,183.79
2021-10-13 09:00:00,369.3
2021-10-13 10:00:00,533.01
2021-10-13 11:00:00,597.75
2021-10-13 12:00:00,631.05
2021-10-13 13:00:00,569.54
2021-10-13 14:00:00,628.39
2021-10-13 15:00:00,519.64
2021-10-13 16:00:00,387.77
2021-10-13 17:00:00,185.39
2021-10-14 08:00:00,250.33
2021-10-14 09:00:00,440.84
2021-10-14 10:00:00,560.97
2021-10-14 11:00:00,669.37
2021-10-14 12:00:00,689.67
2021-10-14 13:00:00,700.44
2021-10-14 14:00:00,615.77
2021-10-14 15:00:00,552.63
2021-10-14 16:00:00,376.31
2021-10-14 17:00:00,170.8
2021-10-15 08:00:00,214.98
2021-10-15 09:00:00,387.89
2021-10-15 10:00:00,549.92
2021-10-15 11:00:00,648.25
2021-10-15 12:00:00,716.78
2021-10-15 13:00:00,706.12
2021-10-15 14:00:00,592.97
2021-10-15 15:00:00,485.42
2021-10-15 16:00:00,354.37
2021-10-15 17:00:00,152.23
2021-10-16 08:00:00,216.38
2021-10-16 09:00:00,414.38
2021-10-16 10:00:00,525.13
2021-10-16 11:00:00,575.54
2021-10-16 12:00:00,476.13
2021-10-16 13:00:00,429.58
2021-10-16 14:00:00,469.65
2021-10-16 15:00:00,341.13
2021-10-16 16:00:00,227.68
2021-10-16 17:00:00,65.86
2021-10-17 08:00:00,224.97
2021-10-17 09:00:00,363.57
2021-10-17 10:00:00,489.58
2021-10-17 11:00:00,451.01
2021-10-17 12:00:00,490.42
2021-10-17 13:00:00,418.03
2021-10-17 14:00:00,303.0
2021-10-17 15:00:00,316.15
2021-10-17 16:00:00,223.26
2021-10-17 17:00:00,45.68
2021-10-18 08:00:00,103.85
2021-10-18 09:00:00,253.85
2021-10-18 10:00:00,310.55
2021-10-18 11:00:00,379.3
2021-10-18 12:00:00,426.68
2021-10-18 13:00:00,369.02
2021-10-18 14:00:00,345.35
2021-10-18 15:00:00,289.37
2021-10-18 16:00:00,182.44
2021-10-18 17:00:00,91.08
2021-10-19 08:00:00,199.01
2021-10-19 09:00:00,359.35
2021-10-19 10:00:00,526.04
2021-10-19 11:00:00,603.55
2021-10-19 12:00:00,676.85
2021-10-19 13:00:00,631.43
2021-10-19 14:00:00,413.42
2021-10-19 15:00:00,305.97
2021-10-19 16:00:00,111.81
2021-10-19 17:00:00,63.5
2021-10-20 08:00:00,54.57
2021-10-20 09:00:00,151.35
2021-10-20 10:00:00,335.83
2021-10-20 11:00:00,155.23
2021-10-20 12:00:00,121.63
2021-10-20 13:00:00,223.46
2021-10-20 14:00:00,74.43
2021-10-20 15:00:00,163.5
2021-10-20 16:00:00,93.49
2021-10-20 17:00:00,49.56
2021-10-21 08:00:00,128.09
2021-10-21 09:00:00,206.72
2021-10-21 10:00:00,380.37
2021-10-21 11:00:00,419.62
2021-10-21 12:00:00,491.6
2021-10-21 13:00:00,446.55
2021-10-21 14:00:00,273.59
2021-10-21 15:00:00,254.6
2021-10-21 16:00:00,137.23
2021-10-21 17:00:00,67.7
2021-10-22 08:00:00,105.14
2021-10-22 09:00:00,195.7
2021-10-22 10:00:00,412.93
2021-10-22 11:00:00,459.47
2021-10-22 12:00:00,503.89
2021-10-22 13:00:00,460.03
2021-10-22 14:00:00,448.35
2021-10-22 15:00:00,356.84
2021-10-22 16:00:00,203.37
2021-10-22 17:00:00,82.83
2021-10-23 08:00:00,185.77
2021-10-23 09:00:00,358.06
2021-10-23 10:00:00,475.72
2021-10-23 11:00:00,624.73
2021-10-23 12:00:00,643.08
2021-10-23 13:00:00,595.18
2021-10-23 14:00:00,516.5
2021-10-23 15:00:00,391.07
2021-10-23 16:00:00,276.87
2021-10-23 17:00:00,117.63
2021-10-24 08:00:00,135.25
2021-10-24 09:00:00,249.84
2021-10-24 10:00:00,366.69
2021-10-24 11:00:00,542.92
2021-10-24 12:00:00,669.44
2021-10-24 13:00:00,705.02
2021-10-24 14:00:00,577.77
2021-10-24 15:00:00,356.74
2021-10-24 16:00:00,264.03
2021-10-24 17:00:00,130.69
2021-10-25 08:00:00,235.21
2021-10-25 09:00:00,431.4
2021-10-25 10:00:00,598.03
2021-10-25 11:00:00,621.71
2021-10-25 12:00:00,687.62
2021-10-25 13:00:00,620.61
2021-10-25 14:00:00,527.07
2021-10-25 15:00:00,350.61
2021-10-25 16:00:00,309.87
2021-10-25 17:00:00,160.59
2021-10-26 08:00:00,241.36
2021-10-26 09:00:00,439.19
2021-10-26 10:00:00,529.01
2021-10-26 11:00:00,598.21
2021-10-26 12:00:00,643.58
2021-10-26 13:00:00,605.91
2021-10-26 14:00:00,553.4
2021-10-26 15:00:00,462.11
2021-10-26 16:00:00,331.79
2021-10-26 17:00:00,182.55
2021-10-27 08:00:00,216.07
2021-10-27 09:00:00,373.44
2021-10-27 10:00:00,534.29
2021-10-27 11:00:00,541.72
2021-10-27 12:00:00,598.22
2021-10-27 13:00:00,521.9
2021-10-27 14:00:00,602.32
2021-10-27 15:00:00,476.45
2021-10-27 16:00:00,365.22
2021-10-27 17:00:00,177.9
2021-10-28 08:00:00,196.76
2021-10-28 09:00:00,409.02
2021-10-28 10:00:00,456.53
2021-10-28 11:00:00,483.19
2021-10-28 12:00:00,423.02
2021-10-28 13:00:00,529.3
2021-10-28 14:00:00,549.16
2021-10-28 15:00:00,310.01
2021-10-28 16:00:00,220.48
2021-10-28 17:00:00,79.8
2021-10-29 08:00:00,116.8
2021-10-29 09:00:00,304.63
2021-10-29 10:00:00,503.79
2021-10-29 11:00:00,600.71
2021-10-29 12:00:00,580.32
2021-10-29 13:00:00,633.37
2021-10-29 14:00:00,364.45
2021-10-29 15:00:00,335.02
2021-10-29 16:00:00,204.46
2021-10-29 17:00:00,106.85
2021-10-30 08:00:00,117.28
2021-10-30 09:00:00,136.11
2021-10-30 10:00:00,320.96
2021-10-30 11:00:00,357.75
2021-10-30 12:00:00,405.7
2021-10-30 13:00:00,378.47
2021-10-30 14:00:00,544.89
2021-10-30 15:00:00,486.9
2021-10-30 16:00:00,315.77
2021-10-30 17:00:00,155.57
2021-10-31 08:00:00,211.28
2021-10-31 09:00:00,358.19
2021-10-31 10:00:00,459.47
2021-10-31 11:00:00,605.27
2021-10-31 12:00:00,556.89
2021-10-31 13:00:00,593.86
2021-10-31 14:00:00,588.73
2021-10-31 15:00:00,363.67
2021-10-31 16:00:00,215.91
2021-10-31 17:00:00,68.21
2021-11-01 08:00:00,40.95
2021-11-01 09:00:00,169.42
2021-11-01 10:00:00,245.43
2021-11-01 11:00:00,342.73
2021-11-01 12:00:00,465.65
2021-11-01 13:00:00,462.52
2021-11-01 14:00:00,104.62
2021-11-01 15:00:00,83.05
2021-11-01 16:00:00,59.83
2021-11-01 17:00:00,48.7
2021-11-02 08:00:00,104.69
2021-11-02 09:00:00,178.58
2021-11-02 10:00:00,247.27
2021-11-02 11:00:00,353.97
2021-11-02 12:00:00,353.84
2021-11-02 13:00:00,363.55
2021-11-02 14:00:00,328.28
2021-11-02 15:00:00,191.21
2021-11-02 16:00:00,115.12
2021-11-02 17:00:00,64.24
2021-11-03 08:00:00,144.52
2021-11-03 09:00:00,250.06
2021-11-03 10:00:00,462.82
2021-11-03 11:00:00,565.53
2021-11-03 12:00:00,480.14
2021-11-03 13:00:00,455.7
2021-11-03 14:00:00,461.54
2021-11-03 15:00:00,309.61
2021-11-03 16:00:00,263.61
2021-11-03 17:00:00,116.09
2021-11-04 08:00:00,183.15
2021-11-04 09:00:00,344.02
2021-11-04 10:00:00,436.35
2021-11-04 11:00:00,458.83
2021-11-04 12:00:00,467.52
2021-11-04 13:00:00,449.19
2021-11-04 14:00:00,547.84
2021-11-04 15:00:00,408.93
2021-11-04 16:00:00,229.15
2021-11-04 17:00:00,127.4
2021-11-05 08:00:00,185.7
2021-11-05 09:00:00,326.02
2021-11-05 10:00:00,527.37
2021-11-05 11:00:00,512.36
2021-11-05 12:00:00,434.03
2021-11-05 13:00:00,550.04
2021-11-05 14:00:00,415.55
2021-11-05 15:00:00,301.27
2021-11-05 16:00:00,88.79
2021-11-05 17:00:00,58.96
2021-11-06 08:00:00,221.3
2021-11-06 09:00:00,378.48
2021-11-06 10:00:00,525.22
2021-11-06 11:00:00,542.92
2021-11-06 12:00:00,574.67
2021-11-06 13:00:00,581.06
2021-11-06 14:00:00,539.83
2021-11-06 15:00:00,495.43
2021-11-06 16:00:00,339.47
2021-11-06 17:00:00,157.16
2021-11-07 08:00:00,105.2
2021-11-07 09:00:00,236.73
2021-11-07 10:00:00,444.39
2021-11-07 11:00:00,560.42
2021-11-07 12:00:00,647.9
2021-11-07 13:00:00,535.74
2021-11-07 14:00:00,379.51
2021-11-07 15:00:00,285.13
2021-11-07 16:00:00,186.98
2021-11-07 17:00:00,59.53
2021-11-08 08:00:00,194.47
2021-11-08 09:00:00,346.59
2021-11-08 10:00:00,442.7
2021-11-08 11:00:00,545.08
2021-11-08 12:00:00,567.56
2021-11-08 13:00:00,537.45
2021-11-08 14:00:00,216.9
2021-11-08 15:00:00,198.43
2021-11-08 16:00:00,140.91
2021-11-08 17:00:00,91.92
2021-11-09 08:00:00,206.64
2021-11-09 09:00:00,332.08
2021-11-09 10:00:00,428.12
2021-11-09 11:00:00,514.92
2021-11-09 12:00:00,499.07
2021-11-09 13:00:00,445.57
2021-11-09 14:00:00,384.4
2021-11-09 15:00:00,325.1
2021-11-09 16:00:00,155.13
2021-11-09 17:00:00,119.08
2021-11-10 08:00:00,84.44
2021-11-10 09:00:00,95.17
2021-11-10 10:00:00,138.91
2021-11-10 11:00:00,177.73
2021-11-10 12:00:00,118.93
2021-11-10 13:00:00,123.6
2021-11-10 14:00:00,99.62
2021-11-10 15:00:00,28.95
2021-11-10 16:00:00,21.99
2021-11-10 17:00:00,8.0
2021-11-11 08:00:00,125.86
2021-11-11 09:00:00,308.33
2021-11-11 10:00:00,397.48
2021-11-11 11:00:00,454.92
2021-11-11 12:00:00,460.93
2021-11-11 13:00:00,422.41
2021-11-11 14:00:00,228.21
2021-11-11 15:00:00,186.68
2021-11-11 16:00:00,151.47
2021-11-11 17:00:00,78.23
2021-11-12 08:00:00,231.87
2021-11-12 09:00:00,330.1
2021-11-12 10:00:00,451.3
2021-11-12 11:00:00,478.36
2021-11-12 12:00:00,428.39
2021-11-12 13:00:00,431.92
2021-11-12 14:00:00,596.59
2021-11-12 15:00:00,486.5
2021-11-12 16:00:00,308.23
2021-11-12 17:00:00,151.57
2021-11-13 08:00:00,42.07
2021-11-13 09:00:00,113.62
2021-11-13 10:00:00,280.6
2021-11-13 11:00:00,369.58
2021-11-13 12:00:00,213.83
2021-11-13 13:00:00,337.87
2021-11-13 14:00:00,221.36
2021-11-13 15:00:00,246.41
2021-11-13 16:00:00,116.4
2021-11-13 17:00:00,95.09
2021-11-14 08:00:00,98.86
2021-11-14 09:00:00,155.26
2021-11-14 10:00:00,221.05
2021-11-14 11:00:00,246.54
2021-11-14 12:00:00,442.99
2021-11-14 13:00:00,440.14
2021-11-14 14:00:00,533.26
2021-11-14 15:00:00,378.73
2021-11-14 16:00:00,296.66
2021-11-14 17:00:00,130.93
2021-11-15 08:00:00,209.45
2021-11-15 09:00:00,337.64
2021-11-15 10:00:00,536.14
2021-11-15 11:00:00,644.39
2021-11-15 12:00:00,664.82
2021-11-15 13:00:00,649.96
2021-11-15 14:00:00,570.82
2021-11-15 15:00:00,451.7
2021-11-15 16:00:00,319.95
2021-11-15 17:00:00,112.41
2021-11-16 08:00:00,250.89
2021-11-16 09:00:00,421.06
2021-11-16 10:00:00,563.71
2021-11-16 11:00:00,573.37
2021-11-16 12:00:00,674.03
2021-11-16 13:00:00,663.18
2021-11-16 14:00:00,457.4
2021-11-16 15:00:00,412.38
2021-11-16 16:00:00,257.11
2021-11-16 17:00:00,163.52
2021-11-17 08:00:00,205.35
2021-11-17 09:00:00,430.59
2021-11-17 10:00:00,594.07
2021-11-17 11:00:00,644.33
2021-11-17 12:00:00,678.46
2021-11-17 13:00:00,636.9
2021-11-17 14:00:00,418.5
2021-11-17 15:00:00,372.07
2021-11-17 16:00:00,273.0
2021-11-17 17:00:00,145.67
2021-11-18 08:00:00,172.5
2021-11-18 09:00:00,321.2
2021-11-18 10:00:00,431.07
2021-11-18 11:00:00,547.88
2021-11-18 12:00:00,501.29
2021-11-18 13:00:00,450.12
2021-11-18 14:00:00,317.61
2021-11-18 15:00:00,263.23
2021-11-18 16:00:00,299.97
2021-11-18 17:00:00,127.21
2021-11-19 08:00:00,206.64
2021-11-19 09:00:00,365.56
2021-11-19 10:00:00,495.73
2021-11-19 11:00:00,487.94
2021-11-19 12:00:00,526.37
2021-11-19 13:00:00,518.84
2021-11-19 14:00:00,317.63
2021-11-19 15:00:00,269.28
2021-11-19 16:00:00,202.42
2021-11-19 17:00:00,83.3
2021-11-20 08:00:00,180.06
2021-11-20 09:00:00,317.62
2021-11-20 10:00:00,503.22
2021-11-20 11:00:00,622.22
2021-11-20 12:00:00,646.52
2021-11-20 13:00:00,669.68
2021-11-20 14:00:00,500.2
2021-11-20 15:00:00,369.51
2021-11-20 16:00:00,220.85
2021-11-20 17:00:00,130.54
2021-11-21 08:00:00,185.04
2021-11-21 09:00:00,313.89
2021-11-21 10:00:00,419.85
2021-11-21 11:00:00,440.95
2021-11-21 12:00:00,513.97
2021-11-21 13:00:00,493.52
2021-11-21 14:00:00,528.53
2021-11-21 15:00:00,426.93
2021-11-21 16:00:00,228.15
2021-11-21 17:00:00,96.92
2021-11-22 08:00:00,200.42
2021-11-22 09:00:00,396.41
2021-11-22 10:00:00,477.87
2021-11-22 11:00:00,576.92
2021-11-22 12:00:00,667.75
2021-11-22 13:00:00,689.68
2021-11-22 14:00:00,568.17
2021-11-22 15:00:00,477.04
2021-11-22 16:00:00,336.29
2021-11-22 17:00:00,182.28
2021-11-23 08:00:00,142.13
2021-11-23 09:00:00,264.71
2021-11-23 10:00:00,479.28
2021-11-23 11:00:00,575.46
2021-11-23 12:00:00,597.15
2021-11-23 13:00:00,487.39
2021-11-23 14:00:00,278.2
2021-11-23 15:00:00,151.27
2021-11-23 16:00:00,127.16
2021-11-23 17:00:00,53.89
2021-11-24 08:00:00,15.01
2021-11-24 09:00:00,43.78
2021-11-24 10:00:00,55.49
2021-11-24 11:00:00,73.34
2021-11-24 12:00:00,150.7
2021-11-24 13:00:00,157.36
2021-11-24 14:00:00,121.67
2021-11-24 15:00:00,76.21
2021-11-24 16:00:00,42.82
2021-11-24 17:00:00,34.71
2021-11-25 08:00:00,128.74
2021-11-25 09:00:00,278.42
2021-11-25 10:00:00,419.15
2021-11-25 11:00:00,549.57
2021-11-25 12:00:00,524.46
2021-11-25 13:00:00,473.97
2021-11-25 14:00:00,585.83
2021-11-25 15:00:00,501.49
2021-11-25 16:00:00,271.71
2021-11-25 17:00:00,148.68
2021-11-26 08:00:00,157.08
2021-11-26 09:00:00,337.29
2021-11-26 10:00:00,448.67
2021-11-26 11:00:00,531.16
2021-11-26 12:00:00,511.22
2021-11-26 13:00:00,551.07
2021-11-26 14:00:00,615.8
2021-11-26 15:00:00,441.14
2021-11-26 16:00:00,160.34
2021-11-26 17:00:00,105.79
2021-11-27 08:00:00,170.14
2021-11-27 09:00:00,263.72
2021-11-27 10:00:00,437.82
2021-11-27 11:00:00,535.36
2021-11-27 12:00:00,547.81
2021-11-27 13:00:00,570.69
2021-11-27 14:00:00,541.43
2021-11-27 15:00:00,458.68
2021-11-27 16:00:00,327.14
2021-11-27 17:00:00,149.13
2021-11-28 08:00:00,219.31
2021-11-28 09:00:00,381.33
2021-11-28 10:00:00,493.5
2021-11-28 11:00:00,514.01
2021-11-28 12:00:00,530.9
2021-11-28 13:00:00,434.49
2021-11-28 14:00:00,240.07
2021-11-28 15:00:00,204.23
2021-11-28 16:00:00,149.78
2021-11-28 17:00:00,73.97
2021-11-29 08:00:00,215.26
2021-11-29 09:00:00,448.75
2021-11-29 10:00:00,587.4
2021-11-29 11:00:00,648.74
2021-11-29 12:00:00,688.35
2021-11-29 13:00:00,721.83
2021-11-29 14:00:00,626.6
2021-11-29 15:00:00,515.26
2021-11-29 16:00:00,395.84
2021-11-29 17:00:00,173.95
2021-11-30 08:00:00,221.43
2021-11-30 09:00:00,428.98
2021-11-30 10:00:00,520.43
2021-11-30 11:00:00,612.2
2021-11-30 12:00:00,691.94
2021-11-30 13:00:00,680.72
2021-11-30 14:00:00,623.81
2021-11-30 15:00:00,537.93
2021-11-30 16:00:00,391.65
2021-11-30 17:00:00,195.99
2021-12-01 08:00:00,227.11
2021-12-01 09:00:00,382.74
2021-12-01 10:00:00,527.06
2021-12-01 11:00:00,594.48
2021-12-01 12:00:00,619.48
2021-12-01 13:00:00,621.81
2021-12-01 14:00:00,565.47
2021-12-01 15:00:00,448.76
2021-12-01 16:00:00,355.75
2021-12-01 17:00:00,188.75
2021-12-02 08:00:00,161.34
2021-12-02 09:00:00,257.13
2021-12-02 10:00:00,254.03
2021-12-02 11:00:00,446.22
2021-12-02 12:00:00,520.95
2021-12-02 13:00:00,406.91
2021-12-02 14:00:00,165.06
2021-12-02 15:00:00,75.52
2021-12-02 16:00:00,30.16
2021-12-02 17:00:00,15.91
2021-12-03 08:00:00,86.22
2021-12-03 09:00:00,145.54
2021-12-03 10:00:00,145.31
2021-12-03 11:00:00,267.17
2021-12-03 12:00:00,215.77
2021-12-03 13:00:00,194.64
2021-12-03 14:00:00,302.89
2021-12-03 15:00:00,205.72
2021-12-03 16:00:00,160.94
2021-12-03 17:00:00,69.8
2021-12-04 08:00:00,91.98
2021-12-04 09:00:00,176.97
2021-12-04 10:00:00,276.92
2021-12-04 11:00:00,375.46
2021-12-04 12:00:00,453.27
2021-12-04 13:00:00,496.43
2021-12-04 14:00:00,366.09
2021-12-04 15:00:00,265.88
2021-12-04 16:00:00,236.92
2021-12-04 17:00:00,129.54
2021-12-05 08:00:00,101.52
2021-12-05 09:00:00,139.09
2021-12-05 10:00:00,186.69
2021-12-05 11:00:00,260.11
2021-12-05 12:00:00,320.93
2021-12-05 13:00:00,396.69
2021-12-05 14:00:00,523.69
2021-12-05 15:00:00,450.19
2021-12-05 16:00:00,298.02
2021-12-05 17:00:00,122.74
2021-12-06 08:00:00,149.64
2021-12-06 09:00:00,272.53
2021-12-06 10:00:00,416.71
2021-12-06 11:00:00,527.54
2021-12-06 12:00:00,475.94
2021-12-06 13:00:00,478.07
2021-12-06 14:00:00,369.28
2021-12-06 15:00:00,342.5
2021-12-06 16:00:00,181.66
2021-12-06 17:00:00,110.87
2021-12-07 08:00:00,240.8
2021-12-07 09:00:00,400.21
2021-12-07 10:00:00,544.73
2021-12-07 11:00:00,655.24
2021-12-07 12:00:00,730.76
2021-12-07 13:00:00,672.0
2021-12-07 14:00:00,524.11
2021-12-07 15:00:00,515.02
2021-12-07 16:00:00,381.54
2021-12-07 17:00:00,168.34
2021-12-08 08:00:00,140.87
2021-12-08 09:00:00,304.87
2021-12-08 10:00:00,367.75
2021-12-08 11:00:00,534.61
2021-12-08 12:00:00,482.17
2021-12-08 13:00:00,600.07
2021-12-08 14:00:00,533.54
2021-12-08 15:00:00,529.29
2021-12-08 16:00:00,354.99
2021-12-08 17:00:00,189.64
2021-12-09 08:00:00,222.35
2021-12-09 09:00:00,414.01
2021-12-09 10:00:00,513.07
2021-12-09 11:00:00,607.45
2021-12-09 12:00:00,568.99
2021-12-09 13:00:00,627.65
2021-12-09 14:00:00,605.94
2021-12-09 15:00:00,482.8
2021-12-09 16:00:00,405.98
2021-12-09 17:00:00,214.26
2021-12-10 08:00:00,116.28
2021-12-10 09:00:00,223.13
2021-12-10 10:00:00,334.22
2021-12-10 11:00:00,382.9
2021-12-10 12:00:00,577.25
2021-12-10 13:00:00,564.16
2021-12-10 14:00:00,625.48
2021-12-10 15:00:00,412.97
2021-12-10 16:00:00,338.58
2021-12-10 17:00:00,178.87
2021-12-11 08:00:00,117.5
2021-12-11 09:00:00,282.39
2021-12-11 10:00:00,434.93
2021-12-11 11:00:00,435.05
2021-12-11 12:00:00,264.3
2021-12-11 13:00:00,351.13
2021-12-11 14:00:00,427.78
2021-12-11 15:00:00,395.9
2021-12-11 16:00:00,293.24
2021-12-11 17:00:00,176.79
2021-12-12 08:00:00,42.98
2021-12-12 09:00:00,67.82
2021-12-12 10:00:00,94.26
2021-12-12 11:00:00,145.24
2021-12-12 12:00:00,165.41
2021-12-12 13:00:00,173.06
2021-12-12 14:00:00,55.65
2021-12-12 15:00:00,69.18
2021-12-12 16:00:00,43.93
2021-12-12 17:00:00,29.59
2021-12-13 08:00:00,98.31
2021-12-13 09:00:00,246.87
2021-12-13 10:00:00,419.1
2021-12-13 11:00:00,575.35
2021-12-13 12:00:00,626.41
2021-12-13 13:00:00,502.18
2021-12-13 14:00:00,284.4
2021-12-13 15:00:00,309.3
2021-12-13 16:00:00,337.4
2021-12-13 17:00:00,169.51
2021-12-14 08:00:00,198.63
2021-12-14 09:00:00,367.13
2021-12-14 10:00:00,485.76
2021-12-14 11:00:00,567.64
2021-12-14 12:00:00,589.49
2021-12-14 13:00:00,586.26
2021-12-14 14:00:00,551.41
2021-12-14 15:00:00,486.67
2021-12-14 16:00:00,289.47
2021-12-14 17:00:00,156.51
2021-12-15 08:00:00,167.01
2021-12-15 09:00:00,327.04
2021-12-15 10:00:00,430.63
2021-12-15 11:00:00,537.21
2021-12-15 12:00:00,515.36
2021-12-15 13:00:00,590.91
2021-12-15 14:00:00,460.33
2021-12-15 15:00:00,444.86
2021-12-15 16:00:00,259.0
2021-12-15 17:00:00,134.81
2021-12-16 08:00:00,201.17
2021-12-16 09:00:00,394.11
2021-12-16 10:00:00,542.86
2021-12-16 11:00:00,599.45
2021-12-16 12:00:00,616.58
2021-12-16 13:00:00,538.7
2021-12-16 14:00:00,628.2
2021-12-16 15:00:00,565.1
2021-12-16 16:00:00,390.35
2021-12-16 17:00:00,225.34
2021-12-17 08:00:00,88.77
2021-12-17 09:00:00,247.02
2021-12-17 10:00:00,331.73
2021-12-17 11:00:00,364.11
2021-12-17 12:00:00,270.8
2021-12-17 13:00:00,214.39
2021-12-17 14:00:00,202.91
2021-12-17 15:00:00,131.29
2021-12-17 16:00:00,147.49
2021-12-17 17:00:00,101.61
2021-12-18 08:00:00,89.79
2021-12-18 09:00:00,230.58
2021-12-18 10:00:00,386.15
2021-12-18 11:00:00,496.87
2021-12-18 12:00:00,541.68
2021-12-18 13:00:00,526.33
2021-12-18 14:00:00,490.32
2021-12-18 15:00:00,462.05
2021-12-18 16:00:00,266.71
2021-12-18 17:00:00,134.45
2021-12-19 08:00:00,28.98
2021-12-19 09:00:00,48.24
2021-12-19 10:00:00,98.53
2021-12-19 11:00:00,235.44
2021-12-19 12:00:00,420.36
2021-12-19 13:00:00,375.49
2021-12-19 14:00:00,330.74
2021-12-19 15:00:00,185.03
2021-12-19 16:00:00,166.54
2021-12-19 17:00:00,95.98
2021-12-20 08:00:00,133.22
2021-12-20 09:00:00,357.09
2021-12-20 10:00:00,515.1
2021-12-20 11:00:00,545.35
2021-12-20 12:00:00,582.77
2021-12-20 13:00:00,462.03
2021-12-20 14:00:00,542.34
2021-12-20 15:00:00,402.14
2021-12-20 16:00:00,303.37
2021-12-20 17:00:00,138.67
2021-12-21 08:00:00,154.43
2021-12-21 09:00:00,378.0
2021-12-21 10:00:00,548.59
2021-12-21 11:00:00,668.92
2021-12-21 12:00:00,698.15
2021-12-21 13:00:00,708.76
2021-12-21 14:00:00,616.4
2021-12-21 15:00:00,534.73
2021-12-21 16:00:00,403.12
2021-12-21 17:00:00,229.63
2021-12-22 08:00:00,194.5
2021-12-22 09:00:00,308.63
2021-12-22 10:00:00,469.0
2021-12-22 11:00:00,487.02
2021-12-22 12:00:00,461.48
2021-12-22 13:00:00,560.29
2021-12-22 14:00:00,557.96
2021-12-22 15:00:00,485.01
2021-12-22 16:00:00,321.99
2021-12-22 17:00:00,173.99
2021-12-23 08:00:00,62.71
2021-12-23 09:00:00,154.78
2021-12-23 10:00:00,228.13
2021-12-23 11:00:00,442.04
2021-12-23 12:00:00,464.05
2021-12-23 13:00:00,457.96
2021-12-23 14:00:00,369.04
2021-12-23 15:00:00,315.51
2021-12-23 16:00:00,190.25
2021-12-23 17:00:00,78.76
2021-12-24 08:00:00,144.56
2021-12-24 09:00:00,312.36
2021-12-24 10:00:00,452.13
2021-12-24 11:00:00,508.48
2021-12-24 12:00:00,473.26
2021-12-24 13:00:00,560.44
2021-12-24 14:00:00,526.18
2021-12-24 15:00:00,460.57
2021-12-24 16:00:00,287.77
2021-12-24 17:00:00,165.18
2021-12-25 08:00:00,121.18
2021-12-25 09:00:00,272.44
2021-12-25 10:00:00,474.09
2021-12-25 11:00:00,530.53
2021-12-25 12:00:00,598.34
2021-12-25 13:00:00,568.13
2021-12-25 14:00:00,588.99
2021-12-25 15:00:00,527.48
2021-12-25 16:00:00,376.5
2021-12-25 17:00:00,221.48
2021-12-26 08:00:00,199.74
2021-12-26 09:00:00,345.39
2021-12-26 10:00:00,490.67
2021-12-26 11:00:00,646.44
2021-12-26 12:00:00,685.78
2021-12-26 13:00:00,639.46
2021-12-26 14:00:00,607.26
2021-12-26 15:00:00,480.45
2021-12-26 16:00:00,381.17
2021-12-26 17:00:00,186.88
2021-12-27 08:00:00,170.9
2021-12-27 09:00:00,365.13
2021-12-27 10:00:00,418.75
2021-12-27 11:00:00,605.12
2021-12-27 12:00:00,678.74
2021-12-27 13:00:00,670.87
2021-12-27 14:00:00,619.68
2021-12-27 15:00:00,532.59
2021-12-27 16:00:00,409.17
2021-12-27 17:00:00,204.56
2021-12-28 08:00:00,174.87
2021-12-28 09:00:00,366.07
2021-12-28 10:00:00,499.9
2021-12-28 11:00:00,606.93
2021-12-28 12:00:00,627.63
2021-12-28 13:00:00,608.65
2021-12-28 14:00:00,552.78
2021-12-28 15:00:00,456.93
2021-12-28 16:00:00,246.47
2021-12-28 17:00:00,141.45
2021-12-29 08:00:00,157.82
2021-12-29 09:00:00,353.37
2021-12-29 10:00:00,450.22
2021-12-29 11:00:00,603.8
2021-12-29 12:00:00,546.07
2021-12-29 13:00:00,616.69
2021-12-29 14:00:00,575.82
2021-12-29 15:00:00,531.41
2021-12-29 16:00:00,387.01
2021-12-29 17:00:00,229.59
2021-12-30 08:00:00,108.81
2021-12-30 09:00:00,223.23
2021-12-30 10:00:00,375.45
2021-12-30 11:00:00,493.64
2021-12-30 12:00:00,561.39
2021-12-30 13:00:00,553.51
2021-12-30 14:00:00,586.13
2021-12-30 15:00:00,427.8
2021-12-30 16:00:00,320.47
2021-12-30 17:00:00,177.38
2021-12-31 08:00:00,33.13
2021-12-31 09:00:00,48.89
2021-12-31 10:00:00,73.85
2021-12-31 11:00:00,171.48
2021-12-31 12:00:00,207.22
2021-12-31 13:00:00,184.84
2021-12-31 14:00:00,166.3
2021-12-31 15:00:00,88.66
2021-12-31 16:00:00,122.01
2021-12-31 17:00:00,16.15
2022-01-01 08:00:00,52.74
2022-01-01 09:00:00,168.48
2022-01-01 10:00:00,188.89
2022-01-01 11:00:00,212.02
2022-01-01 12:00:00,277.97
2022-01-01 13:00:00,459.12
2022-01-01 14:00:00,361.56
2022-01-01 15:00:00,324.52
2022-01-01 16:00:00,116.41
2022-01-01 17:00:00,38.08
2022-01-02 08:00:00,49.99
2022-01-02 09:00:00,81.75
2022-01-02 10:00:00,119.48
2022-01-02 11:00:00,139.97
2022-01-02 12:00:00,169.65
2022-01-02 13:00:00,165.8
2022-01-02 14:00:00,84.89
2022-01-02 15:00:00,34.81
2022-01-02 16:00:00,13.07
2022-01-02 17:00:00,4.41
2022-01-03 08:00:00,21.05
2022-01-03 09:00:00,43.27
2022-01-03 10:00:00,72.43
2022-01-03 11:00:00,103.23
2022-01-03 12:00:00,111.59
2022-01-03 13:00:00,148.47
2022-01-03 14:00:00,446.36
2022-01-03 15:00:00,395.52
2022-01-03 16:00:00,271.22
2022-01-03 17:00:00,116.52
2022-01-04 08:00:00,42.19
2022-01-04 09:00:00,174.5
2022-01-04 10:00:00,328.9
2022-01-04 11:00:00,504.05
2022-01-04 12:00:00,465.67
2022-01-04 13:00:00,531.73
2022-01-04 14:00:00,390.15
2022-01-04 15:00:00,192.13
2022-01-04 16:00:00,180.32
2022-01-04 17:00:00,150.93
2022-01-05 08:00:00,118.86
2022-01-05 09:00:00,273.99
2022-01-05 10:00:00,436.88
2022-01-05 11:00:00,493.86
2022-01-05 12:00:00,554.69
2022-01-05 13:00:00,582.83
2022-01-05 14:00:00,659.58
2022-01-05 15:00:00,522.47
2022-01-05 16:00:00,364.42
2022-01-05 17:00:00,213.94
2022-01-06 08:00:00,157.21
2022-01-06 09:00:00,379.31
2022-01-06 10:00:00,557.1
2022-01-06 11:00:00,625.36
2022-01-06 12:00:00,657.52
2022-01-06 13:00:00,636.41
2022-01-06 14:00:00,629.23
2022-01-06 15:00:00,480.64
2022-01-06 16:00:00,405.84
2022-01-06 17:00:00,214.55
2022-01-07 08:00:00,183.7
2022-01-07 09:00:00,320.25
2022-01-07 10:00:00,514.24
2022-01-07 11:00:00,622.75
2022-01-07 12:00:00,670.24
2022-01-07 13:00:00,637.1
2022-01-07 14:00:00,597.9
2022-01-07 15:00:00,502.35
2022-01-07 16:00:00,419.82
2022-01-07 17:00:00,229.55
2022-01-08 08:00:00,103.3
2022-01-08 09:00:00,213.48
2022-01-08 10:00:00,361.93
2022-01-08 11:00:00,455.15
2022-01-08 12:00:00,545.28
2022-01-08 13:00:00,565.11
2022-01-08 14:00:00,534.51
2022-01-08 15:00:00,505.96
2022-01-08 16:00:00,352.04
2022-01-08 17:00:00,182.09
2022-01-09 08:00:00,150.4
2022-01-09 09:00:00,325.47
2022-01-09 10:00:00,454.7
2022-01-09 11:00:00,601.02
2022-01-09 12:00:00,631.97
2022-01-09 13:00:00,609.74
2022-01-09 14:00:00,669.36
2022-01-09 15:00:00,554.95
2022-01-09 16:00:00,438.38
2022-01-09 17:00:00,251.07
2022-01-10 08:00:00,154.22
2022-01-10 09:00:00,317.46
2022-01-10 10:00:00,521.11
2022-01-10 11:00:00,529.12
2022-01-10 12:00:00,607.95
2022-01-10 13:00:00,583.9
2022-01-10 14:00:00,665.9
2022-01-10 15:00:00,533.16
2022-01-10 16:00:00,418.51
2022-01-10 17:00:00,239.92
2022-01-11 08:00:00,167.43
2022-01-11 09:00:00,367.79
2022-01-11 10:00:00,570.16
2022-01-11 11:00:00,558.03
2022-01-11 12:00:00,607.65
2022-01-11 13:00:00,474.7
2022-01-11 14:00:00,675.33
2022-01-11 15:00:00,524.88
2022-01-11 16:00:00,424.49
2022-01-11 17:00:00,209.39
2022-01-12 08:00:00,171.12
2022-01-12 09:00:00,304.9
2022-01-12 10:00:00,458.57
2022-01-12 11:00:00,562.38
2022-01-12 12:00:00,546.45
2022-01-12 13:00:00,635.33
2022-01-12 14:00:00,537.28
2022-01-12 15:00:00,480.11
2022-01-12 16:00:00,326.46
2022-01-12 17:00:00,187.59
2022-01-13 08:00:00,175.83
2022-01-13 09:00:00,417.36
2022-01-13 10:00:00,573.97
2022-01-13 11:00:00,684.0
2022-01-13 12:00:00,736.96
2022-01-13 13:00:00,757.25
2022-01-13 14:00:00,608.05
2022-01-13 15:00:00,456.64
2022-01-13 16:00:00,298.71
2022-01-13 17:00:00,153.33
2022-01-14 08:00:00,131.8
2022-01-14 09:00:00,277.65
2022-01-14 10:00:00,432.1
2022-01-14 11:00:00,408.09
2022-01-14 12:00:00,423.02
2022-01-14 13:00:00,439.74
2022-01-14 14:00:00,642.7
2022-01-14 15:00:00,512.32
2022-01-14 16:00:00,387.36
2022-01-14 17:00:00,198.13
2022-01-15 08:00:00,90.52
2022-01-15 09:00:00,179.3
2022-01-15 10:00:00,310.75
2022-01-15 11:00:00,455.6
2022-01-15 12:00:00,540.6
2022-01-15 13:00:00,561.12
2022-01-15 14:00:00,578.85
2022-01-15 15:00:00,528.39
2022-01-15 16:00:00,349.4
2022-01-15 17:00:00,127.34
2022-01-16 08:00:00,175.29
2022-01-16 09:00:00,336.82
2022-01-16 10:00:00,471.53
2022-01-16 11:00:00,630.84
2022-01-16 12:00:00,697.94
2022-01-16 13:00:00,657.08
2022-01-16 14:00:00,667.04
2022-01-16 15:00:00,545.63
2022-01-16 16:00:00,414.06
2022-01-16 17:00:00,216.92
2022-01-17 08:00:00,167.59
2022-01-17 09:00:00,351.81
2022-01-17 10:00:00,463.98
2022-01-17 11:00:00,633.61
2022-01-17 12:00:00,714.89
2022-01-17 13:00:00,655.72
2022-01-17 14:00:00,704.3
2022-01-17 15:00:00,595.33
2022-01-17 16:00:00,409.07
2022-01-17 17:00:00,249.2
2022-01-18 08:00:00,119.26
2022-01-18 09:00:00,332.94
2022-01-18 10:00:00,477.12
2022-01-18 11:00:00,660.87
2022-01-18 12:00:00,749.51
2022-01-18 13:00:00,738.66
2022-01-18 14:00:00,721.24
2022-01-18 15:00:00,568.53
2022-01-18 16:00:00,413.21
2022-01-18 17:00:00,262.36
2022-01-19 08:00:00,111.3
2022-01-19 09:00:00,288.34
2022-01-19 10:00:00,373.75
2022-01-19 11:00:00,512.66
2022-01-19 12:00:00,514.36
2022-01-19 13:00:00,597.65
2022-01-19 14:00:00,608.9
2022-01-19 15:00:00,542.99
2022-01-19 16:00:00,406.53
2022-01-19 17:00:00,184.29
2022-01-20 08:00:00,72.15
2022-01-20 09:00:00,229.65
2022-01-20 10:00:00,365.11
2022-01-20 11:00:00,407.19
2022-01-20 12:00:00,558.59
2022-01-20 13:00:00,601.78
2022-01-20 14:00:00,568.35
2022-01-20 15:00:00,524.71
2022-01-20 16:00:00,434.08
2022-01-20 17:00:00,221.86
2022-01-21 08:00:00,179.36
2022-01-21 09:00:00,382.87
2022-01-21 10:00:00,548.17
2022-01-21 11:00:00,656.69
2022-01-21 12:00:00,710.48
2022-01-21 13:00:00,690.29
2022-01-21 14:00:00,676.54
2022-01-21 15:00:00,577.16
2022-01-21 16:00:00,459.9
2022-01-21 17:00:00,271.61
2022-01-22 08:00:00,161.91
2022-01-22 09:00:00,365.82
2022-01-22 10:00:00,537.5
2022-01-22 11:00:00,625.98
2022-01-22 12:00:00,740.12
2022-01-22 13:00:00,730.89
2022-01-22 14:00:00,680.45
2022-01-22 15:00:00,611.26
2022-01-22 16:00:00,467.71
2022-01-22 17:00:00,292.68
2022-01-23 08:00:00,183.31
2022-01-23 09:00:00,385.62
2022-01-23 10:00:00,545.7
2022-01-23 11:00:00,664.04
2022-01-23 12:00:00,704.77
2022-01-23 13:00:00,680.98
2022-01-23 14:00:00,644.15
2022-01-23 15:00:00,583.34
2022-01-23 16:00:00,440.49
2022-01-23 17:00:00,281.68
2022-01-24 08:00:00,159.0
2022-01-24 09:00:00,350.48
2022-01-24 10:00:00,540.23
2022-01-24 11:00:00,645.03
2022-01-24 12:00:00,678.71
2022-01-24 13:00:00,652.24
2022-01-24 14:00:00,640.71
2022-01-24 15:00:00,540.72
2022-01-24 16:00:00,418.86
2022-01-24 17:00:00,280.89
2022-01-25 08:00:00,164.02
2022-01-25 09:00:00,352.16
2022-01-25 10:00:00,504.19
2022-01-25 11:00:00,675.11
2022-01-25 12:00:00,720.4
2022-01-25 13:00:00,694.15
2022-01-25 14:00:00,699.61
2022-01-25 15:00:00,625.84
2022-01-25 16:00:00,489.37
2022-01-25 17:00:00,292.51
2022-01-26 08:00:00,155.41
2022-01-26 09:00:00,322.52
2022-01-26 10:00:00,481.16
2022-01-26 11:00:00,589.74
2022-01-26 12:00:00,631.94
2022-01-26 13:00:00,652.78
2022-01-26 14:00:00,670.42
2022-01-26 15:00:00,600.81
2022-01-26 16:00:00,491.5
2022-01-26 17:00:00,301.3
2022-01-27 08:00:00,145.73
2022-01-27 09:00:00,265.76
2022-01-27 10:00:00,437.32
2022-01-27 11:00:00,528.5
2022-01-27 12:00:00,649.49
2022-01-27 13:00:00,677.33
2022-01-27 14:00:00,620.33
2022-01-27 15:00:00,553.14
2022-01-27 16:00:00,409.61
2022-01-27 17:00:00,294.66
2022-01-28 08:00:00,136.64
2022-01-28 09:00:00,367.76
2022-01-28 10:00:00,513.89
2022-01-28 11:00:00,611.73
2022-01-28 12:00:00,678.63
2022-01-28 13:00:00,684.25
2022-01-28 14:00:00,678.28
2022-01-28 15:00:00,596.07
2022-01-28 16:00:00,413.88
2022-01-28 17:00:00,255.15
2022-01-29 08:00:00,159.14
2022-01-29 09:00:00,391.66
2022-01-29 10:00:00,561.08
2022-01-29 11:00:00,662.42
2022-01-29 12:00:00,700.49
2022-01-29 13:00:00,705.19
2022-01-29 14:00:00,675.94
2022-01-29 15:00:00,577.05
2022-01-29 16:00:00,428.62
2022-01-29 17:00:00,257.73
2022-01-30 08:00:00,183.24
2022-01-30 09:00:00,397.59
2022-01-30 10:00:00,574.36
2022-01-30 11:00:00,693.24
2022-01-30 12:00:00,744.01
2022-01-30 13:00:00,739.46
2022-01-30 14:00:00,671.78
2022-01-30 15:00:00,548.93
2022-01-30 16:00:00,393.99
2022-01-30 17:00:00,263.46
2022-01-31 08:00:00,165.49
2022-01-31 09:00:00,357.28
2022-01-31 10:00:00,549.11
2022-01-31 11:00:00,605.96
2022-01-31 12:00:00,693.62
2022-01-31 13:00:00,689.96
2022-01-31 14:00:00,602.66
2022-01-31 15:00:00,577.19
2022-01-31 16:00:00,407.6
2022-01-31 17:00:00,277.78
2022-02-01 08:00:00,113.11
2022-02-01 09:00:00,285.39
2022-02-01 10:00:00,453.75
2022-02-01 11:00:00,611.55
2022-02-01 12:00:00,683.49
2022-02-01 13:00:00,655.17
2022-02-01 14:00:00,574.65
2022-02-01 15:00:00,523.17
2022-02-01 16:00:00,421.39
2022-02-01 17:00:00,295.5
2022-02-02 08:00:00,161.72
2022-02-02 09:00:00,378.03
2022-02-02 10:00:00,473.32
2022-02-02 11:00:00,586.6
2022-02-02 12:00:00,675.85
2022-02-02 13:00:00,697.47
2022-02-02 14:00:00,620.59
2022-02-02 15:00:00,565.06
2022-02-02 16:00:00,468.26
2022-02-02 17:00:00,266.52
2022-02-03 08:00:00,163.47
2022-02-03 09:00:00,293.47
2022-02-03 10:00:00,463.46
2022-02-03 11:00:00,506.63
2022-02-03 12:00:00,601.39
2022-02-03 13:00:00,556.28
2022-02-03 14:00:00,598.21
2022-02-03 15:00:00,564.44
2022-02-03 16:00:00,422.34
2022-02-03 17:00:00,234.4
2022-02-04 08:00:00,145.86
2022-02-04 09:00:00,281.42
2022-02-04 10:00:00,504.22
2022-02-04 11:00:00,632.6
2022-02-04 12:00:00,673.07
2022-02-04 13:00:00,655.62
2022-02-04 14:00:00,650.82
2022-02-04 15:00:00,590.78
2022-02-04 16:00:00,444.19
2022-02-04 17:00:00,256.99
2022-02-05 08:00:00,102.57
2022-02-05 09:00:00,298.34
2022-02-05 10:00:00,428.68
2022-02-05 11:00:00,495.29
2022-02-05 12:00:00,582.2
2022-02-05 13:00:00,519.2
2022-02-05 14:00:00,507.92
2022-02-05 15:00:00,435.17
2022-02-05 16:00:00,327.16
2022-02-05 17:00:00,221.82
2022-02-06 08:00:00,130.93
2022-02-06 09:00:00,214.01
2022-02-06 10:00:00,317.83
2022-02-06 11:00:00,319.25
2022-02-06 12:00:00,325.42
2022-02-06 13:00:00,331.75
2022-02-06 14:00:00,267.87
2022-02-06 15:00:00,307.27
2022-02-06 16:00:00,217.37
2022-02-06 17:00:00,123.64
2022-02-07 08:00:00,104.62
2022-02-07 09:00:00,215.93
2022-02-07 10:00:00,310.86
2022-02-07 11:00:00,356.15
2022-02-07 12:00:00,356.77
2022-02-07 13:00:00,328.25
2022-02-07 14:00:00,308.81
2022-02-07 15:00:00,237.61
2022-02-07 16:00:00,186.76
2022-02-07 17:00:00,73.66
2022-02-08 08:00:00,14.15
2022-02-08 09:00:00,47.12
2022-02-08 10:00:00,79.63
2022-02-08 11:00:00,141.6
2022-02-08 12:00:00,147.05
2022-02-08 13:00:00,243.07
2022-02-08 14:00:00,521.58
2022-02-08 15:00:00,448.51
2022-02-08 16:00:00,391.77
2022-02-08 17:00:00,214.3
2022-02-09 08:00:00,49.35
2022-02-09 09:00:00,102.26
2022-02-09 10:00:00,216.0
2022-02-09 11:00:00,304.26
2022-02-09 12:00:00,522.15
2022-02-09 13:00:00,537.18
2022-02-09 14:00:00,572.1
2022-02-09 15:00:00,461.58
2022-02-09 16:00:00,291.65
2022-02-09 17:00:00,181.88
2022-02-10 08:00:00,5.17
2022-02-10 09:00:00,18.11
2022-02-10 10:00:00,23.29
2022-02-10 11:00:00,31.65
2022-02-10 12:00:00,36.17
2022-02-10 13:00:00,36.54
2022-02-10 14:00:00,161.13
2022-02-10 15:00:00,130.57
2022-02-10 16:00:00,77.52
2022-02-10 17:00:00,39.74
2022-02-11 08:00:00,36.03
2022-02-11 09:00:00,121.86
2022-02-11 10:00:00,228.38
2022-02-11 11:00:00,322.27
2022-02-11 12:00:00,398.55
2022-02-11 13:00:00,373.8
2022-02-11 14:00:00,333.11
2022-02-11 15:00:00,255.25
2022-02-11 16:00:00,144.18
2022-02-11 17:00:00,63.69
2022-02-12 08:00:00,62.96
2022-02-12 09:00:00,161.04
2022-02-12 10:00:00,223.44
2022-02-12 11:00:00,306.49
2022-02-12 12:00:00,501.61
2022-02-12 13:00:00,488.38
2022-02-12 14:00:00,646.38
2022-02-12 15:00:00,510.65
2022-02-12 16:00:00,415.21
2022-02-12 17:00:00,258.59
2022-02-13 08:00:00,139.71
2022-02-13 09:00:00,362.25
2022-02-13 10:00:00,519.28
2022-02-13 11:00:00,615.67
2022-02-13 12:00:00,664.51
2022-02-13 13:00:00,620.14
2022-02-13 14:00:00,553.43
2022-02-13 15:00:00,518.98
2022-02-13 16:00:00,381.64
2022-02-13 17:00:00,242.26
2022-02-14 08:00:00,142.63
2022-02-14 09:00:00,326.8
2022-02-14 10:00:00,468.71
2022-02-14 11:00:00,602.83
2022-02-14 12:00:00,694.71
2022-02-14 13:00:00,685.78
2022-02-14 14:00:00,649.64
2022-02-14 15:00:00,595.72
2022-02-14 16:00:00,434.16
2022-02-14 17:00:00,290.83
2022-02-15 08:00:00,143.76
2022-02-15 09:00:00,327.72
2022-02-15 10:00:00,539.02
2022-02-15 11:00:00,656.69
2022-02-15 12:00:00,707.4
2022-02-15 13:00:00,601.35
2022-02-15 14:00:00,665.54
2022-02-15 15:00:00,558.22
2022-02-15 16:00:00,395.64
2022-02-15 17:00:00,232.38
2022-02-16 08:00:00,76.66
2022-02-16 09:00:00,282.42
2022-02-16 10:00:00,433.42
2022-02-16 11:00:00,561.04
2022-02-16 12:00:00,505.54
2022-02-16 13:00:00,610.98
2022-02-16 14:00:00,502.44
2022-02-16 15:00:00,472.65
2022-02-16 16:00:00,433.62
2022-02-16 17:00:00,205.9
2022-02-17 08:00:00,92.94
2022-02-17 09:00:00,292.17
2022-02-17 10:00:00,493.8
2022-02-17 11:00:00,448.37
2022-02-17 12:00:00,361.82
2022-02-17 13:00:00,334.45
2022-02-17 14:00:00,583.68
2022-02-17 15:00:00,519.39
2022-02-17 16:00:00,379.88
2022-02-17 17:00:00,212.16
2022-02-18 08:00:00,143.58
2022-02-18 09:00:00,279.71
2022-02-18 10:00:00,406.56
2022-02-18 11:00:00,547.23
2022-02-18 12:00:00,647.68
2022-02-18 13:00:00,588.33
2022-02-18 14:00:00,683.95
2022-02-18 15:00:00,560.51
2022-02-18 16:00:00,435.82
2022-02-18 17:00:00,268.81
2022-02-19 08:00:00,152.89
2022-02-19 09:00:00,344.64
2022-02-19 10:00:00,533.08
2022-02-19 11:00:00,644.6
2022-02-19 12:00:00,671.36
2022-02-19 13:00:00,694.78
2022-02-19 14:00:00,596.26
2022-02-19 15:00:00,596.35
2022-02-19 16:00:00,454.19
2022-02-19 17:00:00,276.84
2022-02-20 08:00:00,126.18
2022-02-20 09:00:00,333.02
2022-02-20 10:00:00,457.57
2022-02-20 11:00:00,567.19
2022-02-20 12:00:00,608.93
2022-02-20 13:00:00,663.74
2022-02-20 14:00:00,630.99
2022-02-20 15:00:00,525.63
2022-02-20 16:00:00,428.23
2022-02-20 17:00:00,236.4
2022-02-21 08:00:00,135.75
2022-02-21 09:00:00,281.34
2022-02-21 10:00:00,483.13
2022-02-21 11:00:00,640.79
2022-02-21 12:00:00,705.52
2022-02-21 13:00:00,727.97
2022-02-21 14:00:00,695.9
2022-02-21 15:00:00,599.06
2022-02-21 16:00:00,462.62
2022-02-21 17:00:00,270.2
2022-02-22 08:00:00,147.89
2022-02-22 09:00:00,340.02
2022-02-22 10:00:00,436.74
2022-02-22 11:00:00,629.64
2022-02-22 12:00:00,710.74
2022-02-22 13:00:00,732.91
2022-02-22 14:00:00,716.02
2022-02-22 15:00:00,631.39
2022-02-22 16:00:00,482.78
2022-02-22 17:00:00,290.23
2022-02-23 08:00:00,128.23
2022-02-23 09:00:00,270.69
2022-02-23 10:00:00,350.13
2022-02-23 11:00:00,467.05
2022-02-23 12:00:00,519.66
2022-02-23 13:00:00,512.9
2022-02-23 14:00:00,577.48
2022-02-23 15:00:00,478.96
2022-02-23 16:00:00,289.27
2022-02-23 17:00:00,168.32
2022-02-24 08:00:00,79.23
2022-02-24 09:00:00,222.7
2022-02-24 10:00:00,351.68
2022-02-24 11:00:00,396.92
2022-02-24 12:00:00,629.79
2022-02-24 13:00:00,575.1
2022-02-24 14:00:00,562.03
2022-02-24 15:00:00,250.28
2022-02-24 16:00:00,73.3
2022-02-24 17:00:00,50.39
2022-02-25 08:00:00,114.4
2022-02-25 09:00:00,267.29
2022-02-25 10:00:00,382.4
2022-02-25 11:00:00,476.84
2022-02-25 12:00:00,479.92
2022-02-25 13:00:00,415.07
2022-02-25 14:00:00,543.18
2022-02-25 15:00:00,585.11
2022-02-25 16:00:00,431.09
2022-02-25 17:00:00,247.81
2022-02-26 08:00:00,40.31
2022-02-26 09:00:00,118.89
2022-02-26 10:00:00,238.95
2022-02-26 11:00:00,291.28
2022-02-26 12:00:00,481.46
2022-02-26 13:00:00,536.95
2022-02-26 14:00:00,626.88
2022-02-26 15:00:00,417.29
2022-02-26 16:00:00,302.33
2022-02-26 17:00:00,189.66
2022-02-27 08:00:00,118.07
2022-02-27 09:00:00,272.61
2022-02-27 10:00:00,440.35
2022-02-27 11:00:00,564.05
2022-02-27 12:00:00,574.26
2022-02-27 13:00:00,424.7
2022-02-27 14:00:00,553.47
2022-02-27 15:00:00,493.54
2022-02-27 16:00:00,393.33
2022-02-27 17:00:00,232.13
2022-02-28 08:00:00,132.94
2022-02-28 09:00:00,317.18
2022-02-28 10:00:00,458.4
2022-02-28 11:00:00,608.45
2022-02-28 12:00:00,585.04
2022-02-28 13:00:00,713.5
2022-02-28 14:00:00,619.71
2022-02-28 15:00:00,496.95
2022-02-28 16:00:00,335.67
2022-02-28 17:00:00,232.27
2022-03-01 08:00:00,129.29
2022-03-01 09:00:00,273.33
2022-03-01 10:00:00,450.19
2022-03-01 11:00:00,537.07
2022-03-01 12:00:00,562.72
2022-03-01 13:00:00,691.74
2022-03-01 14:00:00,680.79
2022-03-01 15:00:00,567.86
2022-03-01 16:00:00,421.01
2022-03-01 17:00:00,222.69
2022-03-02 08:00:00,172.9
2022-03-02 09:00:00,368.9
2022-03-02 10:00:00,496.93
2022-03-02 11:00:00,627.27
2022-03-02 12:00:00,684.67
2022-03-02 13:00:00,672.18
2022-03-02 14:00:00,682.72
2022-03-02 15:00:00,524.34
2022-03-02 16:00:00,407.66
2022-03-02 17:00:00,233.33
2022-03-03 08:00:00,141.04
2022-03-03 09:00:00,310.71
2022-03-03 10:00:00,523.24
2022-03-03 11:00:00,626.57
2022-03-03 12:00:00,693.34
2022-03-03 13:00:00,628.94
2022-03-03 14:00:00,652.58
2022-03-03 15:00:00,565.08
2022-03-03 16:00:00,405.97
2022-03-03 17:00:00,225.15
2022-03-04 08:00:00,109.4
2022-03-04 09:00:00,291.59
2022-03-04 10:00:00,477.26
2022-03-04 11:00:00,624.34
2022-03-04 12:00:00,652.15
2022-03-04 13:00:00,573.58
2022-03-04 14:00:00,594.44
2022-03-04 15:00:00,548.04
2022-03-04 16:00:00,396.49
2022-03-04 17:00:00,257.98
2022-03-05 08:00:00,51.89
2022-03-05 09:00:00,154.31
2022-03-05 10:00:00,266.19
2022-03-05 11:00:00,370.38
2022-03-05 12:00:00,393.44
2022-03-05 13:00:00,507.28
2022-03-05 14:00:00,570.23
2022-03-05 15:00:00,523.43
2022-03-05 16:00:00,365.07
2022-03-05 17:00:00,208.83
2022-03-06 08:00:00,63.76
2022-03-06 09:00:00,187.53
2022-03-06 10:00:00,220.5
2022-03-06 11:00:00,389.9
2022-03-06 12:00:00,450.97
2022-03-06 13:00:00,452.31
2022-03-06 14:00:00,373.53
2022-03-06 15:00:00,303.27
2022-03-06 16:00:00,247.75
2022-03-06 17:00:00,130.12
2022-03-07 08:00:00,115.1
2022-03-07 09:00:00,270.53
2022-03-07 10:00:00,498.85
2022-03-07 11:00:00,628.83
2022-03-07 12:00:00,625.54
2022-03-07 13:00:00,582.63
2022-03-07 14:00:00,459.19
2022-03-07 15:00:00,502.87
2022-03-07 16:00:00,313.34
2022-03-07 17:00:00,183.01
2022-03-08 08:00:00,80.15
2022-03-08 09:00:00,172.42
2022-03-08 10:00:00,188.55
2022-03-08 11:00:00,229.01
2022-03-08 12:00:00,224.01
2022-03-08 13:00:00,214.3
2022-03-08 14:00:00,645.6
2022-03-08 15:00:00,543.49
2022-03-08 16:00:00,397.17
2022-03-08 17:00:00,182.3
2022-03-09 08:00:00,148.2
2022-03-09 09:00:00,334.99
2022-03-09 10:00:00,475.96
2022-03-09 11:00:00,585.19
2022-03-09 12:00:00,623.17
2022-03-09 13:00:00,546.36
2022-03-09 14:00:00,617.59
2022-03-09 15:00:00,514.42
2022-03-09 16:00:00,415.06
2022-03-09 17:00:00,229.29
2022-03-10 08:00:00,132.15
2022-03-10 09:00:00,352.11
2022-03-10 10:00:00,504.06
2022-03-10 11:00:00,608.26
2022-03-10 12:00:00,644.0
2022-03-10 13:00:00,685.42
2022-03-10 14:00:00,659.95
2022-03-10 15:00:00,511.76
2022-03-10 16:00:00,385.24
2022-03-10 17:00:00,235.35
2022-03-11 08:00:00,148.47
2022-03-11 09:00:00,332.55
2022-03-11 10:00:00,531.18
2022-03-11 11:00:00,636.86
2022-03-11 12:00:00,674.38
2022-03-11 13:00:00,657.03
2022-03-11 14:00:00,624.58
2022-03-11 15:00:00,546.46
2022-03-11 16:00:00,385.02
2022-03-11 17:00:00,204.51
2022-03-12 08:00:00,138.71
2022-03-12 09:00:00,357.67
2022-03-12 10:00:00,513.4
2022-03-12 11:00:00,632.63
2022-03-12 12:00:00,686.31
2022-03-12 13:00:00,726.53
2022-03-12 14:00:00,663.81
2022-03-12 15:00:00,527.97
2022-03-12 16:00:00,437.0
2022-03-12 17:00:00,254.94
2022-03-13 08:00:00,179.13
2022-03-13 09:00:00,375.88
2022-03-13 10:00:00,545.22
2022-03-13 11:00:00,666.35
2022-03-13 12:00:00,700.56
2022-03-13 13:00:00,704.53
2022-03-13 14:00:00,645.35
2022-03-13 15:00:00,554.79
2022-03-13 16:00:00,410.05
2022-03-13 17:00:00,235.86
2022-03-14 08:00:00,153.22
2022-03-14 09:00:00,344.88
2022-03-14 10:00:00,486.58
2022-03-14 11:00:00,572.42
2022-03-14 12:00:00,506.01
2022-03-14 13:00:00,580.5
2022-03-14 14:00:00,629.9
2022-03-14 15:00:00,609.41
2022-03-14 16:00:00,433.8
2022-03-14 17:00:00,249.15
2022-03-15 08:00:00,73.69
2022-03-15 09:00:00,198.12
2022-03-15 10:00:00,319.65
2022-03-15 11:00:00,325.46
2022-03-15 12:00:00,468.2
2022-03-15 13:00:00,566.75
2022-03-15 14:00:00,388.18
2022-03-15 15:00:00,342.73
2022-03-15 16:00:00,162.84
2022-03-15 17:00:00,106.74
2022-03-16 08:00:00,51.39
2022-03-16 09:00:00,113.1
2022-03-16 10:00:00,187.13
2022-03-16 11:00:00,185.83
2022-03-16 12:00:00,284.63
2022-03-16 13:00:00,298.11
2022-03-16 14:00:00,617.45
2022-03-16 15:00:00,513.0
2022-03-16 16:00:00,428.86
2022-03-16 17:00:00,245.87
2022-03-17 08:00:00,147.34
2022-03-17 09:00:00,298.99
2022-03-17 10:00:00,384.65
2022-03-17 11:00:00,446.14
2022-03-17 12:00:00,567.33
2022-03-17 13:00:00,653.1
2022-03-17 14:00:00,574.28
2022-03-17 15:00:00,373.12
2022-03-17 16:00:00,352.27
2022-03-17 17:00:00,194.46
2022-03-18 08:00:00,111.56
2022-03-18 09:00:00,273.32
2022-03-18 10:00:00,425.43
2022-03-18 11:00:00,552.14
2022-03-18 12:00:00,493.82
2022-03-18 13:00:00,516.55
2022-03-18 14:00:00,629.13
2022-03-18 15:00:00,360.76
2022-03-18 16:00:00,274.74
2022-03-18 17:00:00,172.52
2022-03-19 08:00:00,127.63
2022-03-19 09:00:00,326.78
2022-03-19 10:00:00,481.38
2022-03-19 11:00:00,579.55
2022-03-19 12:00:00,660.13
2022-03-19 13:00:00,604.71
2022-03-19 14:00:00,550.42
2022-03-19 15:00:00,500.67
2022-03-19 16:00:00,311.56
2022-03-19 17:00:00,158.68
2022-03-20 08:00:00,127.32
2022-03-20 09:00:00,252.38
2022-03-20 10:00:00,473.35
2022-03-20 11:00:00,590.76
2022-03-20 12:00:00,647.32
2022-03-20 13:00:00,660.85
2022-03-20 14:00:00,621.59
2022-03-20 15:00:00,546.23
2022-03-20 16:00:00,406.98
2022-03-20 17:00:00,224.71
2022-03-21 08:00:00,82.17
2022-03-21 09:00:00,118.14
2022-03-21 10:00:00,196.82
2022-03-21 11:00:00,336.64
2022-03-21 12:00:00,325.14
2022-03-21 13:00:00,235.24
2022-03-21 14:00:00,379.73
2022-03-21 15:00:00,348.44
2022-03-21 16:00:00,188.55
2022-03-21 17:00:00,119.53
2022-03-22 08:00:00,142.84
2022-03-22 09:00:00,377.9
2022-03-22 10:00:00,489.89
2022-03-22 11:00:00,509.77
2022-03-22 12:00:00,635.08
2022-03-22 13:00:00,651.0
2022-03-22 14:00:00,667.25
2022-03-22 15:00:00,539.56
2022-03-22 16:00:00,426.79
2022-03-22 17:00:00,231.98
2022-03-23 08:00:00,172.54
2022-03-23 09:00:00,347.41
2022-03-23 10:00:00,507.38
2022-03-23 11:00:00,610.95
2022-03-23 12:00:00,700.21
2022-03-23 13:00:00,661.06
2022-03-23 14:00:00,479.63
2022-03-23 15:00:00,510.4
2022-03-23 16:00:00,421.35
2022-03-23 17:00:00,252.89
2022-03-24 08:00:00,170.58
2022-03-24 09:00:00,349.69
2022-03-24 10:00:00,435.14
2022-03-24 11:00:00,556.79
2022-03-24 12:00:00,632.64
2022-03-24 13:00:00,555.25
2022-03-24 14:00:00,617.51
2022-03-24 15:00:00,526.08
2022-03-24 16:00:00,395.42
2022-03-24 17:00:00,215.99
2022-03-25 08:00:00,142.94
2022-03-25 09:00:00,333.57
2022-03-25 10:00:00,476.46
2022-03-25 11:00:00,587.57
2022-03-25 12:00:00,601.18
2022-03-25 13:00:00,620.53
2022-03-25 14:00:00,647.41
2022-03-25 15:00:00,571.31
2022-03-25 16:00:00,441.18
2022-03-25 17:00:00,234.95
2022-03-26 08:00:00,177.19
2022-03-26 09:00:00,360.85
2022-03-26 10:00:00,507.58
2022-03-26 11:00:00,625.83
2022-03-26 12:00:00,693.08
2022-03-26 13:00:00,694.27
2022-03-26 14:00:00,644.34
2022-03-26 15:00:00,517.17
2022-03-26 16:00:00,383.78
2022-03-26 17:00:00,219.76
2022-03-27 08:00:00,145.45
2022-03-27 09:00:00,335.48
2022-03-27 10:00:00,514.85
2022-03-27 11:00:00,616.9
2022-03-27 12:00:00,675.24
2022-03-27 13:00:00,648.17
2022-03-27 14:00:00,580.79
2022-03-27 15:00:00,504.16
2022-03-27 16:00:00,414.06
2022-03-27 17:00:00,213.05
2022-03-28 08:00:00,165.57
2022-03-28 09:00:00,356.24
2022-03-28 10:00:00,487.83
2022-03-28 11:00:00,633.01
2022-03-28 12:00:00,638.58
2022-03-28 13:00:00,670.2
2022-03-28 14:00:00,614.93
2022-03-28 15:00:00,537.63
2022-03-28 16:00:00,386.66
2022-03-28 17:00:00,209.97
2022-03-29 08:00:00,163.69
2022-03-29 09:00:00,340.98
2022-03-29 10:00:00,535.71
2022-03-29 11:00:00,636.6
2022-03-29 12:00:00,687.3
2022-03-29 13:00:00,699.07
2022-03-29 14:00:00,639.17
2022-03-29 15:00:00,505.54
2022-03-29 16:00:00,343.65
2022-03-29 17:00:00,181.5
2022-03-30 08:00:00,170.82
2022-03-30 09:00:00,373.29
2022-03-30 10:00:00,500.8
2022-03-30 11:00:00,637.14
2022-03-30 12:00:00,649.29
2022-03-30 13:00:00,679.27
2022-03-30 14:00:00,628.21
2022-03-30 15:00:00,554.16
2022-03-30 16:00:00,374.9
2022-03-30 17:00:00,191.54
2022-03-31 08:00:00,154.43
2022-03-31 09:00:00,337.84
2022-03-31 10:00:00,466.03
2022-03-31 11:00:00,608.0
2022-03-31 12:00:00,622.51
2022-03-31 13:00:00,626.43
2022-03-31 14:00:00,498.13
2022-03-31 15:00:00,529.16
2022-03-31 16:00:00,413.33
2022-03-31 17:00:00,241.48
2022-04-01 08:00:00,168.02
2022-04-01 09:00:00,332.2
2022-04-01 10:00:00,500.95
2022-04-01 11:00:00,646.23
2022-04-01 12:00:00,646.03
2022-04-01 13:00:00,677.01
2022-04-01 14:00:00,636.69
2022-04-01 15:00:00,533.65
2022-04-01 16:00:00,393.16
2022-04-01 17:00:00,193.95
2022-04-02 08:00:00,164.64
2022-04-02 09:00:00,329.43
2022-04-02 10:00:00,396.98
2022-04-02 11:00:00,508.6
2022-04-02 12:00:00,540.69
2022-04-02 13:00:00,549.35
2022-04-02 14:00:00,611.25
2022-04-02 15:00:00,522.2
2022-04-02 16:00:00,388.12
2022-04-02 17:00:00,213.58
2022-04-03 08:00:00,100.07
2022-04-03 09:00:00,192.55
2022-04-03 10:00:00,285.17
2022-04-03 11:00:00,358.67
2022-04-03 12:00:00,396.71
2022-04-03 13:00:00,397.48
2022-04-03 14:00:00,280.27
2022-04-03 15:00:00,230.86
2022-04-03 16:00:00,161.36
2022-04-03 17:00:00,128.07
2022-04-04 08:00:00,169.62
2022-04-04 09:00:00,295.72
2022-04-04 10:00:00,449.85
2022-04-04 11:00:00,566.48
2022-04-04 12:00:00,603.14
2022-04-04 13:00:00,629.44
2022-04-04 14:00:00,615.34
2022-04-04 15:00:00,525.65
2022-04-04 16:00:00,376.96
2022-04-04 17:00:00,189.56
2022-04-05 08:00:00,137.75
2022-04-05 09:00:00,314.79
2022-04-05 10:00:00,474.29
2022-04-05 11:00:00,600.33
2022-04-05 12:00:00,577.78
2022-04-05 13:00:00,547.76
2022-04-05 14:00:00,518.78
2022-04-05 15:00:00,418.09
2022-04-05 16:00:00,264.76
2022-04-05 17:00:00,151.66
2022-04-06 08:00:00,59.71
2022-04-06 09:00:00,301.52
2022-04-06 10:00:00,338.01
2022-04-06 11:00:00,524.03
2022-04-06 12:00:00,585.8
2022-04-06 13:00:00,648.32
2022-04-06 14:00:00,599.92
2022-04-06 15:00:00,523.46
2022-04-06 16:00:00,344.37
2022-04-06 17:00:00,167.46
2022-04-07 08:00:00,71.59
2022-04-07 09:00:00,248.33
2022-04-07 10:00:00,405.16
2022-04-07 11:00:00,452.05
2022-04-07 12:00:00,244.82
2022-04-07 13:00:00,358.6
2022-04-07 14:00:00,410.74
2022-04-07 15:00:00,375.84
2022-04-07 16:00:00,242.19
2022-04-07 17:00:00,140.25
2022-04-08 08:00:00,147.36
2022-04-08 09:00:00,363.85
2022-04-08 10:00:00,537.69
2022-04-08 11:00:00,609.5
2022-04-08 12:00:00,624.19
2022-04-08 13:00:00,645.84
2022-04-08 14:00:00,626.25
2022-04-08 15:00:00,501.41
2022-04-08 16:00:00,354.13
2022-04-08 17:00:00,174.89
2022-04-09 08:00:00,30.02
2022-04-09 09:00:00,82.97
2022-04-09 10:00:00,251.66
2022-04-09 11:00:00,361.11
2022-04-09 12:00:00,436.02
2022-04-09 13:00:00,437.9
2022-04-09 14:00:00,317.44
2022-04-09 15:00:00,359.01
2022-04-09 16:00:00,285.52
2022-04-09 17:00:00,185.97
2022-04-10 08:00:00,175.31
2022-04-10 09:00:00,361.4
2022-04-10 10:00:00,470.02
2022-04-10 11:00:00,581.76
2022-04-10 12:00:00,664.13
2022-04-10 13:00:00,594.24
2022-04-10 14:00:00,536.87
2022-04-10 15:00:00,398.09
2022-04-10 16:00:00,309.55
2022-04-10 17:00:00,169.13
2022-04-11 08:00:00,138.15
2022-04-11 09:00:00,274.93
2022-04-11 10:00:00,447.34
2022-04-11 11:00:00,581.48
2022-04-11 12:00:00,530.18
2022-04-11 13:00:00,630.87
2022-04-11 14:00:00,498.24
2022-04-11 15:00:00,410.28
2022-04-11 16:00:00,253.75
2022-04-11 17:00:00,141.91
2022-04-12 08:00:00,108.86
2022-04-12 09:00:00,342.0
2022-04-12 10:00:00,509.95
2022-04-12 11:00:00,612.05
2022-04-12 12:00:00,647.87
2022-04-12 13:00:00,629.63
2022-04-12 14:00:00,563.16
2022-04-12 15:00:00,512.89
2022-04-12 16:00:00,383.36
2022-04-12 17:00:00,203.96
2022-04-13 08:00:00,148.79
2022-04-13 09:00:00,324.14
2022-04-13 10:00:00,456.76
2022-04-13 11:00:00,546.87
2022-04-13 12:00:00,599.78
2022-04-13 13:00:00,629.81
2022-04-13 14:00:00,409.16
2022-04-13 15:00:00,379.23
2022-04-13 16:00:00,322.07
2022-04-13 17:00:00,152.74
2022-04-14 08:00:00,121.01
2022-04-14 09:00:00,278.37
2022-04-14 10:00:00,413.27
2022-04-14 11:00:00,490.04
2022-04-14 12:00:00,488.45
2022-04-14 13:00:00,515.89
2022-04-14 14:00:00,549.78
2022-04-14 15:00:00,512.28
2022-04-14 16:00:00,357.2
2022-04-14 17:00:00,202.54
2022-04-15 08:00:00,112.68
2022-04-15 09:00:00,200.1
2022-04-15 10:00:00,319.37
2022-04-15 11:00:00,441.14
2022-04-15 12:00:00,581.13
2022-04-15 13:00:00,563.41
2022-04-15 14:00:00,507.31
2022-04-15 15:00:00,388.51
2022-04-15 16:00:00,299.52
2022-04-15 17:00:00,125.26
2022-04-16 08:00:00,157.1
2022-04-16 09:00:00,251.35
2022-04-16 10:00:00,382.85
2022-04-16 11:00:00,461.33
2022-04-16 12:00:00,595.25
2022-04-16 13:00:00,604.38
2022-04-16 14:00:00,542.62
2022-04-16 15:00:00,478.81
2022-04-16 16:00:00,376.76
2022-04-16 17:00:00,195.33
2022-04-17 08:00:00,146.15
2022-04-17 09:00:00,331.69
2022-04-17 10:00:00,505.11
2022-04-17 11:00:00,597.47
2022-04-17 12:00:00,647.07
2022-04-17 13:00:00,597.71
2022-04-17 14:00:00,598.0
2022-04-17 15:00:00,499.21
2022-04-17 16:00:00,328.44
2022-04-17 17:00:00,163.42
2022-04-18 08:00:00,36.08
2022-04-18 09:00:00,104.92
2022-04-18 10:00:00,138.35
2022-04-18 11:00:00,282.01
2022-04-18 12:00:00,325.37
2022-04-18 13:00:00,290.27
2022-04-18 14:00:00,519.19
2022-04-18 15:00:00,466.33
2022-04-18 16:00:00,340.88
2022-04-18 17:00:00,170.98
2022-04-19 08:00:00,169.31
2022-04-19 09:00:00,330.24
2022-04-19 10:00:00,467.49
2022-04-19 11:00:00,587.64
2022-04-19 12:00:00,614.76
2022-04-19 13:00:00,610.11
2022-04-19 14:00:00,527.72
2022-04-19 15:00:00,389.76
2022-04-19 16:00:00,313.93
2022-04-19 17:00:00,157.12
2022-04-20 08:00:00,175.37
2022-04-20 09:00:00,359.06
2022-04-20 10:00:00,505.82
2022-04-20 11:00:00,606.61
2022-04-20 12:00:00,595.48
2022-04-20 13:00:00,583.88
2022-04-20 14:00:00,490.62
2022-04-20 15:00:00,408.08
2022-04-20 16:00:00,310.9
2022-04-20 17:00:00,121.04
2022-04-21 08:00:00,124.12
2022-04-21 09:00:00,352.29
2022-04-21 10:00:00,487.95
2022-04-21 11:00:00,576.48
2022-04-21 12:00:00,646.04
2022-04-21 13:00:00,651.49
2022-04-21 14:00:00,560.36
2022-04-21 15:00:00,200.69
2022-04-21 16:00:00,166.81
2022-04-21 17:00:00,165.82
2022-04-22 08:00:00,142.55
2022-04-22 09:00:00,304.52
2022-04-22 10:00:00,466.8
2022-04-22 11:00:00,580.2
2022-04-22 12:00:00,609.91
2022-04-22 13:00:00,655.54
2022-04-22 14:00:00,623.2
2022-04-22 15:00:00,518.98
2022-04-22 16:00:00,356.47
2022-04-22 17:00:00,193.21
2022-04-23 08:00:00,136.63
2022-04-23 09:00:00,267.05
2022-04-23 10:00:00,451.96
2022-04-23 11:00:00,544.26
2022-04-23 12:00:00,615.6
2022-04-23 13:00:00,558.34
2022-04-23 14:00:00,577.71
2022-04-23 15:00:00,453.85
2022-04-23 16:00:00,289.79
2022-04-23 17:00:00,179.72
2022-04-24 08:00:00,166.79
2022-04-24 09:00:00,331.09
2022-04-24 10:00:00,407.03
2022-04-24 11:00:00,551.54
2022-04-24 12:00:00,580.18
2022-04-24 13:00:00,597.45
2022-04-24 14:00:00,434.54
2022-04-24 15:00:00,332.96
2022-04-24 16:00:00,220.86
2022-04-24 17:00:00,154.27
2022-04-25 08:00:00,119.49
2022-04-25 09:00:00,239.66
2022-04-25 10:00:00,395.68
2022-04-25 11:00:00,513.61
2022-04-25 12:00:00,566.34
2022-04-25 13:00:00,547.45
2022-04-25 14:00:00,514.31
2022-04-25 15:00:00,347.74
2022-04-25 16:00:00,271.6
2022-04-25 17:00:00,146.13
2022-04-26 08:00:00,111.64
2022-04-26 09:00:00,217.4
2022-04-26 10:00:00,290.12
2022-04-26 11:00:00,404.42
2022-04-26 12:00:00,572.32
2022-04-26 13:00:00,453.74
2022-04-26 14:00:00,436.96
2022-04-26 15:00:00,291.85
2022-04-26 16:00:00,171.72
2022-04-26 17:00:00,99.43
2022-04-27 08:00:00,159.64
2022-04-27 09:00:00,341.34
2022-04-27 10:00:00,427.3
2022-04-27 11:00:00,461.86
2022-04-27 12:00:00,373.01
2022-04-27 13:00:00,290.82
2022-04-27 14:00:00,157.09
2022-04-27 15:00:00,291.71
2022-04-27 16:00:00,279.49
2022-04-27 17:00:00,170.03
2022-04-28 08:00:00,106.55
2022-04-28 09:00:00,230.78
2022-04-28 10:00:00,415.17
2022-04-28 11:00:00,543.45
2022-04-28 12:00:00,608.16
2022-04-28 13:00:00,564.03
2022-04-28 14:00:00,509.17
2022-04-28 15:00:00,481.41
2022-04-28 16:00:00,321.46
2022-04-28 17:00:00,144.99
2022-04-29 08:00:00,161.43
2022-04-29 09:00:00,314.31
2022-04-29 10:00:00,432.03
2022-04-29 11:00:00,555.38
2022-04-29 12:00:00,547.98
2022-04-29 13:00:00,572.43
2022-04-29 14:00:00,572.11
2022-04-29 15:00:00,475.95
2022-04-29 16:00:00,352.24
2022-04-29 17:00:00,181.67
2022-04-30 08:00:00,144.54
2022-04-30 09:00:00,267.23
2022-04-30 10:00:00,346.9
2022-04-30 11:00:00,436.34
2022-04-30 12:00:00,426.72
2022-04-30 13:00:00,521.93
2022-04-30 14:00:00,493.63
2022-04-30 15:00:00,393.68
2022-04-30 16:00:00,211.36
2022-04-30 17:00:00,119.59
2022-05-01 08:00:00,156.05
2022-05-01 09:00:00,290.83
2022-05-01 10:00:00,445.84
2022-05-01 11:00:00,524.67
2022-05-01 12:00:00,535.41
2022-05-01 13:00:00,541.34
2022-05-01 14:00:00,537.73
2022-05-01 15:00:00,431.67
2022-05-01 16:00:00,280.52
2022-05-01 17:00:00,154.24
2022-05-02 08:00:00,114.88
2022-05-02 09:00:00,221.98
2022-05-02 10:00:00,410.68
2022-05-02 11:00:00,563.22
2022-05-02 12:00:00,555.86
2022-05-02 13:00:00,584.95
2022-05-02 14:00:00,478.46
2022-05-02 15:00:00,340.24
2022-05-02 16:00:00,295.19
2022-05-02 17:00:00,153.02
2022-05-03 08:00:00,108.2
2022-05-03 09:00:00,214.7
2022-05-03 10:00:00,422.55
2022-05-03 11:00:00,521.22
2022-05-03 12:00:00,550.21
2022-05-03 13:00:00,368.89
2022-05-03 14:00:00,579.51
2022-05-03 15:00:00,506.93
2022-05-03 16:00:00,352.73
2022-05-03 17:00:00,164.09
2022-05-04 08:00:00,70.69
2022-05-04 09:00:00,187.56
2022-05-04 10:00:00,267.1
2022-05-04 11:00:00,249.41
2022-05-04 12:00:00,381.69
2022-05-04 13:00:00,419.36
2022-05-04 14:00:00,470.19
2022-05-04 15:00:00,423.86
2022-05-04 16:00:00,269.36
2022-05-04 17:00:00,133.58
2022-05-05 08:00:00,94.4
2022-05-05 09:00:00,228.52
2022-05-05 10:00:00,288.21
2022-05-05 11:00:00,422.51
2022-05-05 12:00:00,484.03
2022-05-05 13:00:00,454.74
2022-05-05 14:00:00,431.85
2022-05-05 15:00:00,327.22
2022-05-05 16:00:00,235.23
2022-05-05 17:00:00,143.6
2022-05-06 08:00:00,147.41
2022-05-06 09:00:00,312.65
2022-05-06 10:00:00,466.19
2022-05-06 11:00:00,493.85
2022-05-06 12:00:00,506.89
2022-05-06 13:00:00,533.51
2022-05-06 14:00:00,564.23
2022-05-06 15:00:00,470.18
2022-05-06 16:00:00,328.41
2022-05-06 17:00:00,149.48
2022-05-07 08:00:00,117.53
2022-05-07 09:00:00,265.84
2022-05-07 10:00:00,312.21
2022-05-07 11:00:00,501.88
2022-05-07 12:00:00,530.2
2022-05-07 13:00:00,487.66
2022-05-07 14:00:00,492.06
2022-05-07 15:00:00,405.97
2022-05-07 16:00:00,205.38
2022-05-07 17:00:00,109.05
2022-05-08 08:00:00,157.11
2022-05-08 09:00:00,279.96
2022-05-08 10:00:00,455.79
2022-05-08 11:00:00,491.34
2022-05-08 12:00:00,478.5
2022-05-08 13:00:00,534.64
2022-05-08 14:00:00,387.46
2022-05-08 15:00:00,251.07
2022-05-08 16:00:00,197.25
2022-05-08 17:00:00,119.21
2022-05-09 08:00:00,141.28
2022-05-09 09:00:00,294.29
2022-05-09 10:00:00,361.83
2022-05-09 11:00:00,563.19
2022-05-09 12:00:00,619.53
2022-05-09 13:00:00,582.68
2022-05-09 14:00:00,588.93
2022-05-09 15:00:00,482.65
2022-05-09 16:00:00,310.61
2022-05-09 17:00:00,147.78
2022-05-10 08:00:00,149.87
2022-05-10 09:00:00,246.37
2022-05-10 10:00:00,302.67
2022-05-10 11:00:00,453.53
2022-05-10 12:00:00,448.2
2022-05-10 13:00:00,485.08
2022-05-10 14:00:00,528.29
2022-05-10 15:00:00,479.44
2022-05-10 16:00:00,251.84
2022-05-10 17:00:00,126.62
2022-05-11 08:00:00,123.56
2022-05-11 09:00:00,303.09
2022-05-11 10:00:00,342.43
2022-05-11 11:00:00,461.9
2022-05-11 12:00:00,551.74
2022-05-11 13:00:00,552.76
2022-05-11 14:00:00,429.84
2022-05-11 15:00:00,394.05
2022-05-11 16:00:00,305.65
2022-05-11 17:00:00,154.74
2022-05-12 08:00:00,129.08
2022-05-12 09:00:00,252.48
2022-05-12 10:00:00,439.69
2022-05-12 11:00:00,590.87
2022-05-12 12:00:00,622.41
2022-05-12 13:00:00,610.03
2022-05-12 14:00:00,599.76
2022-05-12 15:00:00,484.81
2022-05-12 16:00:00,343.28
2022-05-12 17:00:00,155.94
2022-05-13 08:00:00,160.05
2022-05-13 09:00:00,339.4
2022-05-13 10:00:00,442.6
2022-05-13 11:00:00,563.57
2022-05-13 12:00:00,610.4
2022-05-13 13:00:00,547.83
2022-05-13 14:00:00,542.48
2022-05-13 15:00:00,380.5
2022-05-13 16:00:00,273.25
2022-05-13 17:00:00,123.73
2022-05-14 08:00:00,146.99
2022-05-14 09:00:00,272.57
2022-05-14 10:00:00,442.92
2022-05-14 11:00:00,504.22
2022-05-14 12:00:00,577.42
2022-05-14 13:00:00,616.54
2022-05-14 14:00:00,486.07
2022-05-14 15:00:00,447.02
2022-05-14 16:00:00,314.48
2022-05-14 17:00:00,168.59
2022-05-15 08:00:00,133.95
2022-05-15 09:00:00,282.75
2022-05-15 10:00:00,464.29
2022-05-15 11:00:00,537.45
2022-05-15 12:00:00,539.51
2022-05-15 13:00:00,562.67
2022-05-15 14:00:00,525.12
2022-05-15 15:00:00,440.59
2022-05-15 16:00:00,323.65
2022-05-15 17:00:00,156.04
2022-05-16 08:00:00,134.7
2022-05-16 09:00:00,300.01
2022-05-16 10:00:00,429.57
2022-05-16 11:00:00,530.38
2022-05-16 12:00:00,568.41
2022-05-16 13:00:00,567.31
2022-05-16 14:00:00,532.72
2022-05-16 15:00:00,430.88
2022-05-16 16:00:00,232.3
2022-05-16 17:00:00,125.27
2022-05-17 08:00:00,88.95
2022-05-17 09:00:00,187.35
2022-05-17 10:00:00,422.49
2022-05-17 11:00:00,476.89
2022-05-17 12:00:00,552.67
2022-05-17 13:00:00,559.03
2022-05-17 14:00:00,534.3
2022-05-17 15:00:00,470.13
2022-05-17 16:00:00,341.12
2022-05-17 17:00:00,168.13
2022-05-18 08:00:00,162.07
2022-05-18 09:00:00,324.57
2022-05-18 10:00:00,419.72
2022-05-18 11:00:00,572.8
2022-05-18 12:00:00,615.94
2022-05-18 13:00:00,596.68
2022-05-18 14:00:00,510.94
2022-05-18 15:00:00,455.02
2022-05-18 16:00:00,323.96
2022-05-18 17:00:00,161.67
2022-05-19 08:00:00,134.96
2022-05-19 09:00:00,257.12
2022-05-19 10:00:00,368.69
2022-05-19 11:00:00,511.29
2022-05-19 12:00:00,514.2
2022-05-19 13:00:00,528.3
2022-05-19 14:00:00,450.92
2022-05-19 15:00:00,385.32
2022-05-19 16:00:00,243.51
2022-05-19 17:00:00,147.49
2022-05-20 08:00:00,71.47
2022-05-20 09:00:00,227.14
2022-05-20 10:00:00,407.05
2022-05-20 11:00:00,537.15
2022-05-20 12:00:00,590.31
2022-05-20 13:00:00,593.11
2022-05-20 14:00:00,531.36
2022-05-20 15:00:00,460.71
2022-05-20 16:00:00,305.94
2022-05-20 17:00:00,113.65
2022-05-21 08:00:00,133.49
2022-05-21 09:00:00,296.59
2022-05-21 10:00:00,379.04
2022-05-21 11:00:00,534.2
2022-05-21 12:00:00,595.98
2022-05-21 13:00:00,572.29
2022-05-21 14:00:00,489.09
2022-05-21 15:00:00,423.0
2022-05-21 16:00:00,306.32
2022-05-21 17:00:00,131.45
2022-05-22 08:00:00,64.33
2022-05-22 09:00:00,87.2
2022-05-22 10:00:00,239.23
2022-05-22 11:00:00,310.96
2022-05-22 12:00:00,379.63
2022-05-22 13:00:00,461.36
2022-05-22 14:00:00,523.57
2022-05-22 15:00:00,426.58
2022-05-22 16:00:00,292.43
2022-05-22 17:00:00,146.2
2022-05-23 08:00:00,148.27
2022-05-23 09:00:00,278.32
2022-05-23 10:00:00,442.67
2022-05-23 11:00:00,463.4
2022-05-23 12:00:00,486.86
2022-05-23 13:00:00,502.42
2022-05-23 14:00:00,525.75
2022-05-23 15:00:00,469.02
2022-05-23 16:00:00,297.62
2022-05-23 17:00:00,157.59
2022-05-24 08:00:00,152.37
2022-05-24 09:00:00,312.68
2022-05-24 10:00:00,469.74
2022-05-24 11:00:00,515.45
2022-05-24 12:00:00,601.29
2022-05-24 13:00:00,610.44
2022-05-24 14:00:00,566.08
2022-05-24 15:00:00,444.22
2022-05-24 16:00:00,327.45
2022-05-24 17:00:00,154.11
2022-05-25 08:00:00,126.42
2022-05-25 09:00:00,274.51
2022-05-25 10:00:00,386.22
2022-05-25 11:00:00,460.48
2022-05-25 12:00:00,568.25
2022-05-25 13:00:00,482.04
2022-05-25 14:00:00,463.92
2022-05-25 15:00:00,264.81
2022-05-25 16:00:00,192.73
2022-05-25 17:00:00,97.79
2022-05-26 08:00:00,151.23
2022-05-26 09:00:00,317.28
2022-05-26 10:00:00,442.86
2022-05-26 11:00:00,538.84
2022-05-26 12:00:00,583.79
2022-05-26 13:00:00,572.25
2022-05-26 14:00:00,405.38
2022-05-26 15:00:00,322.89
2022-05-26 16:00:00,279.4
2022-05-26 17:00:00,140.77
2022-05-27 08:00:00,145.71
2022-05-27 09:00:00,318.98
2022-05-27 10:00:00,463.76
2022-05-27 11:00:00,560.5
2022-05-27 12:00:00,605.91
2022-05-27 13:00:00,587.78
2022-05-27 14:00:00,512.97
2022-05-27 15:00:00,404.29
2022-05-27 16:00:00,252.66
2022-05-27 17:00:00,122.35
2022-05-28 08:00:00,74.6
2022-05-28 09:00:00,200.11
2022-05-28 10:00:00,335.51
2022-05-28 11:00:00,452.94
2022-05-28 12:00:00,569.58
2022-05-28 13:00:00,606.97
2022-05-28 14:00:00,546.77
2022-05-28 15:00:00,429.5
2022-05-28 16:00:00,334.78
2022-05-28 17:00:00,145.73
2022-05-29 08:00:00,147.39
2022-05-29 09:00:00,324.06
2022-05-29 10:00:00,468.14
2022-05-29 11:00:00,565.55
2022-05-29 12:00:00,593.72
2022-05-29 13:00:00,597.8
2022-05-29 14:00:00,544.47
2022-05-29 15:00:00,445.4
2022-05-29 16:00:00,307.48
2022-05-29 17:00:00,160.17
2022-05-30 08:00:00,145.94
2022-05-30 09:00:00,293.83
2022-05-30 10:00:00,458.32
2022-05-30 11:00:00,557.84
2022-05-30 12:00:00,602.73
2022-05-30 13:00:00,568.38
2022-05-30 14:00:00,507.1
2022-05-30 15:00:00,430.06
2022-05-30 16:00:00,320.6
2022-05-30 17:00:00,146.82
2022-05-31 08:00:00,142.4
2022-05-31 09:00:00,294.23
2022-05-31 10:00:00,438.6
2022-05-31 11:00:00,463.57
2022-05-31 12:00:00,541.84
2022-05-31 13:00:00,552.57
2022-05-31 14:00:00,525.63
2022-05-31 15:00:00,427.78
2022-05-31 16:00:00,305.4
2022-05-31 17:00:00,161.94
2022-06-01 08:00:00,122.57
2022-06-01 09:00:00,245.29
2022-06-01 10:00:00,398.83
2022-06-01 11:00:00,506.38
2022-06-01 12:00:00,486.02
2022-06-01 13:00:00,476.61
2022-06-01 14:00:00,510.39
2022-06-01 15:00:00,406.75
2022-06-01 16:00:00,259.6
2022-06-01 17:00:00,113.98
2022-06-02 08:00:00,108.54
2022-06-02 09:00:00,169.69
2022-06-02 10:00:00,248.76
2022-06-02 11:00:00,361.04
2022-06-02 12:00:00,368.79
2022-06-02 13:00:00,382.02
2022-06-02 14:00:00,245.06
2022-06-02 15:00:00,170.05
2022-06-02 16:00:00,161.38
2022-06-02 17:00:00,95.27
2022-06-03 08:00:00,121.01
2022-06-03 09:00:00,281.54
2022-06-03 10:00:00,387.27
2022-06-03 11:00:00,505.34
2022-06-03 12:00:00,555.46
2022-06-03 13:00:00,409.87
2022-06-03 14:00:00,456.49
2022-06-03 15:00:00,338.02
2022-06-03 16:00:00,177.96
2022-06-03 17:00:00,106.42
2022-06-04 08:00:00,119.64
2022-06-04 09:00:00,261.13
2022-06-04 10:00:00,399.04
2022-06-04 11:00:00,398.5
2022-06-04 12:00:00,487.75
2022-06-04 13:00:00,496.35
2022-06-04 14:00:00,341.55
2022-06-04 15:00:00,315.4
2022-06-04 16:00:00,269.43
2022-06-04 17:00:00,153.22
2022-06-05 08:00:00,110.55
2022-06-05 09:00:00,209.22
2022-06-05 10:00:00,376.45
2022-06-05 11:00:00,432.48
2022-06-05 12:00:00,490.25
2022-06-05 13:00:00,494.86
2022-06-05 14:00:00,323.22
2022-06-05 15:00:00,267.51
2022-06-05 16:00:00,239.09
2022-06-05 17:00:00,121.98
2022-06-06 08:00:00,103.22
2022-06-06 09:00:00,195.8
2022-06-06 10:00:00,346.66
2022-06-06 11:00:00,361.66
2022-06-06 12:00:00,462.9
2022-06-06 13:00:00,405.43
2022-06-06 14:00:00,386.88
2022-06-06 15:00:00,350.86
2022-06-06 16:00:00,271.96
2022-06-06 17:00:00,132.59
2022-06-07 08:00:00,114.01
2022-06-07 09:00:00,258.5
2022-06-07 10:00:00,326.69
2022-06-07 11:00:00,456.23
2022-06-07 12:00:00,422.42
2022-06-07 13:00:00,381.41
2022-06-07 14:00:00,480.54
2022-06-07 15:00:00,393.99
2022-06-07 16:00:00,226.22
2022-06-07 17:00:00,115.04
2022-06-08 08:00:00,93.46
2022-06-08 09:00:00,230.59
2022-06-08 10:00:00,388.92
2022-06-08 11:00:00,455.2
2022-06-08 12:00:00,528.35
2022-06-08 13:00:00,576.74
2022-06-08 14:00:00,556.52
2022-06-08 15:00:00,442.35
2022-06-08 16:00:00,273.95
2022-06-08 17:00:00,135.35
2022-06-09 08:00:00,55.77
2022-06-09 09:00:00,132.64
2022-06-09 10:00:00,192.09
2022-06-09 11:00:00,309.9
2022-06-09 12:00:00,379.52
2022-06-09 13:00:00,486.6
2022-06-09 14:00:00,204.0
2022-06-09 15:00:00,187.32
2022-06-09 16:00:00,168.1
2022-06-09 17:00:00,102.34
2022-06-10 08:00:00,83.78
2022-06-10 09:00:00,191.78
2022-06-10 10:00:00,320.18
2022-06-10 11:00:00,432.5
2022-06-10 12:00:00,491.63
2022-06-10 13:00:00,521.61
2022-06-10 14:00:00,528.08
2022-06-10 15:00:00,428.18
2022-06-10 16:00:00,307.98
2022-06-10 17:00:00,148.88
2022-06-11 08:00:00,120.24
2022-06-11 09:00:00,218.08
2022-06-11 10:00:00,368.28
2022-06-11 11:00:00,480.36
2022-06-11 12:00:00,578.66
2022-06-11 13:00:00,491.9
2022-06-11 14:00:00,460.89
2022-06-11 15:00:00,258.47
2022-06-11 16:00:00,182.56
2022-06-11 17:00:00,92.9
2022-06-12 08:00:00,45.98
2022-06-12 09:00:00,47.69
2022-06-12 10:00:00,130.47
2022-06-12 11:00:00,188.56
2022-06-12 12:00:00,335.7
2022-06-12 13:00:00,296.07
2022-06-12 14:00:00,240.04
2022-06-12 15:00:00,148.33
2022-06-12 16:00:00,130.63
2022-06-12 17:00:00,73.53
2022-06-13 08:00:00,55.58
2022-06-13 09:00:00,147.26
2022-06-13 10:00:00,328.14
2022-06-13 11:00:00,347.81
2022-06-13 12:00:00,465.59
2022-06-13 13:00:00,503.23
2022-06-13 14:00:00,499.9
2022-06-13 15:00:00,440.86
2022-06-13 16:00:00,276.0
2022-06-13 17:00:00,135.01
2022-06-14 08:00:00,91.9
2022-06-14 09:00:00,234.63
2022-06-14 10:00:00,402.71
2022-06-14 11:00:00,445.47
2022-06-14 12:00:00,505.52
2022-06-14 13:00:00,499.45
2022-06-14 14:00:00,498.14
2022-06-14 15:00:00,444.78
2022-06-14 16:00:00,335.29
2022-06-14 17:00:00,160.86
2022-06-15 08:00:00,97.29
2022-06-15 09:00:00,228.83
2022-06-15 10:00:00,364.16
2022-06-15 11:00:00,412.14
2022-06-15 12:00:00,499.98
2022-06-15 13:00:00,470.24
2022-06-15 14:00:00,479.06
2022-06-15 15:00:00,380.57
2022-06-15 16:00:00,294.32
2022-06-15 17:00:00,124.68
2022-06-16 08:00:00,89.89
2022-06-16 09:00:00,198.96
2022-06-16 10:00:00,361.39
2022-06-16 11:00:00,379.73
2022-06-16 12:00:00,382.81
2022-06-16 13:00:00,308.6
2022-06-16 14:00:00,317.69
2022-06-16 15:00:00,191.48
2022-06-16 16:00:00,90.73
2022-06-16 17:00:00,50.32
2022-06-17 08:00:00,97.33
2022-06-17 09:00:00,242.44
2022-06-17 10:00:00,348.55
2022-06-17 11:00:00,439.03
2022-06-17 12:00:00,476.32
2022-06-17 13:00:00,434.6
2022-06-17 14:00:00,385.29
2022-06-17 15:00:00,288.57
2022-06-17 16:00:00,178.79
2022-06-17 17:00:00,111.22
2022-06-18 08:00:00,77.67
2022-06-18 09:00:00,156.11
2022-06-18 10:00:00,221.14
2022-06-18 11:00:00,332.57
2022-06-18 12:00:00,487.16
2022-06-18 13:00:00,478.15
2022-06-18 14:00:00,384.54
2022-06-18 15:00:00,347.7
2022-06-18 16:00:00,276.36
2022-06-18 17:00:00,135.7
2022-06-19 08:00:00,117.57
2022-06-19 09:00:00,275.66
2022-06-19 10:00:00,425.94
2022-06-19 11:00:00,485.99
2022-06-19 12:00:00,575.31
2022-06-19 13:00:00,584.38
2022-06-19 14:00:00,526.74
2022-06-19 15:00:00,421.14
2022-06-19 16:00:00,290.17
2022-06-19 17:00:00,157.44
2022-06-20 08:00:00,67.84
2022-06-20 09:00:00,154.59
2022-06-20 10:00:00,337.44
2022-06-20 11:00:00,449.7
2022-06-20 12:00:00,487.04
2022-06-20 13:00:00,511.0
2022-06-20 14:00:00,44.29
2022-06-20 15:00:00,77.58
2022-06-20 16:00:00,67.21
2022-06-20 17:00:00,60.34
2022-06-21 08:00:00,115.62
2022-06-21 09:00:00,240.39
2022-06-21 10:00:00,266.5
2022-06-21 11:00:00,295.89
2022-06-21 12:00:00,479.85
2022-06-21 13:00:00,504.44
2022-06-21 14:00:00,284.1
2022-06-21 15:00:00,204.76
2022-06-21 16:00:00,169.99
2022-06-21 17:00:00,104.86
2022-06-22 08:00:00,49.23
2022-06-22 09:00:00,59.16
2022-06-22 10:00:00,85.71
2022-06-22 11:00:00,170.48
2022-06-22 12:00:00,219.51
2022-06-22 13:00:00,291.0
2022-06-22 14:00:00,415.25
2022-06-22 15:00:00,362.86
2022-06-22 16:00:00,188.84
2022-06-22 17:00:00,97.31
2022-06-23 08:00:00,94.5
2022-06-23 09:00:00,188.55
2022-06-23 10:00:00,267.88
2022-06-23 11:00:00,319.37
2022-06-23 12:00:00,457.75
2022-06-23 13:00:00,404.81
2022-06-23 14:00:00,281.95
2022-06-23 15:00:00,255.15
2022-06-23 16:00:00,249.76
2022-06-23 17:00:00,119.72
2022-06-24 08:00:00,94.1
2022-06-24 09:00:00,195.86
2022-06-24 10:00:00,366.61
2022-06-24 11:00:00,400.94
2022-06-24 12:00:00,406.86
2022-06-24 13:00:00,436.46
2022-06-24 14:00:00,431.51
2022-06-24 15:00:00,383.95
2022-06-24 16:00:00,304.45
2022-06-24 17:00:00,141.24
2022-06-25 08:00:00,85.58
2022-06-25 09:00:00,198.05
2022-06-25 10:00:00,289.19
2022-06-25 11:00:00,333.31
2022-06-25 12:00:00,320.26
2022-06-25 13:00:00,395.98
2022-06-25 14:00:00,311.43
2022-06-25 15:00:00,136.46
2022-06-25 16:00:00,101.33
2022-06-25 17:00:00,50.65
2022-06-26 08:00:00,114.83
2022-06-26 09:00:00,247.05
2022-06-26 10:00:00,380.59
2022-06-26 11:00:00,502.14
2022-06-26 12:00:00,559.36
2022-06-26 13:00:00,573.82
2022-06-26 14:00:00,516.55
2022-06-26 15:00:00,456.62
2022-06-26 16:00:00,306.41
2022-06-26 17:00:00,163.91
2022-06-27 08:00:00,91.52
2022-06-27 09:00:00,256.73
2022-06-27 10:00:00,314.62
2022-06-27 11:00:00,386.74
2022-06-27 12:00:00,450.77
2022-06-27 13:00:00,533.53
2022-06-27 14:00:00,458.15
2022-06-27 15:00:00,431.44
2022-06-27 16:00:00,246.87
2022-06-27 17:00:00,140.42
2022-06-28 08:00:00,126.84
2022-06-28 09:00:00,297.11
2022-06-28 10:00:00,432.12
2022-06-28 11:00:00,428.24
2022-06-28 12:00:00,451.58
2022-06-28 13:00:00,489.67
2022-06-28 14:00:00,501.31
2022-06-28 15:00:00,370.12
2022-06-28 16:00:00,266.74
2022-06-28 17:00:00,149.08
2022-06-29 08:00:00,103.33
2022-06-29 09:00:00,228.15
2022-06-29 10:00:00,395.17
2022-06-29 11:00:00,502.56
2022-06-29 12:00:00,513.13
2022-06-29 13:00:00,465.65
2022-06-29 14:00:00,553.49
2022-06-29 15:00:00,489.55
2022-06-29 16:00:00,341.22
2022-06-29 17:00:00,157.33
2022-06-30 08:00:00,43.26
2022-06-30 09:00:00,104.77
2022-06-30 10:00:00,181.23
2022-06-30 11:00:00,233.05
2022-06-30 12:00:00,315.22
2022-06-30 13:00:00,355.4
2022-06-30 14:00:00,392.39
2022-06-30 15:00:00,312.74
2022-06-30 16:00:00,213.68
2022-06-30 17:00:00,39.23
2022-07-01 08:00:00,119.58
2022-07-01 09:00:00,295.74
2022-07-01 10:00:00,433.1
2022-07-01 11:00:00,494.48
2022-07-01 12:00:00,580.06
2022-07-01 13:00:00,562.06
2022-07-01 14:00:00,508.66
2022-07-01 15:00:00,456.49
2022-07-01 16:00:00,312.92
2022-07-01 17:00:00,159.8
2022-07-02 08:00:00,122.49
2022-07-02 09:00:00,286.35
2022-07-02 10:00:00,426.35
2022-07-02 11:00:00,493.87
2022-07-02 12:00:00,573.85
2022-07-02 13:00:00,572.5
2022-07-02 14:00:00,536.52
2022-07-02 15:00:00,481.59
2022-07-02 16:00:00,350.9
2022-07-02 17:00:00,181.15
2022-07-03 08:00:00,118.85
2022-07-03 09:00:00,236.24
2022-07-03 10:00:00,396.24
2022-07-03 11:00:00,482.26
2022-07-03 12:00:00,525.92
2022-07-03 13:00:00,575.62
2022-07-03 14:00:00,556.74
2022-07-03 15:00:00,491.97
2022-07-03 16:00:00,351.66
2022-07-03 17:00:00,179.0
2022-07-04 08:00:00,127.49
2022-07-04 09:00:00,282.43
2022-07-04 10:00:00,420.41
2022-07-04 11:00:00,468.79
2022-07-04 12:00:00,548.6
2022-07-04 13:00:00,566.62
2022-07-04 14:00:00,531.26
2022-07-04 15:00:00,462.72
2022-07-04 16:00:00,315.74
2022-07-04 17:00:00,152.49
2022-07-05 08:00:00,110.97
2022-07-05 09:00:00,247.35
2022-07-05 10:00:00,400.2
2022-07-05 11:00:00,336.25
2022-07-05 12:00:00,369.23
2022-07-05 13:00:00,234.98
2022-07-05 14:00:00,320.53
2022-07-05 15:00:00,90.6
2022-07-05 16:00:00,217.84
2022-07-05 17:00:00,116.82
2022-07-06 08:00:00,71.11
2022-07-06 09:00:00,168.28
2022-07-06 10:00:00,289.51
2022-07-06 11:00:00,277.68
2022-07-06 12:00:00,365.01
2022-07-06 13:00:00,277.01
2022-07-06 14:00:00,242.21
2022-07-06 15:00:00,215.47
2022-07-06 16:00:00,228.51
2022-07-06 17:00:00,133.23
2022-07-07 08:00:00,124.75
2022-07-07 09:00:00,294.65
2022-07-07 10:00:00,438.14
2022-07-07 11:00:00,501.39
2022-07-07 12:00:00,542.71
2022-07-07 13:00:00,544.01
2022-07-07 14:00:00,513.97
2022-07-07 15:00:00,421.6
2022-07-07 16:00:00,318.53
2022-07-07 17:00:00,166.93
2022-07-08 08:00:00,114.44
2022-07-08 09:00:00,259.84
2022-07-08 10:00:00,351.81
2022-07-08 11:00:00,426.02
2022-07-08 12:00:00,493.55
2022-07-08 13:00:00,546.74
2022-07-08 14:00:00,550.06
2022-07-08 15:00:00,482.75
2022-07-08 16:00:00,334.21
2022-07-08 17:00:00,170.24
2022-07-09 08:00:00,95.34
2022-07-09 09:00:00,190.95
2022-07-09 10:00:00,318.61
2022-07-09 11:00:00,368.93
2022-07-09 12:00:00,392.43
2022-07-09 13:00:00,437.17
2022-07-09 14:00:00,514.19
2022-07-09 15:00:00,416.99
2022-07-09 16:00:00,310.3
2022-07-09 17:00:00,161.54
2022-07-10 08:00:00,115.47
2022-07-10 09:00:00,290.4
2022-07-10 10:00:00,383.92
2022-07-10 11:00:00,494.21
2022-07-10 12:00:00,590.99
2022-07-10 13:00:00,568.78
2022-07-10 14:00:00,389.86
2022-07-10 15:00:00,333.34
2022-07-10 16:00:00,180.65
2022-07-10 17:00:00,92.8
2022-07-11 08:00:00,119.14
2022-07-11 09:00:00,263.42
2022-07-11 10:00:00,416.39
2022-07-11 11:00:00,511.16
2022-07-11 12:00:00,553.91
2022-07-11 13:00:00,517.58
2022-07-11 14:00:00,507.06
2022-07-11 15:00:00,409.37
2022-07-11 16:00:00,275.8
2022-07-11 17:00:00,138.71
2022-07-12 08:00:00,106.76
2022-07-12 09:00:00,192.57
2022-07-12 10:00:00,267.43
2022-07-12 11:00:00,238.47
2022-07-12 12:00:00,468.14
2022-07-12 13:00:00,533.67
2022-07-12 14:00:00,365.2
2022-07-12 15:00:00,406.27
2022-07-12 16:00:00,308.55
2022-07-12 17:00:00,161.98
2022-07-13 08:00:00,90.04
2022-07-13 09:00:00,265.58
2022-07-13 10:00:00,421.97
2022-07-13 11:00:00,444.01
2022-07-13 12:00:00,465.31
2022-07-13 13:00:00,491.5
2022-07-13 14:00:00,338.72
2022-07-13 15:00:00,247.22
2022-07-13 16:00:00,145.45
2022-07-13 17:00:00,95.53
2022-07-14 08:00:00,105.5
2022-07-14 09:00:00,253.75
2022-07-14 10:00:00,394.12
2022-07-14 11:00:00,514.6
2022-07-14 12:00:00,553.73
2022-07-14 13:00:00,516.83
2022-07-14 14:00:00,551.18
2022-07-14 15:00:00,420.19
2022-07-14 16:00:00,275.29
2022-07-14 17:00:00,143.51
2022-07-15 08:00:00,108.78
2022-07-15 09:00:00,225.02
2022-07-15 10:00:00,409.77
2022-07-15 11:00:00,438.11
2022-07-15 12:00:00,534.1
2022-07-15 13:00:00,520.52
2022-07-15 14:00:00,512.29
2022-07-15 15:00:00,448.69
2022-07-15 16:00:00,313.69
2022-07-15 17:00:00,168.76
2022-07-16 08:00:00,126.03
2022-07-16 09:00:00,303.58
2022-07-16 10:00:00,454.43
2022-07-16 11:00:00,567.63
2022-07-16 12:00:00,602.64
2022-07-16 13:00:00,611.55
2022-07-16 14:00:00,595.41
2022-07-16 15:00:00,473.01
2022-07-16 16:00:00,351.88
2022-07-16 17:00:00,188.55
2022-07-17 08:00:00,118.96
2022-07-17 09:00:00,266.98
2022-07-17 10:00:00,435.7
2022-07-17 11:00:00,468.41
2022-07-17 12:00:00,460.58
2022-07-17 13:00:00,468.35
2022-07-17 14:00:00,489.91
2022-07-17 15:00:00,385.99
2022-07-17 16:00:00,264.84
2022-07-17 17:00:00,143.47
2022-07-18 08:00:00,113.32
2022-07-18 09:00:00,289.72
2022-07-18 10:00:00,443.16
2022-07-18 11:00:00,528.02
2022-07-18 12:00:00,595.06
2022-07-18 13:00:00,570.15
2022-07-18 14:00:00,544.86
2022-07-18 15:00:00,485.19
2022-07-18 16:00:00,360.84
2022-07-18 17:00:00,172.15
2022-07-19 08:00:00,125.43
2022-07-19 09:00:00,303.85
2022-07-19 10:00:00,387.59
2022-07-19 11:00:00,485.31
2022-07-19 12:00:00,572.71
2022-07-19 13:00:00,586.01
2022-07-19 14:00:00,572.11
2022-07-19 15:00:00,402.67
2022-07-19 16:00:00,314.99
2022-07-19 17:00:00,172.4
2022-07-20 08:00:00,46.71
2022-07-20 09:00:00,154.99
2022-07-20 10:00:00,242.45
2022-07-20 11:00:00,369.88
2022-07-20 12:00:00,464.79
2022-07-20 13:00:00,436.64
2022-07-20 14:00:00,376.47
2022-07-20 15:00:00,435.37
2022-07-20 16:00:00,325.31
2022-07-20 17:00:00,153.87
2022-07-21 08:00:00,87.81
2022-07-21 09:00:00,245.54
2022-07-21 10:00:00,370.83
2022-07-21 11:00:00,433.29
2022-07-21 12:00:00,505.02
2022-07-21 13:00:00,522.45
2022-07-21 14:00:00,476.26
2022-07-21 15:00:00,395.77
2022-07-21 16:00:00,273.87
2022-07-21 17:00:00,153.09
2022-07-22 08:00:00,94.37
2022-07-22 09:00:00,174.11
2022-07-22 10:00:00,343.49
2022-07-22 11:00:00,459.67
2022-07-22 12:00:00,471.19
2022-07-22 13:00:00,510.93
2022-07-22 14:00:00,373.26
2022-07-22 15:00:00,315.22
2022-07-22 16:00:00,185.7
2022-07-22 17:00:00,100.2
2022-07-23 08:00:00,107.36
2022-07-23 09:00:00,274.98
2022-07-23 10:00:00,378.06
2022-07-23 11:00:00,506.91
2022-07-23 12:00:00,567.19
2022-07-23 13:00:00,501.82
2022-07-23 14:00:00,488.37
2022-07-23 15:00:00,395.76
2022-07-23 16:00:00,294.04
2022-07-23 17:00:00,154.8
2022-07-24 08:00:00,63.86
2022-07-24 09:00:00,170.7
2022-07-24 10:00:00,344.02
2022-07-24 11:00:00,478.6
2022-07-24 12:00:00,501.49
2022-07-24 13:00:00,567.35
2022-07-24 14:00:00,534.07
2022-07-24 15:00:00,467.03
2022-07-24 16:00:00,333.84
2022-07-24 17:00:00,161.2
2022-07-25 08:00:00,106.99
2022-07-25 09:00:00,248.23
2022-07-25 10:00:00,386.82
2022-07-25 11:00:00,449.67
2022-07-25 12:00:00,479.56
2022-07-25 13:00:00,511.58
2022-07-25 14:00:00,440.88
2022-07-25 15:00:00,399.5
2022-07-25 16:00:00,266.52
2022-07-25 17:00:00,157.63
2022-07-26 08:00:00,78.88
2022-07-26 09:00:00,132.05
2022-07-26 10:00:00,259.96
2022-07-26 11:00:00,274.49
2022-07-26 12:00:00,141.14
2022-07-26 13:00:00,169.5
2022-07-26 14:00:00,279.79
2022-07-26 15:00:00,258.78
2022-07-26 16:00:00,173.59
2022-07-26 17:00:00,84.82
2022-07-27 08:00:00,81.81
2022-07-27 09:00:00,217.56
2022-07-27 10:00:00,388.36
2022-07-27 11:00:00,392.85
2022-07-27 12:00:00,465.52
2022-07-27 13:00:00,448.82
2022-07-27 14:00:00,520.56
2022-07-27 15:00:00,454.89
2022-07-27 16:00:00,239.61
2022-07-27 17:00:00,163.94
2022-07-28 08:00:00,84.6
2022-07-28 09:00:00,196.73
2022-07-28 10:00:00,245.06
2022-07-28 11:00:00,433.91
2022-07-28 12:00:00,432.13
2022-07-28 13:00:00,425.1
2022-07-28 14:00:00,428.75
2022-07-28 15:00:00,362.39
2022-07-28 16:00:00,252.23
2022-07-28 17:00:00,145.42
2022-07-29 08:00:00,121.58
2022-07-29 09:00:00,250.02
2022-07-29 10:00:00,437.34
2022-07-29 11:00:00,509.25
2022-07-29 12:00:00,575.28
2022-07-29 13:00:00,450.84
2022-07-29 14:00:00,499.18
2022-07-29 15:00:00,423.05
2022-07-29 16:00:00,290.88
2022-07-29 17:00:00,114.26
2022-07-30 08:00:00,97.5
2022-07-30 09:00:00,209.58
2022-07-30 10:00:00,292.94
2022-07-30 11:00:00,244.68
2022-07-30 12:00:00,200.52
2022-07-30 13:00:00,352.61
2022-07-30 14:00:00,172.04
2022-07-30 15:00:00,174.04
2022-07-30 16:00:00,142.43
2022-07-30 17:00:00,72.86
2022-07-31 08:00:00,69.98
2022-07-31 09:00:00,238.82
2022-07-31 10:00:00,377.27
2022-07-31 11:00:00,475.52
2022-07-31 12:00:00,516.3
2022-07-31 13:00:00,365.46
2022-07-31 14:00:00,475.17
2022-07-31 15:00:00,493.77
2022-07-31 16:00:00,342.01
2022-07-31 17:00:00,163.69
2022-08-01 08:00:00,92.68
2022-08-01 09:00:00,192.9
2022-08-01 10:00:00,217.61
2022-08-01 11:00:00,352.02
2022-08-01 12:00:00,414.5
2022-08-01 13:00:00,432.47
2022-08-01 14:00:00,441.61
2022-08-01 15:00:00,379.43
2022-08-01 16:00:00,218.31
2022-08-01 17:00:00,170.32
2022-08-02 08:00:00,55.69
2022-08-02 09:00:00,112.41
2022-08-02 10:00:00,231.5
2022-08-02 11:00:00,337.24
2022-08-02 12:00:00,408.08
2022-08-02 13:00:00,368.41
2022-08-02 14:00:00,238.13
2022-08-02 15:00:00,255.74
2022-08-02 16:00:00,98.56
2022-08-02 17:00:00,67.64
2022-08-03 08:00:00,15.58
2022-08-03 09:00:00,81.79
2022-08-03 10:00:00,100.19
2022-08-03 11:00:00,71.12
2022-08-03 12:00:00,101.75
2022-08-03 13:00:00,113.52
2022-08-03 14:00:00,158.78
2022-08-03 15:00:00,187.35
2022-08-03 16:00:00,177.38
2022-08-03 17:00:00,108.5
2022-08-04 08:00:00,44.06
2022-08-04 09:00:00,82.27
2022-08-04 10:00:00,126.52
2022-08-04 11:00:00,157.94
2022-08-04 12:00:00,115.24
2022-08-04 13:00:00,132.86
2022-08-04 14:00:00,153.27
2022-08-04 15:00:00,132.48
2022-08-04 16:00:00,48.58
2022-08-04 17:00:00,30.2
2022-08-05 08:00:00,41.17
2022-08-05 09:00:00,139.85
2022-08-05 10:00:00,171.45
2022-08-05 11:00:00,196.11
2022-08-05 12:00:00,242.44
2022-08-05 13:00:00,170.07
2022-08-05 14:00:00,310.02
2022-08-05 15:00:00,220.99
2022-08-05 16:00:00,79.83
2022-08-05 17:00:00,60.03
2022-08-06 08:00:00,77.99
2022-08-06 09:00:00,185.2
2022-08-06 10:00:00,249.51
2022-08-06 11:00:00,375.62
2022-08-06 12:00:00,579.86
2022-08-06 13:00:00,606.32
2022-08-06 14:00:00,609.79
2022-08-06 15:00:00,538.61
2022-08-06 16:00:00,395.2
2022-08-06 17:00:00,209.44
2022-08-07 08:00:00,130.29
2022-08-07 09:00:00,297.65
2022-08-07 10:00:00,426.35
2022-08-07 11:00:00,472.28
2022-08-07 12:00:00,532.03
2022-08-07 13:00:00,630.58
2022-08-07 14:00:00,544.79
2022-08-07 15:00:00,481.66
2022-08-07 16:00:00,289.99
2022-08-07 17:00:00,164.38
2022-08-08 08:00:00,118.54
2022-08-08 09:00:00,281.71
2022-08-08 10:00:00,425.17
2022-08-08 11:00:00,575.98
2022-08-08 12:00:00,571.51
2022-08-08 13:00:00,604.1
2022-08-08 14:00:00,559.69
2022-08-08 15:00:00,488.29
2022-08-08 16:00:00,351.15
2022-08-08 17:00:00,196.95
2022-08-09 08:00:00,136.85
2022-08-09 09:00:00,325.17
2022-08-09 10:00:00,462.43
2022-08-09 11:00:00,580.8
2022-08-09 12:00:00,576.58
2022-08-09 13:00:00,592.52
2022-08-09 14:00:00,589.21
2022-08-09 15:00:00,501.16
2022-08-09 16:00:00,369.89
2022-08-09 17:00:00,208.25
2022-08-10 08:00:00,124.84
2022-08-10 09:00:00,300.85
2022-08-10 10:00:00,426.62
2022-08-10 11:00:00,573.44
2022-08-10 12:00:00,635.22
2022-08-10 13:00:00,625.37
2022-08-10 14:00:00,612.47
2022-08-10 15:00:00,481.76
2022-08-10 16:00:00,345.77
2022-08-10 17:00:00,161.56
2022-08-11 08:00:00,118.01
2022-08-11 09:00:00,301.91
2022-08-11 10:00:00,332.75
2022-08-11 11:00:00,567.25
2022-08-11 12:00:00,632.34
2022-08-11 13:00:00,651.72
2022-08-11 14:00:00,578.36
2022-08-11 15:00:00,472.1
2022-08-11 16:00:00,351.91
2022-08-11 17:00:00,197.02
2022-08-12 08:00:00,136.67
2022-08-12 09:00:00,306.39
2022-08-12 10:00:00,439.87
2022-08-12 11:00:00,557.25
2022-08-12 12:00:00,573.61
2022-08-12 13:00:00,565.4
2022-08-12 14:00:00,547.45
2022-08-12 15:00:00,398.56
2022-08-12 16:00:00,217.67
2022-08-12 17:00:00,139.2
2022-08-13 08:00:00,106.11
2022-08-13 09:00:00,240.09
2022-08-13 10:00:00,380.85
2022-08-13 11:00:00,431.32
2022-08-13 12:00:00,556.38
2022-08-13 13:00:00,545.78
2022-08-13 14:00:00,504.91
2022-08-13 15:00:00,397.97
2022-08-13 16:00:00,189.16
2022-08-13 17:00:00,145.54
2022-08-14 08:00:00,107.92
2022-08-14 09:00:00,257.44
2022-08-14 10:00:00,329.41
2022-08-14 11:00:00,419.2
2022-08-14 12:00:00,475.82
2022-08-14 13:00:00,540.0
2022-08-14 14:00:00,568.02
2022-08-14 15:00:00,471.69
2022-08-14 16:00:00,364.57
2022-08-14 17:00:00,197.59
2022-08-15 08:00:00,142.77
2022-08-15 09:00:00,307.17
2022-08-15 10:00:00,424.51
2022-08-15 11:00:00,572.15
2022-08-15 12:00:00,654.6
2022-08-15 13:00:00,619.86
2022-08-15 14:00:00,518.56
2022-08-15 15:00:00,385.8
2022-08-15 16:00:00,266.63
2022-08-15 17:00:00,176.8
2022-08-16 08:00:00,124.86
2022-08-16 09:00:00,267.09
2022-08-16 10:00:00,339.21
2022-08-16 11:00:00,502.53
2022-08-16 12:00:00,561.19
2022-08-16 13:00:00,539.89
2022-08-16 14:00:00,534.59
2022-08-16 15:00:00,502.6
2022-08-16 16:00:00,343.5
2022-08-16 17:00:00,165.06
2022-08-17 08:00:00,119.05
2022-08-17 09:00:00,281.99
2022-08-17 10:00:00,423.18
2022-08-17 11:00:00,554.27
2022-08-17 12:00:00,433.05
2022-08-17 13:00:00,438.07
2022-08-17 14:00:00,632.0
2022-08-17 15:00:00,541.19
2022-08-17 16:00:00,391.73
2022-08-17 17:00:00,197.05
2022-08-18 08:00:00,145.53
2022-08-18 09:00:00,299.11
2022-08-18 10:00:00,464.02
2022-08-18 11:00:00,512.87
2022-08-18 12:00:00,471.52
2022-08-18 13:00:00,475.45
2022-08-18 14:00:00,400.87
2022-08-18 15:00:00,394.61
2022-08-18 16:00:00,314.15
2022-08-18 17:00:00,155.28
2022-08-19 08:00:00,109.36
2022-08-19 09:00:00,246.16
2022-08-19 10:00:00,443.23
2022-08-19 11:00:00,554.58
2022-08-19 12:00:00,618.52
2022-08-19 13:00:00,545.85
2022-08-19 14:00:00,512.13
2022-08-19 15:00:00,491.99
2022-08-19 16:00:00,314.47
2022-08-19 17:00:00,171.76
2022-08-20 08:00:00,100.45
2022-08-20 09:00:00,197.6
2022-08-20 10:00:00,236.67
2022-08-20 11:00:00,343.6
2022-08-20 12:00:00,440.12
2022-08-20 13:00:00,496.09
2022-08-20 14:00:00,474.15
2022-08-20 15:00:00,465.71
2022-08-20 16:00:00,315.13
2022-08-20 17:00:00,172.04
2022-08-21 08:00:00,15.64
2022-08-21 09:00:00,30.64
2022-08-21 10:00:00,84.16
2022-08-21 11:00:00,141.91
2022-08-21 12:00:00,238.34
2022-08-21 13:00:00,250.94
2022-08-21 14:00:00,159.56
2022-08-21 15:00:00,117.82
2022-08-21 16:00:00,131.87
2022-08-21 17:00:00,102.03
2022-08-22 08:00:00,60.19
2022-08-22 09:00:00,101.71
2022-08-22 10:00:00,172.0
2022-08-22 11:00:00,345.31
2022-08-22 12:00:00,453.91
2022-08-22 13:00:00,542.1
2022-08-22 14:00:00,620.66
2022-08-22 15:00:00,462.91
2022-08-22 16:00:00,362.24
2022-08-22 17:00:00,183.09
2022-08-23 08:00:00,77.62
2022-08-23 09:00:00,207.81
2022-08-23 10:00:00,366.08
2022-08-23 11:00:00,432.7
2022-08-23 12:00:00,542.33
2022-08-23 13:00:00,492.61
2022-08-23 14:00:00,278.35
2022-08-23 15:00:00,291.9
2022-08-23 16:00:00,286.19
2022-08-23 17:00:00,168.43
2022-08-24 08:00:00,118.93
2022-08-24 09:00:00,273.75
2022-08-24 10:00:00,386.85
2022-08-24 11:00:00,512.34
2022-08-24 12:00:00,479.85
2022-08-24 13:00:00,528.82
2022-08-24 14:00:00,488.22
2022-08-24 15:00:00,358.48
2022-08-24 16:00:00,263.3
2022-08-24 17:00:00,106.9
2022-08-25 08:00:00,108.94
2022-08-25 09:00:00,267.96
2022-08-25 10:00:00,457.54
2022-08-25 11:00:00,531.17
2022-08-25 12:00:00,621.07
2022-08-25 13:00:00,550.55
2022-08-25 14:00:00,412.49
2022-08-25 15:00:00,285.69
2022-08-25 16:00:00,286.46
2022-08-25 17:00:00,116.95
2022-08-26 08:00:00,106.47
2022-08-26 09:00:00,245.98
2022-08-26 10:00:00,370.19
2022-08-26 11:00:00,420.49
2022-08-26 12:00:00,438.88
2022-08-26 13:00:00,559.8
2022-08-26 14:00:00,216.52
2022-08-26 15:00:00,208.68
2022-08-26 16:00:00,142.66
2022-08-26 17:00:00,100.17
2022-08-27 08:00:00,110.24
2022-08-27 09:00:00,153.33
2022-08-27 10:00:00,212.4
2022-08-27 11:00:00,344.0
2022-08-27 12:00:00,408.67
2022-08-27 13:00:00,475.39
2022-08-27 14:00:00,473.36
2022-08-27 15:00:00,390.0
2022-08-27 16:00:00,219.17
2022-08-27 17:00:00,82.84
2022-08-28 08:00:00,72.78
2022-08-28 09:00:00,146.89
2022-08-28 10:00:00,368.38
2022-08-28 11:00:00,376.03
2022-08-28 12:00:00,413.13
2022-08-28 13:00:00,369.36
2022-08-28 14:00:00,540.07
2022-08-28 15:00:00,438.76
2022-08-28 16:00:00,313.97
2022-08-28 17:00:00,164.07
2022-08-29 08:00:00,97.44
2022-08-29 09:00:00,225.35
2022-08-29 10:00:00,294.29
2022-08-29 11:00:00,407.88
2022-08-29 12:00:00,419.99
2022-08-29 13:00:00,375.89
2022-08-29 14:00:00,476.77
2022-08-29 15:00:00,424.79
2022-08-29 16:00:00,322.39
2022-08-29 17:00:00,154.91
2022-08-30 08:00:00,82.02
2022-08-30 09:00:00,207.99
2022-08-30 10:00:00,360.32
2022-08-30 11:00:00,484.01
2022-08-30 12:00:00,536.34
2022-08-30 13:00:00,597.6
2022-08-30 14:00:00,494.79
2022-08-30 15:00:00,142.1
2022-08-30 16:00:00,47.75
2022-08-30 17:00:00,22.09
2022-08-31 08:00:00,101.1
2022-08-31 09:00:00,263.96
2022-08-31 10:00:00,348.06
2022-08-31 11:00:00,446.92
2022-08-31 12:00:00,546.31
2022-08-31 13:00:00,582.91
2022-08-31 14:00:00,652.56
2022-08-31 15:00:00,537.31
2022-08-31 16:00:00,385.5
2022-08-31 17:00:00,187.63
2022-09-01 08:00:00,155.56
2022-09-01 09:00:00,330.89
2022-09-01 10:00:00,477.35
2022-09-01 11:00:00,527.11
2022-09-01 12:00:00,495.79
2022-09-01 13:00:00,568.45
2022-09-01 14:00:00,508.86
2022-09-01 15:00:00,465.59
2022-09-01 16:00:00,352.96
2022-09-01 17:00:00,166.63
2022-09-02 08:00:00,56.72
2022-09-02 09:00:00,195.18
2022-09-02 10:00:00,351.74
2022-09-02 11:00:00,422.32
2022-09-02 12:00:00,601.18
2022-09-02 13:00:00,563.09
2022-09-02 14:00:00,550.31
2022-09-02 15:00:00,427.08
2022-09-02 16:00:00,287.45
2022-09-02 17:00:00,141.73
2022-09-03 08:00:00,162.15
2022-09-03 09:00:00,306.63
2022-09-03 10:00:00,487.22
2022-09-03 11:00:00,443.08
2022-09-03 12:00:00,525.03
2022-09-03 13:00:00,617.74
2022-09-03 14:00:00,595.34
2022-09-03 15:00:00,466.83
2022-09-03 16:00:00,284.15
2022-09-03 17:00:00,158.41
2022-09-04 08:00:00,138.96
2022-09-04 09:00:00,214.73
2022-09-04 10:00:00,303.26
2022-09-04 11:00:00,454.09
2022-09-04 12:00:00,431.6
2022-09-04 13:00:00,444.55
2022-09-04 14:00:00,384.85
2022-09-04 15:00:00,193.54
2022-09-04 16:00:00,354.56
2022-09-04 17:00:00,146.95
2022-09-05 08:00:00,100.24
2022-09-05 09:00:00,282.45
2022-09-05 10:00:00,346.16
2022-09-05 11:00:00,530.98
2022-09-05 12:00:00,572.24
2022-09-05 13:00:00,468.41
2022-09-05 14:00:00,442.18
2022-09-05 15:00:00,393.76
2022-09-05 16:00:00,179.81
2022-09-05 17:00:00,92.58
2022-09-06 08:00:00,138.73
2022-09-06 09:00:00,318.9
2022-09-06 10:00:00,452.25
2022-09-06 11:00:00,588.3
2022-09-06 12:00:00,537.76
2022-09-06 13:00:00,552.82
2022-09-06 14:00:00,523.68
2022-09-06 15:00:00,513.05
2022-09-06 16:00:00,375.09
2022-09-06 17:00:00,156.83
2022-09-07 08:00:00,72.75
2022-09-07 09:00:00,225.35
2022-09-07 10:00:00,321.77
2022-09-07 11:00:00,451.12
2022-09-07 12:00:00,580.41
2022-09-07 13:00:00,528.98
2022-09-07 14:00:00,331.01
2022-09-07 15:00:00,289.55
2022-09-07 16:00:00,128.22
2022-09-07 17:00:00,89.35
2022-09-08 08:00:00,115.37
2022-09-08 09:00:00,190.73
2022-09-08 10:00:00,283.4
2022-09-08 11:00:00,285.45
2022-09-08 12:00:00,303.44
2022-09-08 13:00:00,207.45
2022-09-08 14:00:00,331.76
2022-09-08 15:00:00,351.18
2022-09-08 16:00:00,296.05
2022-09-08 17:00:00,152.89
2022-09-09 08:00:00,110.6
2022-09-09 09:00:00,245.44
2022-09-09 10:00:00,371.54
2022-09-09 11:00:00,377.66
2022-09-09 12:00:00,498.02
2022-09-09 13:00:00,367.01
2022-09-09 14:00:00,144.56
2022-09-09 15:00:00,90.32
2022-09-09 16:00:00,111.59
2022-09-09 17:00:00,62.33
2022-09-10 08:00:00,48.28
2022-09-10 09:00:00,132.13
2022-09-10 10:00:00,166.63
2022-09-10 11:00:00,201.85
2022-09-10 12:00:00,242.06
2022-09-10 13:00:00,196.75
2022-09-10 14:00:00,567.41
2022-09-10 15:00:00,524.14
2022-09-10 16:00:00,310.76
2022-09-10 17:00:00,187.87
2022-09-11 08:00:00,141.45
2022-09-11 09:00:00,277.56
2022-09-11 10:00:00,357.52
2022-09-11 11:00:00,409.89
2022-09-11 12:00:00,410.45
2022-09-11 13:00:00,343.85
2022-09-11 14:00:00,290.82
2022-09-11 15:00:00,181.21
2022-09-11 16:00:00,150.69
2022-09-11 17:00:00,119.29
2022-09-12 08:00:00,145.61
2022-09-12 09:00:00,309.27
2022-09-12 10:00:00,358.44
2022-09-12 11:00:00,405.5
2022-09-12 12:00:00,526.88
2022-09-12 13:00:00,488.95
2022-09-12 14:00:00,585.54
2022-09-12 15:00:00,533.24
2022-09-12 16:00:00,379.75
2022-09-12 17:00:00,183.65
2022-09-13 08:00:00,159.49
2022-09-13 09:00:00,325.71
2022-09-13 10:00:00,438.86
2022-09-13 11:00:00,516.19
2022-09-13 12:00:00,532.59
2022-09-13 13:00:00,586.7
2022-09-13 14:00:00,268.55
2022-09-13 15:00:00,199.21
2022-09-13 16:00:00,171.02
2022-09-13 17:00:00,82.41
2022-09-14 08:00:00,101.06
2022-09-14 09:00:00,210.2
2022-09-14 10:00:00,435.91
2022-09-14 11:00:00,510.12
2022-09-14 12:00:00,498.91
2022-09-14 13:00:00,567.83
2022-09-14 14:00:00,207.27
2022-09-14 15:00:00,181.51
2022-09-14 16:00:00,139.69
2022-09-14 17:00:00,66.71
2022-09-15 08:00:00,151.3
2022-09-15 09:00:00,296.11
2022-09-15 10:00:00,481.19
2022-09-15 11:00:00,483.14
2022-09-15 12:00:00,540.66
2022-09-15 13:00:00,570.57
2022-09-15 14:00:00,510.61
2022-09-15 15:00:00,407.83
2022-09-15 16:00:00,273.18
2022-09-15 17:00:00,142.89
2022-09-16 08:00:00,143.06
2022-09-16 09:00:00,264.78
2022-09-16 10:00:00,315.88
2022-09-16 11:00:00,450.96
2022-09-16 12:00:00,528.56
2022-09-16 13:00:00,532.58
2022-09-16 14:00:00,584.69
2022-09-16 15:00:00,458.0
2022-09-16 16:00:00,300.61
2022-09-16 17:00:00,156.44
2022-09-17 08:00:00,169.16
2022-09-17 09:00:00,269.24
2022-09-17 10:00:00,368.72
2022-09-17 11:00:00,432.91
2022-09-17 12:00:00,383.72
2022-09-17 13:00:00,470.21
2022-09-17 14:00:00,416.15
2022-09-17 15:00:00,432.03
2022-09-17 16:00:00,284.17
2022-09-17 17:00:00,139.05
2022-09-18 08:00:00,102.15
2022-09-18 09:00:00,233.62
2022-09-18 10:00:00,262.35
2022-09-18 11:00:00,425.02
2022-09-18 12:00:00,365.91
2022-09-18 13:00:00,391.68
2022-09-18 14:00:00,114.01
2022-09-18 15:00:00,28.9
2022-09-18 16:00:00,49.79
2022-09-18 17:00:00,103.59
2022-09-19 08:00:00,89.55
2022-09-19 09:00:00,149.51
2022-09-19 10:00:00,212.83
2022-09-19 11:00:00,374.6
2022-09-19 12:00:00,378.08
2022-09-19 13:00:00,228.31
2022-09-19 14:00:00,516.39
2022-09-19 15:00:00,409.54
2022-09-19 16:00:00,297.02
2022-09-19 17:00:00,94.07
2022-09-20 08:00:00,68.71
2022-09-20 09:00:00,194.75
2022-09-20 10:00:00,371.04
2022-09-20 11:00:00,315.19
2022-09-20 12:00:00,478.36
2022-09-20 13:00:00,422.94
2022-09-20 14:00:00,440.91
2022-09-20 15:00:00,353.43
2022-09-20 16:00:00,187.77
2022-09-20 17:00:00,97.8
2022-09-21 08:00:00,193.98
2022-09-21 09:00:00,365.48
2022-09-21 10:00:00,527.05
2022-09-21 11:00:00,584.68
2022-09-21 12:00:00,519.93
2022-09-21 13:00:00,453.69
2022-09-21 14:00:00,564.15
2022-09-21 15:00:00,490.68
2022-09-21 16:00:00,324.04
2022-09-21 17:00:00,165.93
2022-09-22 08:00:00,93.02
2022-09-22 09:00:00,216.77
2022-09-22 10:00:00,373.91
2022-09-22 11:00:00,406.03
2022-09-22 12:00:00,507.48
2022-09-22 13:00:00,619.2
2022-09-22 14:00:00,134.24
2022-09-22 15:00:00,211.06
2022-09-22 16:00:00,244.79
2022-09-22 17:00:00,147.08
2022-09-23 08:00:00,153.3
2022-09-23 09:00:00,304.91
2022-09-23 10:00:00,407.04
2022-09-23 11:00:00,588.4
2022-09-23 12:00:00,553.45
2022-09-23 13:00:00,502.61
2022-09-23 14:00:00,586.22
2022-09-23 15:00:00,432.21
2022-09-23 16:00:00,373.68
2022-09-23 17:00:00,171.88
2022-09-24 08:00:00,141.14
2022-09-24 09:00:00,317.53
2022-09-24 10:00:00,388.59
2022-09-24 11:00:00,419.27
2022-09-24 12:00:00,414.37
2022-09-24 13:00:00,399.13
2022-09-24 14:00:00,568.6
2022-09-24 15:00:00,490.07
2022-09-24 16:00:00,355.28
2022-09-24 17:00:00,190.74
2022-09-25 08:00:00,109.49
2022-09-25 09:00:00,224.95
2022-09-25 10:00:00,338.94
2022-09-25 11:00:00,442.08
2022-09-25 12:00:00,391.43
2022-09-25 13:00:00,337.77
2022-09-25 14:00:00,342.59
2022-09-25 15:00:00,356.88
2022-09-25 16:00:00,229.66
2022-09-25 17:00:00,111.26
2022-09-26 08:00:00,96.99
2022-09-26 09:00:00,182.21
2022-09-26 10:00:00,242.1
2022-09-26 11:00:00,391.36
2022-09-26 12:00:00,460.69
2022-09-26 13:00:00,447.81
2022-09-26 14:00:00,511.7
2022-09-26 15:00:00,465.57
2022-09-26 16:00:00,318.98
2022-09-26 17:00:00,144.26
2022-09-27 08:00:00,139.65
2022-09-27 09:00:00,376.05
2022-09-27 10:00:00,561.66
2022-09-27 11:00:00,639.91
2022-09-27 12:00:00,684.56
2022-09-27 13:00:00,713.69
2022-09-27 14:00:00,508.35
2022-09-27 15:00:00,494.59
2022-09-27 16:00:00,382.37
2022-09-27 17:00:00,202.4
2022-09-28 08:00:00,164.63
2022-09-28 09:00:00,392.43
2022-09-28 10:00:00,508.01
2022-09-28 11:00:00,627.03
2022-09-28 12:00:00,698.92
2022-09-28 13:00:00,721.82
2022-09-28 14:00:00,652.6
2022-09-28 15:00:00,531.56
2022-09-28 16:00:00,388.13
2022-09-28 17:00:00,181.47
2022-09-29 08:00:00,165.05
2022-09-29 09:00:00,338.22
2022-09-29 10:00:00,537.0
2022-09-29 11:00:00,632.5
2022-09-29 12:00:00,621.81
2022-09-29 13:00:00,553.81
2022-09-29 14:00:00,504.94
2022-09-29 15:00:00,452.65
2022-09-29 16:00:00,260.46
2022-09-29 17:00:00,161.03
2022-09-30 08:00:00,218.95
2022-09-30 09:00:00,407.64
2022-09-30 10:00:00,528.17
2022-09-30 11:00:00,601.14
2022-09-30 12:00:00,650.34
2022-09-30 13:00:00,622.67
2022-09-30 14:00:00,494.54
2022-09-30 15:00:00,500.89
2022-09-30 16:00:00,333.81
2022-09-30 17:00:00,183.51
2022-10-01 08:00:00,118.64
2022-10-01 09:00:00,264.66
2022-10-01 10:00:00,407.35
2022-10-01 11:00:00,413.4
2022-10-01 12:00:00,482.7
2022-10-01 13:00:00,451.07
2022-10-01 14:00:00,501.14
2022-10-01 15:00:00,369.69
2022-10-01 16:00:00,271.64
2022-10-01 17:00:00,112.51
2022-10-02 08:00:00,29.73
2022-10-02 09:00:00,70.44
2022-10-02 10:00:00,89.14
2022-10-02 11:00:00,79.86
2022-10-02 12:00:00,218.68
2022-10-02 13:00:00,215.36
2022-10-02 14:00:00,482.36
2022-10-02 15:00:00,356.08
2022-10-02 16:00:00,219.18
2022-10-02 17:00:00,106.75
2022-10-03 08:00:00,179.6
2022-10-03 09:00:00,382.12
2022-10-03 10:00:00,376.24
2022-10-03 11:00:00,418.14
2022-10-03 12:00:00,527.95
2022-10-03 13:00:00,412.33
2022-10-03 14:00:00,165.85
2022-10-03 15:00:00,98.5
2022-10-03 16:00:00,82.89
2022-10-03 17:00:00,69.03
2022-10-04 08:00:00,108.89
2022-10-04 09:00:00,198.64
2022-10-04 10:00:00,295.78
2022-10-04 11:00:00,319.32
2022-10-04 12:00:00,304.55
2022-10-04 13:00:00,307.05
2022-10-04 14:00:00,403.79
2022-10-04 15:00:00,337.95
2022-10-04 16:00:00,233.21
2022-10-04 17:00:00,104.6
2022-10-05 08:00:00,76.16
2022-10-05 09:00:00,67.88
2022-10-05 10:00:00,215.05
2022-10-05 11:00:00,283.71
2022-10-05 12:00:00,236.94
2022-10-05 13:00:00,143.34
2022-10-05 14:00:00,153.03
2022-10-05 15:00:00,180.48
2022-10-05 16:00:00,193.17
2022-10-05 17:00:00,123.78
2022-10-06 08:00:00,117.04
2022-10-06 09:00:00,174.61
2022-10-06 10:00:00,194.9
2022-10-06 11:00:00,206.55
2022-10-06 12:00:00,311.68
2022-10-06 13:00:00,337.63
2022-10-06 14:00:00,467.07
2022-10-06 15:00:00,213.14
2022-10-06 16:00:00,150.32
2022-10-06 17:00:00,76.06
2022-10-07 08:00:00,42.49
2022-10-07 09:00:00,66.2
2022-10-07 10:00:00,251.61
2022-10-07 11:00:00,346.25
2022-10-07 12:00:00,333.01
2022-10-07 13:00:00,239.95
2022-10-07 14:00:00,257.65
2022-10-07 15:00:00,126.53
2022-10-07 16:00:00,44.06
2022-10-07 17:00:00,8.93
2022-10-08 08:00:00,45.96
2022-10-08 09:00:00,71.57
2022-10-08 10:00:00,121.46
2022-10-08 11:00:00,126.28
2022-10-08 12:00:00,214.33
2022-10-08 13:00:00,215.11
2022-10-08 14:00:00,517.48
2022-10-08 15:00:00,332.87
2022-10-08 16:00:00,193.26
2022-10-08 17:00:00,48.81
2022-10-09 08:00:00,145.77
2022-10-09 09:00:00,229.19
2022-10-09 10:00:00,334.53
2022-10-09 11:00:00,451.71
2022-10-09 12:00:00,382.68
2022-10-09 13:00:00,285.52
2022-10-09 14:00:00,611.78
2022-10-09 15:00:00,452.78
2022-10-09 16:00:00,257.64
2022-10-09 17:00:00,89.23
2022-10-10 08:00:00,87.27
2022-10-10 09:00:00,151.39
2022-10-10 10:00:00,246.75
2022-10-10 11:00:00,318.91
2022-10-10 12:00:00,397.71
2022-10-10 13:00:00,512.38
2022-10-10 14:00:00,235.72
2022-10-10 15:00:00,386.37
2022-10-10 16:00:00,230.67
2022-10-10 17:00:00,89.66
2022-10-11 08:00:00,213.07
2022-10-11 09:00:00,356.07
2022-10-11 10:00:00,558.11
2022-10-11 11:00:00,672.1
2022-10-11 12:00:00,639.33
2022-10-11 13:00:00,705.05
2022-10-11 14:00:00,639.92
2022-10-11 15:00:00,521.83
2022-10-11 16:00:00,343.36
2022-10-11 17:00:00,177.54
2022-10-12 08:00:00,87.43
2022-10-12 09:00:00,176.29
2022-10-12 10:00:00,222.43
2022-10-12 11:00:00,162.2
2022-10-12 12:00:00,440.02
2022-10-12 13:00:00,362.39
2022-10-12 14:00:00,359.35
2022-10-12 15:00:00,263.26
2022-10-12 16:00:00,165.22
2022-10-12 17:00:00,82.92
2022-10-13 08:00:00,219.17
2022-10-13 09:00:00,358.49
2022-10-13 10:00:00,514.46
2022-10-13 11:00:00,614.46
2022-10-13 12:00:00,625.98
2022-10-13 13:00:00,634.71
2022-10-13 14:00:00,665.65
2022-10-13 15:00:00,541.3
2022-10-13 16:00:00,380.93
2022-10-13 17:00:00,170.43
2022-10-14 08:00:00,152.67
2022-10-14 09:00:00,309.58
2022-10-14 10:00:00,443.31
2022-10-14 11:00:00,528.87
2022-10-14 12:00:00,466.18
2022-10-14 13:00:00,487.34
2022-10-14 14:00:00,544.69
2022-10-14 15:00:00,403.51
2022-10-14 16:00:00,207.72
2022-10-14 17:00:00,111.6
2022-10-15 08:00:00,62.38
2022-10-15 09:00:00,205.94
2022-10-15 10:00:00,394.17
2022-10-15 11:00:00,546.72
2022-10-15 12:00:00,609.68
2022-10-15 13:00:00,598.06
2022-10-15 14:00:00,683.43
2022-10-15 15:00:00,496.36
2022-10-15 16:00:00,364.85
2022-10-15 17:00:00,157.64
2022-10-16 08:00:00,159.46
2022-10-16 09:00:00,304.59
2022-10-16 10:00:00,379.17
2022-10-16 11:00:00,385.88
2022-10-16 12:00:00,455.34
2022-10-16 13:00:00,522.18
2022-10-16 14:00:00,470.47
2022-10-16 15:00:00,446.24
2022-10-16 16:00:00,264.68
2022-10-16 17:00:00,152.21
2022-10-17 08:00:00,135.28
2022-10-17 09:00:00,253.83
2022-10-17 10:00:00,335.22
2022-10-17 11:00:00,555.2
2022-10-17 12:00:00,673.92
2022-10-17 13:00:00,642.2
2022-10-17 14:00:00,627.04
2022-10-17 15:00:00,469.2
2022-10-17 16:00:00,322.76
2022-10-17 17:00:00,164.19
2022-10-18 08:00:00,193.27
2022-10-18 09:00:00,312.53
2022-10-18 10:00:00,438.09
2022-10-18 11:00:00,516.4
2022-10-18 12:00:00,595.95
2022-10-18 13:00:00,623.14
2022-10-18 14:00:00,551.1
2022-10-18 15:00:00,418.88
2022-10-18 16:00:00,308.22
2022-10-18 17:00:00,129.22
2022-10-19 08:00:00,165.03
2022-10-19 09:00:00,279.88
2022-10-19 10:00:00,440.01
2022-10-19 11:00:00,507.61
2022-10-19 12:00:00,554.81
2022-10-19 13:00:00,548.95
2022-10-19 14:00:00,587.04
2022-10-19 15:00:00,482.01
2022-10-19 16:00:00,284.36
2022-10-19 17:00:00,159.92
2022-10-20 08:00:00,236.67
2022-10-20 09:00:00,393.01
2022-10-20 10:00:00,553.72
2022-10-20 11:00:00,547.16
2022-10-20 12:00:00,591.17
2022-10-20 13:00:00,584.37
2022-10-20 14:00:00,617.17
2022-10-20 15:00:00,516.19
2022-10-20 16:00:00,383.05
2022-10-20 17:00:00,192.48
2022-10-21 08:00:00,202.5
2022-10-21 09:00:00,369.2
2022-10-21 10:00:00,478.37
2022-10-21 11:00:00,518.65
2022-10-21 12:00:00,556.49
2022-10-21 13:00:00,579.68
2022-10-21 14:00:00,263.72
2022-10-21 15:00:00,152.76
2022-10-21 16:00:00,115.06
2022-10-21 17:00:00,59.29
2022-10-22 08:00:00,161.02
2022-10-22 09:00:00,222.69
2022-10-22 10:00:00,203.35
2022-10-22 11:00:00,246.99
2022-10-22 12:00:00,456.99
2022-10-22 13:00:00,483.66
2022-10-22 14:00:00,588.03
2022-10-22 15:00:00,375.75
2022-10-22 16:00:00,178.41
2022-10-22 17:00:00,55.03
2022-10-23 08:00:00,118.59
2022-10-23 09:00:00,151.57
2022-10-23 10:00:00,313.04
2022-10-23 11:00:00,335.96
2022-10-23 12:00:00,265.91
2022-10-23 13:00:00,323.41
2022-10-23 14:00:00,282.05
2022-10-23 15:00:00,218.7
2022-10-23 16:00:00,120.09
2022-10-23 17:00:00,55.93
2022-10-24 08:00:00,102.01
2022-10-24 09:00:00,187.96
2022-10-24 10:00:00,314.73
2022-10-24 11:00:00,382.32
2022-10-24 12:00:00,359.79
2022-10-24 13:00:00,306.57
2022-10-24 14:00:00,432.72
2022-10-24 15:00:00,324.57
2022-10-24 16:00:00,159.07
2022-10-24 17:00:00,53.12
2022-10-25 08:00:00,44.45
2022-10-25 09:00:00,125.35
2022-10-25 10:00:00,160.56
2022-10-25 11:00:00,236.8
2022-10-25 12:00:00,288.5
2022-10-25 13:00:00,356.0
2022-10-25 14:00:00,506.47
2022-10-25 15:00:00,338.68
2022-10-25 16:00:00,158.93
2022-10-25 17:00:00,43.59
2022-10-26 08:00:00,79.39
2022-10-26 09:00:00,139.65
2022-10-26 10:00:00,187.27
2022-10-26 11:00:00,174.44
2022-10-26 12:00:00,211.65
2022-10-26 13:00:00,182.7
2022-10-26 14:00:00,135.59
2022-10-26 15:00:00,211.86
2022-10-26 16:00:00,146.97
2022-10-26 17:00:00,70.87
2022-10-27 08:00:00,45.03
2022-10-27 09:00:00,176.73
2022-10-27 10:00:00,303.78
2022-10-27 11:00:00,404.43
2022-10-27 12:00:00,331.6
2022-10-27 13:00:00,246.5
2022-10-27 14:00:00,521.33
2022-10-27 15:00:00,455.72
2022-10-27 16:00:00,337.83
2022-10-27 17:00:00,162.82
2022-10-28 08:00:00,75.46
2022-10-28 09:00:00,213.74
2022-10-28 10:00:00,373.21
2022-10-28 11:00:00,390.93
2022-10-28 12:00:00,547.61
2022-10-28 13:00:00,463.64
2022-10-28 14:00:00,649.16
2022-10-28 15:00:00,504.19
2022-10-28 16:00:00,290.1
2022-10-28 17:00:00,129.17
2022-10-29 08:00:00,67.2
2022-10-29 09:00:00,254.82
2022-10-29 10:00:00,380.61
2022-10-29 11:00:00,444.87
2022-10-29 12:00:00,430.87
2022-10-29 13:00:00,513.55
2022-10-29 14:00:00,595.75
2022-10-29 15:00:00,457.54
2022-10-29 16:00:00,314.11
2022-10-29 17:00:00,122.37
2022-10-30 08:00:00,165.69
2022-10-30 09:00:00,306.31
2022-10-30 10:00:00,459.47
2022-10-30 11:00:00,553.52
2022-10-30 12:00:00,568.57
2022-10-30 13:00:00,612.98
2022-10-30 14:00:00,522.18
2022-10-30 15:00:00,415.08
2022-10-30 16:00:00,260.73
2022-10-30 17:00:00,150.64
2022-10-31 08:00:00,32.81
2022-10-31 09:00:00,107.45
2022-10-31 10:00:00,250.63
2022-10-31 11:00:00,296.89
2022-10-31 12:00:00,257.98
2022-10-31 13:00:00,407.93
2022-10-31 14:00:00,501.91
2022-10-31 15:00:00,189.61
2022-10-31 16:00:00,193.31
2022-10-31 17:00:00,63.73
2022-11-01 08:00:00,118.35
2022-11-01 09:00:00,169.14
2022-11-01 10:00:00,300.47
2022-11-01 11:00:00,386.21
2022-11-01 12:00:00,464.82
2022-11-01 13:00:00,503.56
2022-11-01 14:00:00,352.89
2022-11-01 15:00:00,266.6
2022-11-01 16:00:00,239.03
2022-11-01 17:00:00,123.11
2022-11-02 08:00:00,139.65
2022-11-02 09:00:00,317.34
2022-11-02 10:00:00,526.98
2022-11-02 11:00:00,613.28
2022-11-02 12:00:00,533.11
2022-11-02 13:00:00,440.23
2022-11-02 14:00:00,481.2
2022-11-02 15:00:00,311.84
2022-11-02 16:00:00,273.27
2022-11-02 17:00:00,130.4
2022-11-03 08:00:00,185.13
2022-11-03 09:00:00,345.54
2022-11-03 10:00:00,548.63
2022-11-03 11:00:00,549.67
2022-11-03 12:00:00,544.68
2022-11-03 13:00:00,575.26
2022-11-03 14:00:00,519.68
2022-11-03 15:00:00,438.72
2022-11-03 16:00:00,345.38
2022-11-03 17:00:00,153.16
2022-11-04 08:00:00,186.81
2022-11-04 09:00:00,350.27
2022-11-04 10:00:00,390.27
2022-11-04 11:00:00,393.51
2022-11-04 12:00:00,325.91
2022-11-04 13:00:00,518.13
2022-11-04 14:00:00,530.46
2022-11-04 15:00:00,453.82
2022-11-04 16:00:00,320.28
2022-11-04 17:00:00,147.94
2022-11-05 08:00:00,124.17
2022-11-05 09:00:00,127.55
2022-11-05 10:00:00,265.1
2022-11-05 11:00:00,449.52
2022-11-05 12:00:00,301.12
2022-11-05 13:00:00,256.31
2022-11-05 14:00:00,330.28
2022-11-05 15:00:00,233.1
2022-11-05 16:00:00,84.87
2022-11-05 17:00:00,56.11
2022-11-06 08:00:00,108.08
2022-11-06 09:00:00,159.57
2022-11-06 10:00:00,280.73
2022-11-06 11:00:00,377.69
2022-11-06 12:00:00,471.95
2022-11-06 13:00:00,457.35
2022-11-06 14:00:00,479.98
2022-11-06 15:00:00,391.14
2022-11-06 16:00:00,242.35
2022-11-06 17:00:00,68.21
2022-11-07 08:00:00,147.59
2022-11-07 09:00:00,281.14
2022-11-07 10:00:00,311.43
2022-11-07 11:00:00,568.4
2022-11-07 12:00:00,579.38
2022-11-07 13:00:00,536.35
2022-11-07 14:00:00,510.44
2022-11-07 15:00:00,403.43
2022-11-07 16:00:00,292.52
2022-11-07 17:00:00,119.84
2022-11-08 08:00:00,127.36
2022-11-08 09:00:00,197.06
2022-11-08 10:00:00,290.99
2022-11-08 11:00:00,311.85
2022-11-08 12:00:00,285.51
2022-11-08 13:00:00,356.1
2022-11-08 14:00:00,304.4
2022-11-08 15:00:00,195.33
2022-11-08 16:00:00,83.36
2022-11-08 17:00:00,27.7
2022-11-09 08:00:00,173.02
2022-11-09 09:00:00,293.41
2022-11-09 10:00:00,445.49
2022-11-09 11:00:00,520.93
2022-11-09 12:00:00,426.16
2022-11-09 13:00:00,360.85
2022-11-09 14:00:00,231.34
2022-11-09 15:00:00,228.1
2022-11-09 16:00:00,193.98
2022-11-09 17:00:00,86.44
2022-11-10 08:00:00,83.43
2022-11-10 09:00:00,186.24
2022-11-10 10:00:00,328.5
2022-11-10 11:00:00,335.16
2022-11-10 12:00:00,411.35
2022-11-10 13:00:00,452.45
2022-11-10 14:00:00,210.79
2022-11-10 15:00:00,177.45
2022-11-10 16:00:00,186.26
2022-11-10 17:00:00,107.23
2022-11-11 08:00:00,215.51
2022-11-11 09:00:00,270.73
2022-11-11 10:00:00,386.39
2022-11-11 11:00:00,433.95
2022-11-11 12:00:00,480.95
2022-11-11 13:00:00,452.17
2022-11-11 14:00:00,449.08
2022-11-11 15:00:00,361.09
2022-11-11 16:00:00,276.27
2022-11-11 17:00:00,110.73
2022-11-12 08:00:00,130.83
2022-11-12 09:00:00,199.36
2022-11-12 10:00:00,367.96
2022-11-12 11:00:00,535.01
2022-11-12 12:00:00,444.59
2022-11-12 13:00:00,497.51
2022-11-12 14:00:00,429.93
2022-11-12 15:00:00,273.16
2022-11-12 16:00:00,155.08
2022-11-12 17:00:00,101.85
2022-11-13 08:00:00,114.82
2022-11-13 09:00:00,184.84
2022-11-13 10:00:00,298.46
2022-11-13 11:00:00,276.7
2022-11-13 12:00:00,349.98
2022-11-13 13:00:00,367.98
2022-11-13 14:00:00,456.3
2022-11-13 15:00:00,382.85
2022-11-13 16:00:00,236.82
2022-11-13 17:00:00,129.69
2022-11-14 08:00:00,61.98
2022-11-14 09:00:00,116.07
2022-11-14 10:00:00,233.11
2022-11-14 11:00:00,248.53
2022-11-14 12:00:00,342.47
2022-11-14 13:00:00,279.51
2022-11-14 14:00:00,491.12
2022-11-14 15:00:00,412.19
2022-11-14 16:00:00,286.16
2022-11-14 17:00:00,134.22
2022-11-15 08:00:00,91.5
2022-11-15 09:00:00,283.32
2022-11-15 10:00:00,248.83
2022-11-15 11:00:00,322.17
2022-11-15 12:00:00,288.47
2022-11-15 13:00:00,314.09
2022-11-15 14:00:00,618.24
2022-11-15 15:00:00,419.72
2022-11-15 16:00:00,289.41
2022-11-15 17:00:00,124.62
2022-11-16 08:00:00,174.79
2022-11-16 09:00:00,428.19
2022-11-16 10:00:00,564.01
2022-11-16 11:00:00,638.78
2022-11-16 12:00:00,658.71
2022-11-16 13:00:00,555.56
2022-11-16 14:00:00,555.41
2022-11-16 15:00:00,501.83
2022-11-16 16:00:00,348.77
2022-11-16 17:00:00,139.78
2022-11-17 08:00:00,111.3
2022-11-17 09:00:00,133.5
2022-11-17 10:00:00,243.65
2022-11-17 11:00:00,381.27
2022-11-17 12:00:00,344.56
2022-11-17 13:00:00,409.93
2022-11-17 14:00:00,566.64
2022-11-17 15:00:00,439.15
2022-11-17 16:00:00,299.25
2022-11-17 17:00:00,152.28
2022-11-18 08:00:00,155.35
2022-11-18 09:00:00,282.77
2022-11-18 10:00:00,347.51
2022-11-18 11:00:00,329.57
2022-11-18 12:00:00,256.8
2022-11-18 13:00:00,302.34
2022-11-18 14:00:00,570.69
2022-11-18 15:00:00,431.01
2022-11-18 16:00:00,267.9
2022-11-18 17:00:00,86.66
2022-11-19 08:00:00,126.66
2022-11-19 09:00:00,196.77
2022-11-19 10:00:00,239.18
2022-11-19 11:00:00,207.37
2022-11-19 12:00:00,343.99
2022-11-19 13:00:00,485.0
2022-11-19 14:00:00,212.17
2022-11-19 15:00:00,188.78
2022-11-19 16:00:00,128.66
2022-11-19 17:00:00,57.58
2022-11-20 08:00:00,188.27
2022-11-20 09:00:00,373.95
2022-11-20 10:00:00,463.2
2022-11-20 11:00:00,623.37
2022-11-20 12:00:00,571.93
2022-11-20 13:00:00,600.54
2022-11-20 14:00:00,525.02
2022-11-20 15:00:00,482.83
2022-11-20 16:00:00,341.12
2022-11-20 17:00:00,183.68
2022-11-21 08:00:00,149.26
2022-11-21 09:00:00,267.01
2022-11-21 10:00:00,363.84
2022-11-21 11:00:00,446.15
2022-11-21 12:00:00,527.01
2022-11-21 13:00:00,583.15
2022-11-21 14:00:00,579.43
2022-11-21 15:00:00,489.91
2022-11-21 16:00:00,361.26
2022-11-21 17:00:00,175.76
2022-11-22 08:00:00,100.58
2022-11-22 09:00:00,202.26
2022-11-22 10:00:00,444.68
2022-11-22 11:00:00,564.82
2022-11-22 12:00:00,614.01
2022-11-22 13:00:00,608.07
2022-11-22 14:00:00,663.48
2022-11-22 15:00:00,526.74
2022-11-22 16:00:00,372.72
2022-11-22 17:00:00,176.63
2022-11-23 08:00:00,90.52
2022-11-23 09:00:00,220.16
2022-11-23 10:00:00,311.51
2022-11-23 11:00:00,327.75
2022-11-23 12:00:00,306.32
2022-11-23 13:00:00,333.9
2022-11-23 14:00:00,307.93
2022-11-23 15:00:00,242.31
2022-11-23 16:00:00,157.67
2022-11-23 17:00:00,70.87
2022-11-24 08:00:00,250.47
2022-11-24 09:00:00,394.17
2022-11-24 10:00:00,544.45
2022-11-24 11:00:00,593.33
2022-11-24 12:00:00,651.74
2022-11-24 13:00:00,629.79
2022-11-24 14:00:00,637.14
2022-11-24 15:00:00,556.56
2022-11-24 16:00:00,347.07
2022-11-24 17:00:00,100.74
2022-11-25 08:00:00,22.01
2022-11-25 09:00:00,102.2
2022-11-25 10:00:00,154.52
2022-11-25 11:00:00,148.62
2022-11-25 12:00:00,282.28
2022-11-25 13:00:00,292.65
2022-11-25 14:00:00,500.1
2022-11-25 15:00:00,373.33
2022-11-25 16:00:00,278.37
2022-11-25 17:00:00,100.97
2022-11-26 08:00:00,174.46
2022-11-26 09:00:00,375.28
2022-11-26 10:00:00,459.69
2022-11-26 11:00:00,576.68
2022-11-26 12:00:00,654.96
2022-11-26 13:00:00,678.47
2022-11-26 14:00:00,576.13
2022-11-26 15:00:00,477.7
2022-11-26 16:00:00,331.41
2022-11-26 17:00:00,152.25
2022-11-27 08:00:00,116.71
2022-11-27 09:00:00,210.38
2022-11-27 10:00:00,261.21
2022-11-27 11:00:00,411.15
2022-11-27 12:00:00,457.25
2022-11-27 13:00:00,494.61
2022-11-27 14:00:00,510.62
2022-11-27 15:00:00,457.85
2022-11-27 16:00:00,299.56
2022-11-27 17:00:00,115.28
2022-11-28 08:00:00,171.07
2022-11-28 09:00:00,322.72
2022-11-28 10:00:00,474.02
2022-11-28 11:00:00,606.55
2022-11-28 12:00:00,616.63
2022-11-28 13:00:00,606.97
2022-11-28 14:00:00,621.44
2022-11-28 15:00:00,505.02
2022-11-28 16:00:00,352.92
2022-11-28 17:00:00,142.63
2022-11-29 08:00:00,223.41
2022-11-29 09:00:00,407.9
2022-11-29 10:00:00,495.93
2022-11-29 11:00:00,493.14
2022-11-29 12:00:00,451.67
2022-11-29 13:00:00,495.9
2022-11-29 14:00:00,595.95
2022-11-29 15:00:00,479.34
2022-11-29 16:00:00,379.24
2022-11-29 17:00:00,193.67
2022-11-30 08:00:00,166.51
2022-11-30 09:00:00,316.31
2022-11-30 10:00:00,437.63
2022-11-30 11:00:00,524.3
2022-11-30 12:00:00,600.47
2022-11-30 13:00:00,618.96
2022-11-30 14:00:00,612.69
2022-11-30 15:00:00,444.81
2022-11-30 16:00:00,356.16
2022-11-30 17:00:00,178.95
2022-12-01 08:00:00,135.16
2022-12-01 09:00:00,281.81
2022-12-01 10:00:00,429.73
2022-12-01 11:00:00,442.24
2022-12-01 12:00:00,508.09
2022-12-01 13:00:00,532.93
2022-12-01 14:00:00,519.39
2022-12-01 15:00:00,461.45
2022-12-01 16:00:00,255.03
2022-12-01 17:00:00,151.09
2022-12-02 08:00:00,126.17
2022-12-02 09:00:00,241.67
2022-12-02 10:00:00,293.13
2022-12-02 11:00:00,447.71
2022-12-02 12:00:00,441.49
2022-12-02 13:00:00,362.08
2022-12-02 14:00:00,462.14
2022-12-02 15:00:00,330.95
2022-12-02 16:00:00,228.09
2022-12-02 17:00:00,98.32
2022-12-03 08:00:00,141.81
2022-12-03 09:00:00,349.35
2022-12-03 10:00:00,542.15
2022-12-03 11:00:00,558.67
2022-12-03 12:00:00,555.57
2022-12-03 13:00:00,472.83
2022-12-03 14:00:00,579.64
2022-12-03 15:00:00,520.51
2022-12-03 16:00:00,321.41
2022-12-03 17:00:00,187.7
2022-12-04 08:00:00,174.65
2022-12-04 09:00:00,266.41
2022-12-04 10:00:00,352.45
2022-12-04 11:00:00,357.61
2022-12-04 12:00:00,433.3
2022-12-04 13:00:00,361.14
2022-12-04 14:00:00,417.92
2022-12-04 15:00:00,337.49
2022-12-04 16:00:00,214.55
2022-12-04 17:00:00,104.63
2022-12-05 08:00:00,117.35
2022-12-05 09:00:00,152.39
2022-12-05 10:00:00,362.18
2022-12-05 11:00:00,563.45
2022-12-05 12:00:00,585.01
2022-12-05 13:00:00,459.9
2022-12-05 14:00:00,380.13
2022-12-05 15:00:00,344.2
2022-12-05 16:00:00,298.39
2022-12-05 17:00:00,157.6
2022-12-06 08:00:00,166.97
2022-12-06 09:00:00,250.15
2022-12-06 10:00:00,366.59
2022-12-06 11:00:00,381.33
2022-12-06 12:00:00,388.15
2022-12-06 13:00:00,452.05
2022-12-06 14:00:00,505.97
2022-12-06 15:00:00,405.13
2022-12-06 16:00:00,273.54
2022-12-06 17:00:00,119.92
2022-12-07 08:00:00,216.8
2022-12-07 09:00:00,377.86
2022-12-07 10:00:00,500.44
2022-12-07 11:00:00,593.06
2022-12-07 12:00:00,645.01
2022-12-07 13:00:00,625.93
2022-12-07 14:00:00,449.14
2022-12-07 15:00:00,315.84
2022-12-07 16:00:00,270.5
2022-12-07 17:00:00,138.74
2022-12-08 08:00:00,136.79
2022-12-08 09:00:00,299.13
2022-12-08 10:00:00,396.63
2022-12-08 11:00:00,434.7
2022-12-08 12:00:00,477.68
2022-12-08 13:00:00,518.34
2022-12-08 14:00:00,155.61
2022-12-08 15:00:00,151.63
2022-12-08 16:00:00,98.22
2022-12-08 17:00:00,56.06
2022-12-09 08:00:00,96.18
2022-12-09 09:00:00,181.9
2022-12-09 10:00:00,244.15
2022-12-09 11:00:00,243.37
2022-12-09 12:00:00,307.43
2022-12-09 13:00:00,272.66
2022-12-09 14:00:00,451.27
2022-12-09 15:00:00,247.72
2022-12-09 16:00:00,213.49
2022-12-09 17:00:00,86.79
2022-12-10 08:00:00,79.25
2022-12-10 09:00:00,156.77
2022-12-10 10:00:00,239.45
2022-12-10 11:00:00,312.89
2022-12-10 12:00:00,283.69
2022-12-10 13:00:00,411.29
2022-12-10 14:00:00,586.65
2022-12-10 15:00:00,446.87
2022-12-10 16:00:00,222.28
2022-12-10 17:00:00,102.62
2022-12-11 08:00:00,149.14
2022-12-11 09:00:00,271.32
2022-12-11 10:00:00,321.35
2022-12-11 11:00:00,359.45
2022-12-11 12:00:00,579.9
2022-12-11 13:00:00,547.09
2022-12-11 14:00:00,421.53
2022-12-11 15:00:00,152.48
2022-12-11 16:00:00,58.71
2022-12-11 17:00:00,13.59
2022-12-12 08:00:00,116.07
2022-12-12 09:00:00,290.87
2022-12-12 10:00:00,400.52
2022-12-12 11:00:00,448.45
2022-12-12 12:00:00,522.96
2022-12-12 13:00:00,535.86
2022-12-12 14:00:00,400.31
2022-12-12 15:00:00,348.07
2022-12-12 16:00:00,235.03
2022-12-12 17:00:00,124.82
2022-12-13 08:00:00,51.56
2022-12-13 09:00:00,99.95
2022-12-13 10:00:00,150.86
2022-12-13 11:00:00,231.29
2022-12-13 12:00:00,317.19
2022-12-13 13:00:00,380.79
2022-12-13 14:00:00,319.36
2022-12-13 15:00:00,301.55
2022-12-13 16:00:00,247.24
2022-12-13 17:00:00,94.46
2022-12-14 08:00:00,60.2
2022-12-14 09:00:00,124.82
2022-12-14 10:00:00,229.83
2022-12-14 11:00:00,327.54
2022-12-14 12:00:00,437.94
2022-12-14 13:00:00,420.19
2022-12-14 14:00:00,453.06
2022-12-14 15:00:00,378.79
2022-12-14 16:00:00,266.97
2022-12-14 17:00:00,157.71
2022-12-15 08:00:00,19.63
2022-12-15 09:00:00,72.2
2022-12-15 10:00:00,134.55
2022-12-15 11:00:00,104.18
2022-12-15 12:00:00,150.46
2022-12-15 13:00:00,201.59
2022-12-15 14:00:00,160.49
2022-12-15 15:00:00,184.48
2022-12-15 16:00:00,97.84
2022-12-15 17:00:00,39.25
2022-12-16 08:00:00,107.93
2022-12-16 09:00:00,202.3
2022-12-16 10:00:00,234.13
2022-12-16 11:00:00,353.76
2022-12-16 12:00:00,203.87
2022-12-16 13:00:00,435.76
2022-12-16 14:00:00,541.47
2022-12-16 15:00:00,450.25
2022-12-16 16:00:00,255.54
2022-12-16 17:00:00,134.99
2022-12-17 08:00:00,87.0
2022-12-17 09:00:00,199.66
2022-12-17 10:00:00,467.71
2022-12-17 11:00:00,582.88
2022-12-17 12:00:00,667.07
2022-12-17 13:00:00,639.48
2022-12-17 14:00:00,534.63
2022-12-17 15:00:00,407.25
2022-12-17 16:00:00,345.25
2022-12-17 17:00:00,124.82
2022-12-18 08:00:00,213.76
2022-12-18 09:00:00,419.9
2022-12-18 10:00:00,538.71
2022-12-18 11:00:00,550.29
2022-12-18 12:00:00,604.36
2022-12-18 13:00:00,622.76
2022-12-18 14:00:00,609.88
2022-12-18 15:00:00,517.76
2022-12-18 16:00:00,330.98
2022-12-18 17:00:00,177.08
2022-12-19 08:00:00,71.71
2022-12-19 09:00:00,199.72
2022-12-19 10:00:00,343.75
2022-12-19 11:00:00,379.97
2022-12-19 12:00:00,476.17
2022-12-19 13:00:00,396.56
2022-12-19 14:00:00,298.74
2022-12-19 15:00:00,219.39
2022-12-19 16:00:00,193.43
2022-12-19 17:00:00,138.47
2022-12-20 08:00:00,140.31
2022-12-20 09:00:00,277.98
2022-12-20 10:00:00,332.11
2022-12-20 11:00:00,385.71
2022-12-20 12:00:00,507.55
2022-12-20 13:00:00,547.7
2022-12-20 14:00:00,544.56
2022-12-20 15:00:00,459.61
2022-12-20 16:00:00,298.51
2022-12-20 17:00:00,182.72
2022-12-21 08:00:00,141.77
2022-12-21 09:00:00,265.36
2022-12-21 10:00:00,388.22
2022-12-21 11:00:00,519.16
2022-12-21 12:00:00,655.26
2022-12-21 13:00:00,527.58
2022-12-21 14:00:00,515.7
2022-12-21 15:00:00,469.43
2022-12-21 16:00:00,358.09
2022-12-21 17:00:00,226.13
2022-12-22 08:00:00,45.71
2022-12-22 09:00:00,109.16
2022-12-22 10:00:00,238.67
2022-12-22 11:00:00,246.2
2022-12-22 12:00:00,311.04
2022-12-22 13:00:00,354.43
2022-12-22 14:00:00,247.12
2022-12-22 15:00:00,194.97
2022-12-22 16:00:00,105.63
2022-12-22 17:00:00,86.57
2022-12-23 08:00:00,42.94
2022-12-23 09:00:00,69.23
2022-12-23 10:00:00,151.66
2022-12-23 11:00:00,231.59
2022-12-23 12:00:00,216.28
2022-12-23 13:00:00,326.49
2022-12-23 14:00:00,555.83
2022-12-23 15:00:00,479.48
2022-12-23 16:00:00,263.17
2022-12-23 17:00:00,127.97
2022-12-24 08:00:00,132.18
2022-12-24 09:00:00,341.34
2022-12-24 10:00:00,467.89
2022-12-24 11:00:00,528.81
2022-12-24 12:00:00,668.51
2022-12-24 13:00:00,669.18
2022-12-24 14:00:00,619.93
2022-12-24 15:00:00,571.78
2022-12-24 16:00:00,398.91
2022-12-24 17:00:00,199.38
2022-12-25 08:00:00,143.88
2022-12-25 09:00:00,297.21
2022-12-25 10:00:00,375.77
2022-12-25 11:00:00,417.83
2022-12-25 12:00:00,398.11
2022-12-25 13:00:00,385.58
2022-12-25 14:00:00,591.75
2022-12-25 15:00:00,428.06
2022-12-25 16:00:00,318.93
2022-12-25 17:00:00,164.78
2022-12-26 08:00:00,118.81
2022-12-26 09:00:00,227.24
2022-12-26 10:00:00,336.73
2022-12-26 11:00:00,485.23
2022-12-26 12:00:00,508.67
2022-12-26 13:00:00,507.27
2022-12-26 14:00:00,575.7
2022-12-26 15:00:00,480.53
2022-12-26 16:00:00,235.26
2022-12-26 17:00:00,94.78
2022-12-27 08:00:00,113.72
2022-12-27 09:00:00,267.53
2022-12-27 10:00:00,444.83
2022-12-27 11:00:00,561.72
2022-12-27 12:00:00,688.6
2022-12-27 13:00:00,706.84
2022-12-27 14:00:00,417.7
2022-12-27 15:00:00,372.94
2022-12-27 16:00:00,213.16
2022-12-27 17:00:00,104.36
2022-12-28 08:00:00,158.54
2022-12-28 09:00:00,250.29
2022-12-28 10:00:00,417.82
2022-12-28 11:00:00,502.86
2022-12-28 12:00:00,557.87
2022-12-28 13:00:00,546.92
2022-12-28 14:00:00,480.64
2022-12-28 15:00:00,523.35
2022-12-28 16:00:00,383.44
2022-12-28 17:00:00,202.34
2022-12-29 08:00:00,159.94
2022-12-29 09:00:00,265.35
2022-12-29 10:00:00,445.55
2022-12-29 11:00:00,609.49
2022-12-29 12:00:00,685.36
2022-12-29 13:00:00,639.14
2022-12-29 14:00:00,626.93
2022-12-29 15:00:00,512.21
2022-12-29 16:00:00,384.51
2022-12-29 17:00:00,170.97
2022-12-30 08:00:00,200.46
2022-12-30 09:00:00,400.66
2022-12-30 10:00:00,524.73
2022-12-30 11:00:00,593.73
2022-12-30 12:00:00,572.61
2022-12-30 13:00:00,659.69
2022-12-30 14:00:00,606.41
2022-12-30 15:00:00,529.99
2022-12-30 16:00:00,321.43
2022-12-30 17:00:00,179.2
2022-12-31 08:00:00,166.87
2022-12-31 09:00:00,374.95
2022-12-31 10:00:00,575.0
2022-12-31 11:00:00,649.47
2022-12-31 12:00:00,689.25
2022-12-31 13:00:00,577.34
2022-12-31 14:00:00,695.18
2022-12-31 15:00:00,529.4
2022-12-31 16:00:00,350.49
2022-12-31 17:00:00,235.13
2023-01-01 08:00:00,148.6
2023-01-01 09:00:00,312.22
2023-01-01 10:00:00,470.61
2023-01-01 11:00:00,575.41
2023-01-01 12:00:00,629.17
2023-01-01 13:00:00,587.88
2023-01-01 14:00:00,546.33
2023-01-01 15:00:00,413.64
2023-01-01 16:00:00,249.63
2023-01-01 17:00:00,128.81
2023-01-02 08:00:00,146.87
2023-01-02 09:00:00,377.57
2023-01-02 10:00:00,537.59
2023-01-02 11:00:00,651.7
2023-01-02 12:00:00,685.9
2023-01-02 13:00:00,690.75
2023-01-02 14:00:00,609.16
2023-01-02 15:00:00,486.1
2023-01-02 16:00:00,402.28
2023-01-02 17:00:00,236.79
2023-01-03 08:00:00,96.79
2023-01-03 09:00:00,295.99
2023-01-03 10:00:00,384.99
2023-01-03 11:00:00,538.3
2023-01-03 12:00:00,549.29
2023-01-03 13:00:00,606.65
2023-01-03 14:00:00,602.47
2023-01-03 15:00:00,480.73
2023-01-03 16:00:00,240.95
2023-01-03 17:00:00,121.52
2023-01-04 08:00:00,92.89
2023-01-04 09:00:00,187.06
2023-01-04 10:00:00,294.33
2023-01-04 11:00:00,324.31
2023-01-04 12:00:00,344.2
2023-01-04 13:00:00,459.69
2023-01-04 14:00:00,554.93
2023-01-04 15:00:00,482.59
2023-01-04 16:00:00,290.3
2023-01-04 17:00:00,189.95
2023-01-05 08:00:00,157.17
2023-01-05 09:00:00,263.32
2023-01-05 10:00:00,322.17
2023-01-05 11:00:00,398.1
2023-01-05 12:00:00,535.19
2023-01-05 13:00:00,575.56
2023-01-05 14:00:00,525.52
2023-01-05 15:00:00,475.86
2023-01-05 16:00:00,298.87
2023-01-05 17:00:00,152.33
2023-01-06 08:00:00,97.97
2023-01-06 09:00:00,256.99
2023-01-06 10:00:00,444.24
2023-01-06 11:00:00,579.5
2023-01-06 12:00:00,657.55
2023-01-06 13:00:00,625.41
2023-01-06 14:00:00,677.61
2023-01-06 15:00:00,574.14
2023-01-06 16:00:00,385.32
2023-01-06 17:00:00,217.0
2023-01-07 08:00:00,116.51
2023-01-07 09:00:00,255.68
2023-01-07 10:00:00,259.94
2023-01-07 11:00:00,247.86
2023-01-07 12:00:00,208.76
2023-01-07 13:00:00,208.88
2023-01-07 14:00:00,541.04
2023-01-07 15:00:00,447.12
2023-01-07 16:00:00,311.07
2023-01-07 17:00:00,174.95
2023-01-08 08:00:00,157.66
2023-01-08 09:00:00,321.64
2023-01-08 10:00:00,366.33
2023-01-08 11:00:00,493.5
2023-01-08 12:00:00,624.58
2023-01-08 13:00:00,694.13
2023-01-08 14:00:00,607.19
2023-01-08 15:00:00,545.61
2023-01-08 16:00:00,345.97
2023-01-08 17:00:00,220.55
2023-01-09 08:00:00,113.47
2023-01-09 09:00:00,225.57
2023-01-09 10:00:00,328.95
2023-01-09 11:00:00,436.79
2023-01-09 12:00:00,474.46
2023-01-09 13:00:00,516.52
2023-01-09 14:00:00,583.02
2023-01-09 15:00:00,534.34
2023-01-09 16:00:00,379.2
2023-01-09 17:00:00,163.48
2023-01-10 08:00:00,133.71
2023-01-10 09:00:00,271.68
2023-01-10 10:00:00,448.12
2023-01-10 11:00:00,494.31
2023-01-10 12:00:00,523.93
2023-01-10 13:00:00,504.98
2023-01-10 14:00:00,430.43
2023-01-10 15:00:00,471.86
2023-01-10 16:00:00,342.73
2023-01-10 17:00:00,231.82
2023-01-11 08:00:00,84.64
2023-01-11 09:00:00,177.5
2023-01-11 10:00:00,343.21
2023-01-11 11:00:00,469.37
2023-01-11 12:00:00,556.56
2023-01-11 13:00:00,538.81
2023-01-11 14:00:00,350.47
2023-01-11 15:00:00,325.28
2023-01-11 16:00:00,272.64
2023-01-11 17:00:00,126.51
2023-01-12 08:00:00,178.32
2023-01-12 09:00:00,369.6
2023-01-12 10:00:00,469.91
2023-01-12 11:00:00,561.26
2023-01-12 12:00:00,628.89
2023-01-12 13:00:00,649.48
2023-01-12 14:00:00,471.01
2023-01-12 15:00:00,426.98
2023-01-12 16:00:00,352.39
2023-01-12 17:00:00,194.3
2023-01-13 08:00:00,146.5
2023-01-13 09:00:00,297.05
2023-01-13 10:00:00,427.18
2023-01-13 11:00:00,507.75
2023-01-13 12:00:00,590.91
2023-01-13 13:00:00,608.68
2023-01-13 14:00:00,584.42
2023-01-13 15:00:00,500.01
2023-01-13 16:00:00,395.83
2023-01-13 17:00:00,207.71
2023-01-14 08:00:00,182.98
2023-01-14 09:00:00,320.47
2023-01-14 10:00:00,494.43
2023-01-14 11:00:00,588.41
2023-01-14 12:00:00,591.57
2023-01-14 13:00:00,571.82
2023-01-14 14:00:00,568.64
2023-01-14 15:00:00,475.28
2023-01-14 16:00:00,391.46
2023-01-14 17:00:00,194.29
2023-01-15 08:00:00,118.36
2023-01-15 09:00:00,306.89
2023-01-15 10:00:00,465.21
2023-01-15 11:00:00,588.82
2023-01-15 12:00:00,658.55
2023-01-15 13:00:00,631.06
2023-01-15 14:00:00,401.18
2023-01-15 15:00:00,427.85
2023-01-15 16:00:00,375.06
2023-01-15 17:00:00,219.55
2023-01-16 08:00:00,155.91
2023-01-16 09:00:00,341.7
2023-01-16 10:00:00,409.81
2023-01-16 11:00:00,494.61
2023-01-16 12:00:00,615.2
2023-01-16 13:00:00,567.23
2023-01-16 14:00:00,588.79
2023-01-16 15:00:00,436.32
2023-01-16 16:00:00,439.23
2023-01-16 17:00:00,280.28
2023-01-17 08:00:00,132.27
2023-01-17 09:00:00,362.25
2023-01-17 10:00:00,511.09
2023-01-17 11:00:00,618.31
2023-01-17 12:00:00,639.68
2023-01-17 13:00:00,675.5
2023-01-17 14:00:00,653.3
2023-01-17 15:00:00,563.58
2023-01-17 16:00:00,441.83
2023-01-17 17:00:00,252.03
2023-01-18 08:00:00,141.02
2023-01-18 09:00:00,321.9
2023-01-18 10:00:00,518.92
2023-01-18 11:00:00,582.0
2023-01-18 12:00:00,624.94
2023-01-18 13:00:00,684.25
2023-01-18 14:00:00,588.59
2023-01-18 15:00:00,568.75
2023-01-18 16:00:00,426.78
2023-01-18 17:00:00,204.62
2023-01-19 08:00:00,119.59
2023-01-19 09:00:00,272.08
2023-01-19 10:00:00,428.81
2023-01-19 11:00:00,571.44
2023-01-19 12:00:00,580.78
2023-01-19 13:00:00,572.36
2023-01-19 14:00:00,565.3
2023-01-19 15:00:00,346.0
2023-01-19 16:00:00,357.75
2023-01-19 17:00:00,226.13
2023-01-20 08:00:00,62.97
2023-01-20 09:00:00,104.41
2023-01-20 10:00:00,224.85
2023-01-20 11:00:00,318.34
2023-01-20 12:00:00,399.35
2023-01-20 13:00:00,479.12
2023-01-20 14:00:00,438.13
2023-01-20 15:00:00,420.63
2023-01-20 16:00:00,260.49
2023-01-20 17:00:00,169.92
2023-01-21 08:00:00,117.28
2023-01-21 09:00:00,293.78
2023-01-21 10:00:00,499.13
2023-01-21 11:00:00,545.46
2023-01-21 12:00:00,409.41
2023-01-21 13:00:00,550.26
2023-01-21 14:00:00,655.5
2023-01-21 15:00:00,513.98
2023-01-21 16:00:00,360.74
2023-01-21 17:00:00,129.22
2023-01-22 08:00:00,103.96
2023-01-22 09:00:00,262.72
2023-01-22 10:00:00,415.37
2023-01-22 11:00:00,489.58
2023-01-22 12:00:00,507.48
2023-01-22 13:00:00,559.68
2023-01-22 14:00:00,539.92
2023-01-22 15:00:00,445.45
2023-01-22 16:00:00,273.22
2023-01-22 17:00:00,84.18
2023-01-23 08:00:00,76.45
2023-01-23 09:00:00,182.08
2023-01-23 10:00:00,354.28
2023-01-23 11:00:00,461.32
2023-01-23 12:00:00,535.75
2023-01-23 13:00:00,515.15
2023-01-23 14:00:00,486.68
2023-01-23 15:00:00,295.32
2023-01-23 16:00:00,197.76
2023-01-23 17:00:00,104.73
2023-01-24 08:00:00,70.38
2023-01-24 09:00:00,150.9
2023-01-24 10:00:00,180.04
2023-01-24 11:00:00,163.17
2023-01-24 12:00:00,143.26
2023-01-24 13:00:00,140.01
2023-01-24 14:00:00,42.19
2023-01-24 15:00:00,51.85
2023-01-24 16:00:00,48.91
2023-01-24 17:00:00,15.41
2023-01-25 08:00:00,21.0
2023-01-25 09:00:00,76.49
2023-01-25 10:00:00,71.16
2023-01-25 11:00:00,144.47
2023-01-25 12:00:00,149.74
2023-01-25 13:00:00,165.78
2023-01-25 14:00:00,70.24
2023-01-25 15:00:00,53.56
2023-01-25 16:00:00,36.14
2023-01-25 17:00:00,17.59
2023-01-26 08:00:00,21.11
2023-01-26 09:00:00,111.61
2023-01-26 10:00:00,111.29
2023-01-26 11:00:00,232.21
2023-01-26 12:00:00,318.81
2023-01-26 13:00:00,233.9
2023-01-26 14:00:00,265.2
2023-01-26 15:00:00,252.87
2023-01-26 16:00:00,275.47
2023-01-26 17:00:00,131.73
2023-01-27 08:00:00,127.46
2023-01-27 09:00:00,302.9
2023-01-27 10:00:00,369.17
2023-01-27 11:00:00,254.34
2023-01-27 12:00:00,255.87
2023-01-27 13:00:00,503.89
2023-01-27 14:00:00,586.54
2023-01-27 15:00:00,521.82
2023-01-27 16:00:00,343.06
2023-01-27 17:00:00,260.16
2023-01-28 08:00:00,39.71
2023-01-28 09:00:00,76.9
2023-01-28 10:00:00,171.5
2023-01-28 11:00:00,185.99
2023-01-28 12:00:00,169.45
2023-01-28 13:00:00,136.77
2023-01-28 14:00:00,46.35
2023-01-28 15:00:00,26.34
2023-01-28 16:00:00,27.11
2023-01-28 17:00:00,27.63
2023-01-29 08:00:00,7.92
2023-01-29 09:00:00,24.6
2023-01-29 10:00:00,57.16
2023-01-29 11:00:00,67.39
2023-01-29 12:00:00,111.55
2023-01-29 13:00:00,174.05
2023-01-29 14:00:00,320.93
2023-01-29 15:00:00,295.26
2023-01-29 16:00:00,136.38
2023-01-29 17:00:00,75.26
2023-01-30 08:00:00,28.91
2023-01-30 09:00:00,109.06
2023-01-30 10:00:00,221.94
2023-01-30 11:00:00,241.45
2023-01-30 12:00:00,285.2
2023-01-30 13:00:00,250.14
2023-01-30 14:00:00,161.82
2023-01-30 15:00:00,141.04
2023-01-30 16:00:00,151.55
2023-01-30 17:00:00,80.86
2023-01-31 08:00:00,23.08
2023-01-31 09:00:00,44.99
2023-01-31 10:00:00,112.12
2023-01-31 11:00:00,58.66
2023-01-31 12:00:00,77.82
2023-01-31 13:00:00,109.55
2023-01-31 14:00:00,135.32
2023-01-31 15:00:00,116.87
2023-01-31 16:00:00,57.54
2023-01-31 17:00:00,38.25
2023-02-01 08:00:00,67.82
2023-02-01 09:00:00,211.93
2023-02-01 10:00:00,330.0
2023-02-01 11:00:00,352.25
2023-02-01 12:00:00,478.76
2023-02-01 13:00:00,444.58
2023-02-01 14:00:00,574.63
2023-02-01 15:00:00,486.74
2023-02-01 16:00:00,337.52
2023-02-01 17:00:00,209.94
2023-02-02 08:00:00,90.56
2023-02-02 09:00:00,208.76
2023-02-02 10:00:00,267.8
2023-02-02 11:00:00,367.6
2023-02-02 12:00:00,322.21
2023-02-02 13:00:00,393.27
2023-02-02 14:00:00,564.66
2023-02-02 15:00:00,509.37
2023-02-02 16:00:00,425.42
2023-02-02 17:00:00,253.7
2023-02-03 08:00:00,47.17
2023-02-03 09:00:00,157.68
2023-02-03 10:00:00,435.93
2023-02-03 11:00:00,430.45
2023-02-03 12:00:00,463.76
2023-02-03 13:00:00,586.68
2023-02-03 14:00:00,462.0
2023-02-03 15:00:00,453.68
2023-02-03 16:00:00,397.62
2023-02-03 17:00:00,210.84
2023-02-04 08:00:00,68.86
2023-02-04 09:00:00,185.45
2023-02-04 10:00:00,336.39
2023-02-04 11:00:00,426.36
2023-02-04 12:00:00,591.31
2023-02-04 13:00:00,568.04
2023-02-04 14:00:00,112.9
2023-02-04 15:00:00,55.7
2023-02-04 16:00:00,19.2
2023-02-04 17:00:00,47.43
2023-02-05 08:00:00,113.08
2023-02-05 09:00:00,253.04
2023-02-05 10:00:00,353.84
2023-02-05 11:00:00,487.62
2023-02-05 12:00:00,619.1
2023-02-05 13:00:00,593.08
2023-02-05 14:00:00,519.15
2023-02-05 15:00:00,524.64
2023-02-05 16:00:00,312.84
2023-02-05 17:00:00,230.18
2023-02-06 08:00:00,31.45
2023-02-06 09:00:00,101.49
2023-02-06 10:00:00,230.93
2023-02-06 11:00:00,410.05
2023-02-06 12:00:00,494.92
2023-02-06 13:00:00,587.27
2023-02-06 14:00:00,452.49
2023-02-06 15:00:00,432.67
2023-02-06 16:00:00,398.98
2023-02-06 17:00:00,234.24
2023-02-07 08:00:00,109.65
2023-02-07 09:00:00,304.03
2023-02-07 10:00:00,443.06
2023-02-07 11:00:00,464.71
2023-02-07 12:00:00,564.21
2023-02-07 13:00:00,686.75
2023-02-07 14:00:00,456.09
2023-02-07 15:00:00,362.7
2023-02-07 16:00:00,342.95
2023-02-07 17:00:00,209.8
2023-02-08 08:00:00,148.82
2023-02-08 09:00:00,330.36
2023-02-08 10:00:00,497.78
2023-02-08 11:00:00,584.55
2023-02-08 12:00:00,638.81
2023-02-08 13:00:00,586.11
2023-02-08 14:00:00,651.9
2023-02-08 15:00:00,540.03
2023-02-08 16:00:00,353.85
2023-02-08 17:00:00,190.74
2023-02-09 08:00:00,131.58
2023-02-09 09:00:00,353.13
2023-02-09 10:00:00,517.67
2023-02-09 11:00:00,584.77
2023-02-09 12:00:00,688.94
2023-02-09 13:00:00,711.01
2023-02-09 14:00:00,578.58
2023-02-09 15:00:00,479.76
2023-02-09 16:00:00,355.68
2023-02-09 17:00:00,212.2
2023-02-10 08:00:00,149.46
2023-02-10 09:00:00,278.34
2023-02-10 10:00:00,481.12
2023-02-10 11:00:00,611.43
2023-02-10 12:00:00,671.72
2023-02-10 13:00:00,711.14
2023-02-10 14:00:00,488.27
2023-02-10 15:00:00,379.84
2023-02-10 16:00:00,306.85
2023-02-10 17:00:00,187.87
2023-02-11 08:00:00,64.11
2023-02-11 09:00:00,184.64
2023-02-11 10:00:00,274.43
2023-02-11 11:00:00,601.54
2023-02-11 12:00:00,554.7
2023-02-11 13:00:00,543.53
2023-02-11 14:00:00,596.81
2023-02-11 15:00:00,583.65
2023-02-11 16:00:00,385.53
2023-02-11 17:00:00,245.12
2023-02-12 08:00:00,128.23
2023-02-12 09:00:00,213.6
2023-02-12 10:00:00,508.25
2023-02-12 11:00:00,584.5
2023-02-12 12:00:00,732.17
2023-02-12 13:00:00,712.78
2023-02-12 14:00:00,573.9
2023-02-12 15:00:00,379.77
2023-02-12 16:00:00,315.26
2023-02-12 17:00:00,210.08
2023-02-13 08:00:00,116.46
2023-02-13 09:00:00,320.99
2023-02-13 10:00:00,435.23
2023-02-13 11:00:00,558.21
2023-02-13 12:00:00,589.57
2023-02-13 13:00:00,598.46
2023-02-13 14:00:00,485.97
2023-02-13 15:00:00,346.61
2023-02-13 16:00:00,287.17
2023-02-13 17:00:00,111.32
2023-02-14 08:00:00,164.04
2023-02-14 09:00:00,369.42
2023-02-14 10:00:00,521.36
2023-02-14 11:00:00,549.63
2023-02-14 12:00:00,623.61
2023-02-14 13:00:00,584.38
2023-02-14 14:00:00,462.95
2023-02-14 15:00:00,474.33
2023-02-14 16:00:00,423.97
2023-02-14 17:00:00,272.02
2023-02-15 08:00:00,126.58
2023-02-15 09:00:00,280.13
2023-02-15 10:00:00,384.77
2023-02-15 11:00:00,544.16
2023-02-15 12:00:00,593.65
2023-02-15 13:00:00,615.74
2023-02-15 14:00:00,417.39
2023-02-15 15:00:00,361.05
2023-02-15 16:00:00,248.71
2023-02-15 17:00:00,145.94
2023-02-16 08:00:00,137.79
2023-02-16 09:00:00,290.18
2023-02-16 10:00:00,489.36
2023-02-16 11:00:00,639.09
2023-02-16 12:00:00,654.29
2023-02-16 13:00:00,612.35
2023-02-16 14:00:00,653.47
2023-02-16 15:00:00,510.23
2023-02-16 16:00:00,391.37
2023-02-16 17:00:00,244.53
2023-02-17 08:00:00,166.35
2023-02-17 09:00:00,359.09
2023-02-17 10:00:00,515.38
2023-02-17 11:00:00,599.52
2023-02-17 12:00:00,660.06
2023-02-17 13:00:00,650.17
2023-02-17 14:00:00,560.83
2023-02-17 15:00:00,538.86
2023-02-17 16:00:00,396.34
2023-02-17 17:00:00,224.83
2023-02-18 08:00:00,149.48
2023-02-18 09:00:00,329.69
2023-02-18 10:00:00,495.3
2023-02-18 11:00:00,628.0
2023-02-18 12:00:00,659.71
2023-02-18 13:00:00,615.54
2023-02-18 14:00:00,703.34
2023-02-18 15:00:00,620.72
2023-02-18 16:00:00,458.09
2023-02-18 17:00:00,257.67
2023-02-19 08:00:00,91.44
2023-02-19 09:00:00,214.91
2023-02-19 10:00:00,336.58
2023-02-19 11:00:00,581.55
2023-02-19 12:00:00,690.09
2023-02-19 13:00:00,698.52
2023-02-19 14:00:00,691.87
2023-02-19 15:00:00,609.09
2023-02-19 16:00:00,408.0
2023-02-19 17:00:00,270.89
2023-02-20 08:00:00,135.75
2023-02-20 09:00:00,270.7
2023-02-20 10:00:00,384.13
2023-02-20 11:00:00,438.85
2023-02-20 12:00:00,546.58
2023-02-20 13:00:00,526.5
2023-02-20 14:00:00,262.22
2023-02-20 15:00:00,245.83
2023-02-20 16:00:00,249.31
2023-02-20 17:00:00,194.44
2023-02-21 08:00:00,151.4
2023-02-21 09:00:00,346.8
2023-02-21 10:00:00,483.3
2023-02-21 11:00:00,455.36
2023-02-21 12:00:00,682.65
2023-02-21 13:00:00,668.01
2023-02-21 14:00:00,419.99
2023-02-21 15:00:00,258.14
2023-02-21 16:00:00,268.28
2023-02-21 17:00:00,201.96
2023-02-22 08:00:00,39.53
2023-02-22 09:00:00,78.88
2023-02-22 10:00:00,81.07
2023-02-22 11:00:00,150.43
2023-02-22 12:00:00,108.02
2023-02-22 13:00:00,117.19
2023-02-22 14:00:00,218.12
2023-02-22 15:00:00,255.01
2023-02-22 16:00:00,246.41
2023-02-22 17:00:00,222.52
2023-02-23 08:00:00,110.17
2023-02-23 09:00:00,199.32
2023-02-23 10:00:00,323.35
2023-02-23 11:00:00,365.68
2023-02-23 12:00:00,480.77
2023-02-23 13:00:00,509.35
2023-02-23 14:00:00,678.55
2023-02-23 15:00:00,576.83
2023-02-23 16:00:00,406.45
2023-02-23 17:00:00,253.33
2023-02-24 08:00:00,143.97
2023-02-24 09:00:00,360.81
2023-02-24 10:00:00,441.25
2023-02-24 11:00:00,614.93
2023-02-24 12:00:00,627.03
2023-02-24 13:00:00,694.61
2023-02-24 14:00:00,680.37
2023-02-24 15:00:00,623.41
2023-02-24 16:00:00,474.18
2023-02-24 17:00:00,234.0
2023-02-25 08:00:00,103.11
2023-02-25 09:00:00,239.26
2023-02-25 10:00:00,351.06
2023-02-25 11:00:00,417.5
2023-02-25 12:00:00,452.06
2023-02-25 13:00:00,486.27
2023-02-25 14:00:00,611.66
2023-02-25 15:00:00,528.02
2023-02-25 16:00:00,387.5
2023-02-25 17:00:00,212.29
2023-02-26 08:00:00,59.03
2023-02-26 09:00:00,185.58
2023-02-26 10:00:00,249.33
2023-02-26 11:00:00,338.75
2023-02-26 12:00:00,388.81
2023-02-26 13:00:00,452.52
2023-02-26 14:00:00,633.04
2023-02-26 15:00:00,463.26
2023-02-26 16:00:00,374.45
2023-02-26 17:00:00,229.68
2023-02-27 08:00:00,101.4
2023-02-27 09:00:00,256.02
2023-02-27 10:00:00,336.43
2023-02-27 11:00:00,388.57
2023-02-27 12:00:00,411.89
2023-02-27 13:00:00,392.81
2023-02-27 14:00:00,602.09
2023-02-27 15:00:00,395.4
2023-02-27 16:00:00,351.1
2023-02-27 17:00:00,155.15
2023-02-28 08:00:00,69.04
2023-02-28 09:00:00,152.54
2023-02-28 10:00:00,351.26
2023-02-28 11:00:00,358.36
2023-02-28 12:00:00,263.79
2023-02-28 13:00:00,218.01
2023-02-28 14:00:00,297.13
2023-02-28 15:00:00,105.31
2023-02-28 16:00:00,46.69
2023-02-28 17:00:00,66.68
2023-03-01 08:00:00,4.09
2023-03-01 09:00:00,16.88
2023-03-01 10:00:00,29.56
2023-03-01 11:00:00,37.95
2023-03-01 12:00:00,75.57
2023-03-01 13:00:00,62.13
2023-03-01 14:00:00,111.13
2023-03-01 15:00:00,96.31
2023-03-01 16:00:00,69.74
2023-03-01 17:00:00,66.6
2023-03-02 08:00:00,90.89
2023-03-02 09:00:00,180.05
2023-03-02 10:00:00,276.71
2023-03-02 11:00:00,438.87
2023-03-02 12:00:00,459.91
2023-03-02 13:00:00,468.44
2023-03-02 14:00:00,86.62
2023-03-02 15:00:00,113.96
2023-03-02 16:00:00,40.05
2023-03-02 17:00:00,31.24
2023-03-03 08:00:00,17.59
2023-03-03 09:00:00,98.28
2023-03-03 10:00:00,181.96
2023-03-03 11:00:00,202.35
2023-03-03 12:00:00,108.02
2023-03-03 13:00:00,110.99
2023-03-03 14:00:00,168.37
2023-03-03 15:00:00,119.38
2023-03-03 16:00:00,80.23
2023-03-03 17:00:00,50.04
2023-03-04 08:00:00,17.7
2023-03-04 09:00:00,59.72
2023-03-04 10:00:00,106.14
2023-03-04 11:00:00,144.85
2023-03-04 12:00:00,215.56
2023-03-04 13:00:00,300.89
2023-03-04 14:00:00,83.46
2023-03-04 15:00:00,68.72
2023-03-04 16:00:00,40.83
2023-03-04 17:00:00,37.1
2023-03-05 08:00:00,65.52
2023-03-05 09:00:00,156.08
2023-03-05 10:00:00,212.16
2023-03-05 11:00:00,287.87
2023-03-05 12:00:00,393.72
2023-03-05 13:00:00,454.46
2023-03-05 14:00:00,543.02
2023-03-05 15:00:00,315.16
2023-03-05 16:00:00,251.67
2023-03-05 17:00:00,199.27
2023-03-06 08:00:00,152.17
2023-03-06 09:00:00,349.27
2023-03-06 10:00:00,506.89
2023-03-06 11:00:00,621.15
2023-03-06 12:00:00,660.29
2023-03-06 13:00:00,658.1
2023-03-06 14:00:00,389.32
2023-03-06 15:00:00,334.02
2023-03-06 16:00:00,254.54
2023-03-06 17:00:00,135.15
2023-03-07 08:00:00,157.48
2023-03-07 09:00:00,294.89
2023-03-07 10:00:00,461.34
2023-03-07 11:00:00,582.64
2023-03-07 12:00:00,720.79
2023-03-07 13:00:00,654.39
2023-03-07 14:00:00,670.0
2023-03-07 15:00:00,494.8
2023-03-07 16:00:00,338.02
2023-03-07 17:00:00,199.88
2023-03-08 08:00:00,111.54
2023-03-08 09:00:00,258.33
2023-03-08 10:00:00,381.26
2023-03-08 11:00:00,543.25
2023-03-08 12:00:00,545.16
2023-03-08 13:00:00,685.78
2023-03-08 14:00:00,521.71
2023-03-08 15:00:00,555.84
2023-03-08 16:00:00,380.38
2023-03-08 17:00:00,259.89
2023-03-09 08:00:00,154.95
2023-03-09 09:00:00,325.94
2023-03-09 10:00:00,529.4
2023-03-09 11:00:00,570.37
2023-03-09 12:00:00,667.21
2023-03-09 13:00:00,680.94
2023-03-09 14:00:00,565.38
2023-03-09 15:00:00,498.01
2023-03-09 16:00:00,415.73
2023-03-09 17:00:00,243.68
2023-03-10 08:00:00,109.48
2023-03-10 09:00:00,250.18
2023-03-10 10:00:00,394.56
2023-03-10 11:00:00,608.44
2023-03-10 12:00:00,635.8
2023-03-10 13:00:00,647.47
2023-03-10 14:00:00,567.56
2023-03-10 15:00:00,481.7
2023-03-10 16:00:00,354.87
2023-03-10 17:00:00,207.15
2023-03-11 08:00:00,127.31
2023-03-11 09:00:00,275.19
2023-03-11 10:00:00,273.94
2023-03-11 11:00:00,397.9
2023-03-11 12:00:00,463.8
2023-03-11 13:00:00,588.35
2023-03-11 14:00:00,557.88
2023-03-11 15:00:00,506.96
2023-03-11 16:00:00,388.63
2023-03-11 17:00:00,231.35
2023-03-12 08:00:00,143.27
2023-03-12 09:00:00,286.53
2023-03-12 10:00:00,486.42
2023-03-12 11:00:00,568.97
2023-03-12 12:00:00,635.04
2023-03-12 13:00:00,539.73
2023-03-12 14:00:00,635.2
2023-03-12 15:00:00,503.96
2023-03-12 16:00:00,425.27
2023-03-12 17:00:00,237.71
2023-03-13 08:00:00,85.93
2023-03-13 09:00:00,175.47
2023-03-13 10:00:00,296.69
2023-03-13 11:00:00,271.78
2023-03-13 12:00:00,526.26
2023-03-13 13:00:00,585.81
2023-03-13 14:00:00,665.31
2023-03-13 15:00:00,609.87
2023-03-13 16:00:00,434.88
2023-03-13 17:00:00,273.25
2023-03-14 08:00:00,149.91
2023-03-14 09:00:00,322.48
2023-03-14 10:00:00,420.05
2023-03-14 11:00:00,605.87
2023-03-14 12:00:00,680.62
2023-03-14 13:00:00,646.94
2023-03-14 14:00:00,615.16
2023-03-14 15:00:00,539.16
2023-03-14 16:00:00,431.29
2023-03-14 17:00:00,223.04
2023-03-15 08:00:00,160.75
2023-03-15 09:00:00,369.35
2023-03-15 10:00:00,541.69
2023-03-15 11:00:00,606.73
2023-03-15 12:00:00,676.14
2023-03-15 13:00:00,720.37
2023-03-15 14:00:00,598.21
2023-03-15 15:00:00,527.83
2023-03-15 16:00:00,411.49
2023-03-15 17:00:00,274.14
2023-03-16 08:00:00,175.76
2023-03-16 09:00:00,341.47
2023-03-16 10:00:00,478.45
2023-03-16 11:00:00,595.03
2023-03-16 12:00:00,631.39
2023-03-16 13:00:00,687.71
2023-03-16 14:00:00,691.68
2023-03-16 15:00:00,596.21
2023-03-16 16:00:00,442.29
2023-03-16 17:00:00,247.48
2023-03-17 08:00:00,171.92
2023-03-17 09:00:00,354.92
2023-03-17 10:00:00,493.63
2023-03-17 11:00:00,630.97
2023-03-17 12:00:00,683.5
2023-03-17 13:00:00,640.95
2023-03-17 14:00:00,635.99
2023-03-17 15:00:00,571.36
2023-03-17 16:00:00,407.59
2023-03-17 17:00:00,235.65
2023-03-18 08:00:00,166.34
2023-03-18 09:00:00,323.61
2023-03-18 10:00:00,517.43
2023-03-18 11:00:00,585.26
2023-03-18 12:00:00,709.42
2023-03-18 13:00:00,670.79
2023-03-18 14:00:00,560.84
2023-03-18 15:00:00,546.44
2023-03-18 16:00:00,394.98
2023-03-18 17:00:00,232.69
2023-03-19 08:00:00,77.41
2023-03-19 09:00:00,173.62
2023-03-19 10:00:00,362.54
2023-03-19 11:00:00,512.11
2023-03-19 12:00:00,613.86
2023-03-19 13:00:00,570.97
2023-03-19 14:00:00,591.52
2023-03-19 15:00:00,534.69
2023-03-19 16:00:00,382.55
2023-03-19 17:00:00,229.63
2023-03-20 08:00:00,105.64
2023-03-20 09:00:00,266.03
2023-03-20 10:00:00,423.11
2023-03-20 11:00:00,358.81
2023-03-20 12:00:00,523.64
2023-03-20 13:00:00,534.87
2023-03-20 14:00:00,417.71
2023-03-20 15:00:00,422.15
2023-03-20 16:00:00,314.1
2023-03-20 17:00:00,145.1
2023-03-21 08:00:00,101.81
2023-03-21 09:00:00,214.44
2023-03-21 10:00:00,347.41
2023-03-21 11:00:00,442.58
2023-03-21 12:00:00,607.48
2023-03-21 13:00:00,612.76
2023-03-21 14:00:00,540.61
2023-03-21 15:00:00,519.22
2023-03-21 16:00:00,384.68
2023-03-21 17:00:00,220.36
2023-03-22 08:00:00,143.07
2023-03-22 09:00:00,292.44
2023-03-22 10:00:00,484.44
2023-03-22 11:00:00,616.67
2023-03-22 12:00:00,654.07
2023-03-22 13:00:00,666.19
2023-03-22 14:00:00,644.15
2023-03-22 15:00:00,494.5
2023-03-22 16:00:00,353.66
2023-03-22 17:00:00,202.39
2023-03-23 08:00:00,157.63
2023-03-23 09:00:00,332.1
2023-03-23 10:00:00,437.64
2023-03-23 11:00:00,517.81
2023-03-23 12:00:00,590.07
2023-03-23 13:00:00,535.25
2023-03-23 14:00:00,618.29
2023-03-23 15:00:00,600.48
2023-03-23 16:00:00,418.98
2023-03-23 17:00:00,224.17
2023-03-24 08:00:00,109.31
2023-03-24 09:00:00,251.41
2023-03-24 10:00:00,404.68
2023-03-24 11:00:00,524.13
2023-03-24 12:00:00,646.61
2023-03-24 13:00:00,636.23
2023-03-24 14:00:00,618.24
2023-03-24 15:00:00,529.62
2023-03-24 16:00:00,376.43
2023-03-24 17:00:00,230.94
2023-03-25 08:00:00,95.43
2023-03-25 09:00:00,155.75
2023-03-25 10:00:00,257.11
2023-03-25 11:00:00,484.34
2023-03-25 12:00:00,509.67
2023-03-25 13:00:00,563.6
2023-03-25 14:00:00,322.33
2023-03-25 15:00:00,199.13
2023-03-25 16:00:00,200.23
2023-03-25 17:00:00,113.0
2023-03-26 08:00:00,164.66
2023-03-26 09:00:00,351.29
2023-03-26 10:00:00,506.34
2023-03-26 11:00:00,612.64
2023-03-26 12:00:00,629.73
2023-03-26 13:00:00,651.3
2023-03-26 14:00:00,633.46
2023-03-26 15:00:00,509.12
2023-03-26 16:00:00,370.36
2023-03-26 17:00:00,200.32
2023-03-27 08:00:00,61.35
2023-03-27 09:00:00,179.86
2023-03-27 10:00:00,178.98
2023-03-27 11:00:00,439.85
2023-03-27 12:00:00,470.53
2023-03-27 13:00:00,543.54
2023-03-27 14:00:00,39.0
2023-03-27 15:00:00,78.3
2023-03-27 16:00:00,29.83
2023-03-27 17:00:00,33.75
2023-03-28 08:00:00,113.44
2023-03-28 09:00:00,332.0
2023-03-28 10:00:00,523.74
2023-03-28 11:00:00,619.8
2023-03-28 12:00:00,678.16
2023-03-28 13:00:00,666.29
2023-03-28 14:00:00,657.3
2023-03-28 15:00:00,602.98
2023-03-28 16:00:00,455.07
2023-03-28 17:00:00,257.18
2023-03-29 08:00:00,167.24
2023-03-29 09:00:00,327.67
2023-03-29 10:00:00,469.99
2023-03-29 11:00:00,475.83
2023-03-29 12:00:00,580.82
2023-03-29 13:00:00,566.6
2023-03-29 14:00:00,658.17
2023-03-29 15:00:00,547.57
2023-03-29 16:00:00,417.45
2023-03-29 17:00:00,244.01
2023-03-30 08:00:00,137.98
2023-03-30 09:00:00,313.19
2023-03-30 10:00:00,513.06
2023-03-30 11:00:00,599.0
2023-03-30 12:00:00,632.01
2023-03-30 13:00:00,618.7
2023-03-30 14:00:00,648.07
2023-03-30 15:00:00,548.75
2023-03-30 16:00:00,404.95
2023-03-30 17:00:00,217.89
2023-03-31 08:00:00,108.98
2023-03-31 09:00:00,219.05
2023-03-31 10:00:00,442.74
2023-03-31 11:00:00,535.21
2023-03-31 12:00:00,605.74
2023-03-31 13:00:00,634.06
2023-03-31 14:00:00,485.79
2023-03-31 15:00:00,412.59
2023-03-31 16:00:00,317.49
2023-03-31 17:00:00,150.92
2023-04-01 08:00:00,62.97
2023-04-01 09:00:00,204.22
2023-04-01 10:00:00,346.47
2023-04-01 11:00:00,473.71
2023-04-01 12:00:00,599.52
2023-04-01 13:00:00,624.17
2023-04-01 14:00:00,629.78
2023-04-01 15:00:00,506.5
2023-04-01 16:00:00,326.09
2023-04-01 17:00:00,193.49
2023-04-02 08:00:00,76.58
2023-04-02 09:00:00,203.0
2023-04-02 10:00:00,387.45
2023-04-02 11:00:00,528.02
2023-04-02 12:00:00,477.12
2023-04-02 13:00:00,605.9
2023-04-02 14:00:00,558.44
2023-04-02 15:00:00,497.15
2023-04-02 16:00:00,359.52
2023-04-02 17:00:00,189.7
2023-04-03 08:00:00,54.51
2023-04-03 09:00:00,128.37
2023-04-03 10:00:00,212.98
2023-04-03 11:00:00,275.37
2023-04-03 12:00:00,229.8
2023-04-03 13:00:00,386.03
2023-04-03 14:00:00,116.5
2023-04-03 15:00:00,98.49
2023-04-03 16:00:00,154.68
2023-04-03 17:00:00,135.62
2023-04-04 08:00:00,171.33
2023-04-04 09:00:00,326.2
2023-04-04 10:00:00,501.41
2023-04-04 11:00:00,618.38
2023-04-04 12:00:00,653.8
2023-04-04 13:00:00,655.83
2023-04-04 14:00:00,618.57
2023-04-04 15:00:00,519.35
2023-04-04 16:00:00,351.58
2023-04-04 17:00:00,178.98
2023-04-05 08:00:00,148.1
2023-04-05 09:00:00,290.15
2023-04-05 10:00:00,371.26
2023-04-05 11:00:00,550.82
2023-04-05 12:00:00,571.83
2023-04-05 13:00:00,667.45
2023-04-05 14:00:00,313.59
2023-04-05 15:00:00,294.46
2023-04-05 16:00:00,259.75
2023-04-05 17:00:00,145.9
2023-04-06 08:00:00,49.06
2023-04-06 09:00:00,113.38
2023-04-06 10:00:00,174.08
2023-04-06 11:00:00,332.38
2023-04-06 12:00:00,502.07
2023-04-06 13:00:00,381.55
2023-04-06 14:00:00,554.92
2023-04-06 15:00:00,448.11
2023-04-06 16:00:00,270.9
2023-04-06 17:00:00,184.24
2023-04-07 08:00:00,53.19
2023-04-07 09:00:00,119.45
2023-04-07 10:00:00,218.23
2023-04-07 11:00:00,326.41
2023-04-07 12:00:00,405.15
2023-04-07 13:00:00,439.22
2023-04-07 14:00:00,461.41
2023-04-07 15:00:00,369.45
2023-04-07 16:00:00,211.24
2023-04-07 17:00:00,90.68
2023-04-08 08:00:00,146.25
2023-04-08 09:00:00,273.09
2023-04-08 10:00:00,451.31
2023-04-08 11:00:00,566.31
2023-04-08 12:00:00,586.61
2023-04-08 13:00:00,540.77
2023-04-08 14:00:00,569.08
2023-04-08 15:00:00,480.02
2023-04-08 16:00:00,285.47
2023-04-08 17:00:00,176.69
2023-04-09 08:00:00,121.91
2023-04-09 09:00:00,299.89
2023-04-09 10:00:00,429.03
2023-04-09 11:00:00,571.3
2023-04-09 12:00:00,599.13
2023-04-09 13:00:00,665.21
2023-04-09 14:00:00,585.14
2023-04-09 15:00:00,552.08
2023-04-09 16:00:00,409.58
2023-04-09 17:00:00,206.68
2023-04-10 08:00:00,167.23
2023-04-10 09:00:00,369.48
2023-04-10 10:00:00,492.44
2023-04-10 11:00:00,589.68
2023-04-10 12:00:00,643.82
2023-04-10 13:00:00,665.88
2023-04-10 14:00:00,623.11
2023-04-10 15:00:00,500.28
2023-04-10 16:00:00,398.23
2023-04-10 17:00:00,200.37
2023-04-11 08:00:00,178.49
2023-04-11 09:00:00,366.39
2023-04-11 10:00:00,525.7
2023-04-11 11:00:00,616.96
2023-04-11 12:00:00,682.59
2023-04-11 13:00:00,662.98
2023-04-11 14:00:00,569.59
2023-04-11 15:00:00,501.56
2023-04-11 16:00:00,364.19
2023-04-11 17:00:00,206.98
2023-04-12 08:00:00,172.23
2023-04-12 09:00:00,377.62
2023-04-12 10:00:00,535.52
2023-04-12 11:00:00,635.71
2023-04-12 12:00:00,638.93
2023-04-12 13:00:00,647.2
2023-04-12 14:00:00,615.96
2023-04-12 15:00:00,539.87
2023-04-12 16:00:00,382.11
2023-04-12 17:00:00,198.31
2023-04-13 08:00:00,166.04
2023-04-13 09:00:00,372.55
2023-04-13 10:00:00,509.74
2023-04-13 11:00:00,599.58
2023-04-13 12:00:00,626.51
2023-04-13 13:00:00,563.93
2023-04-13 14:00:00,565.4
2023-04-13 15:00:00,499.45
2023-04-13 16:00:00,357.26
2023-04-13 17:00:00,184.64
2023-04-14 08:00:00,173.35
2023-04-14 09:00:00,299.62
2023-04-14 10:00:00,409.92
2023-04-14 11:00:00,535.19
2023-04-14 12:00:00,641.41
2023-04-14 13:00:00,645.5
2023-04-14 14:00:00,630.61
2023-04-14 15:00:00,469.16
2023-04-14 16:00:00,313.4
2023-04-14 17:00:00,158.99
2023-04-15 08:00:00,102.79
2023-04-15 09:00:00,246.32
2023-04-15 10:00:00,373.78
2023-04-15 11:00:00,498.51
2023-04-15 12:00:00,605.61
2023-04-15 13:00:00,598.89
2023-04-15 14:00:00,593.11
2023-04-15 15:00:00,452.76
2023-04-15 16:00:00,330.81
2023-04-15 17:00:00,155.62
2023-04-16 08:00:00,154.58
2023-04-16 09:00:00,301.72
2023-04-16 10:00:00,367.68
2023-04-16 11:00:00,516.08
2023-04-16 12:00:00,581.96
2023-04-16 13:00:00,605.47
2023-04-16 14:00:00,610.28
2023-04-16 15:00:00,427.29
2023-04-16 16:00:00,317.35
2023-04-16 17:00:00,155.93
2023-04-17 08:00:00,156.65
2023-04-17 09:00:00,320.46
2023-04-17 10:00:00,503.0
2023-04-17 11:00:00,531.75
2023-04-17 12:00:00,632.52
2023-04-17 13:00:00,645.31
2023-04-17 14:00:00,451.63
2023-04-17 15:00:00,341.97
2023-04-17 16:00:00,278.71
2023-04-17 17:00:00,121.78
2023-04-18 08:00:00,160.98
2023-04-18 09:00:00,364.08
2023-04-18 10:00:00,508.04
2023-04-18 11:00:00,595.57
2023-04-18 12:00:00,655.42
2023-04-18 13:00:00,629.5
2023-04-18 14:00:00,615.73
2023-04-18 15:00:00,473.6
2023-04-18 16:00:00,342.72
2023-04-18 17:00:00,141.28
2023-04-19 08:00:00,159.06
2023-04-19 09:00:00,321.58
2023-04-19 10:00:00,453.72
2023-04-19 11:00:00,515.3
2023-04-19 12:00:00,556.16
2023-04-19 13:00:00,527.06
2023-04-19 14:00:00,563.63
2023-04-19 15:00:00,435.17
2023-04-19 16:00:00,239.31
2023-04-19 17:00:00,138.92
2023-04-20 08:00:00,62.13
2023-04-20 09:00:00,103.02
2023-04-20 10:00:00,270.88
2023-04-20 11:00:00,424.06
2023-04-20 12:00:00,445.62
2023-04-20 13:00:00,356.12
2023-04-20 14:00:00,500.19
2023-04-20 15:00:00,396.55
2023-04-20 16:00:00,254.72
2023-04-20 17:00:00,111.73
2023-04-21 08:00:00,91.6
2023-04-21 09:00:00,234.29
2023-04-21 10:00:00,376.17
2023-04-21 11:00:00,440.73
2023-04-21 12:00:00,509.98
2023-04-21 13:00:00,497.91
2023-04-21 14:00:00,300.61
2023-04-21 15:00:00,392.88
2023-04-21 16:00:00,294.73
2023-04-21 17:00:00,171.97
2023-04-22 08:00:00,160.07
2023-04-22 09:00:00,317.67
2023-04-22 10:00:00,501.34
2023-04-22 11:00:00,599.46
2023-04-22 12:00:00,656.71
2023-04-22 13:00:00,624.98
2023-04-22 14:00:00,534.45
2023-04-22 15:00:00,454.63
2023-04-22 16:00:00,275.54
2023-04-22 17:00:00,142.99
2023-04-23 08:00:00,158.48
2023-04-23 09:00:00,321.54
2023-04-23 10:00:00,477.69
2023-04-23 11:00:00,571.8
2023-04-23 12:00:00,538.45
2023-04-23 13:00:00,528.59
2023-04-23 14:00:00,453.49
2023-04-23 15:00:00,373.85
2023-04-23 16:00:00,343.92
2023-04-23 17:00:00,162.84
2023-04-24 08:00:00,113.68
2023-04-24 09:00:00,246.06
2023-04-24 10:00:00,415.89
2023-04-24 11:00:00,538.57
2023-04-24 12:00:00,571.85
2023-04-24 13:00:00,590.66
2023-04-24 14:00:00,512.66
2023-04-24 15:00:00,459.28
2023-04-24 16:00:00,344.68
2023-04-24 17:00:00,146.07
2023-04-25 08:00:00,81.54
2023-04-25 09:00:00,211.04
2023-04-25 10:00:00,334.65
2023-04-25 11:00:00,503.63
2023-04-25 12:00:00,581.39
2023-04-25 13:00:00,547.99
2023-04-25 14:00:00,469.36
2023-04-25 15:00:00,384.72
2023-04-25 16:00:00,284.97
2023-04-25 17:00:00,134.62
2023-04-26 08:00:00,152.38
2023-04-26 09:00:00,344.46
2023-04-26 10:00:00,489.94
2023-04-26 11:00:00,545.36
2023-04-26 12:00:00,538.32
2023-04-26 13:00:00,548.95
2023-04-26 14:00:00,566.63
2023-04-26 15:00:00,509.37
2023-04-26 16:00:00,361.02
2023-04-26 17:00:00,181.41
2023-04-27 08:00:00,140.87
2023-04-27 09:00:00,299.79
2023-04-27 10:00:00,420.87
2023-04-27 11:00:00,468.14
2023-04-27 12:00:00,492.63
2023-04-27 13:00:00,551.18
2023-04-27 14:00:00,556.03
2023-04-27 15:00:00,458.64
2023-04-27 16:00:00,283.79
2023-04-27 17:00:00,118.57
2023-04-28 08:00:00,131.79
2023-04-28 09:00:00,292.49
2023-04-28 10:00:00,447.19
2023-04-28 11:00:00,569.42
2023-04-28 12:00:00,549.55
2023-04-28 13:00:00,539.2
2023-04-28 14:00:00,439.3
2023-04-28 15:00:00,285.44
2023-04-28 16:00:00,228.3
2023-04-28 17:00:00,120.02
2023-04-29 08:00:00,65.27
2023-04-29 09:00:00,168.28
2023-04-29 10:00:00,283.48
2023-04-29 11:00:00,320.07
2023-04-29 12:00:00,295.17
2023-04-29 13:00:00,440.91
2023-04-29 14:00:00,450.05
2023-04-29 15:00:00,363.79
2023-04-29 16:00:00,265.87
2023-04-29 17:00:00,122.02
2023-04-30 08:00:00,94.94
2023-04-30 09:00:00,204.33
2023-04-30 10:00:00,232.69
2023-04-30 11:00:00,417.55
2023-04-30 12:00:00,497.3
2023-04-30 13:00:00,515.06
2023-04-30 14:00:00,416.54
2023-04-30 15:00:00,245.09
2023-04-30 16:00:00,159.25
2023-04-30 17:00:00,85.87
2023-05-01 08:00:00,128.76
2023-05-01 09:00:00,237.39
2023-05-01 10:00:00,406.88
2023-05-01 11:00:00,508.59
2023-05-01 12:00:00,503.3
2023-05-01 13:00:00,543.22
2023-05-01 14:00:00,542.24
2023-05-01 15:00:00,481.68
2023-05-01 16:00:00,349.15
2023-05-01 17:00:00,159.5
2023-05-02 08:00:00,114.25
2023-05-02 09:00:00,285.56
2023-05-02 10:00:00,426.24
2023-05-02 11:00:00,465.44
2023-05-02 12:00:00,509.44
2023-05-02 13:00:00,502.17
2023-05-02 14:00:00,462.14
2023-05-02 15:00:00,442.21
2023-05-02 16:00:00,303.74
2023-05-02 17:00:00,160.16
2023-05-03 08:00:00,134.73
2023-05-03 09:00:00,321.27
2023-05-03 10:00:00,429.26
2023-05-03 11:00:00,414.6
2023-05-03 12:00:00,572.68
2023-05-03 13:00:00,590.32
2023-05-03 14:00:00,546.72
2023-05-03 15:00:00,383.13
2023-05-03 16:00:00,288.35
2023-05-03 17:00:00,127.57
2023-05-04 08:00:00,149.37
2023-05-04 09:00:00,283.05
2023-05-04 10:00:00,428.03
2023-05-04 11:00:00,461.47
2023-05-04 12:00:00,571.81
2023-05-04 13:00:00,639.57
2023-05-04 14:00:00,492.16
2023-05-04 15:00:00,425.11
2023-05-04 16:00:00,328.78
2023-05-04 17:00:00,165.64
2023-05-05 08:00:00,120.32
2023-05-05 09:00:00,264.6
2023-05-05 10:00:00,402.39
2023-05-05 11:00:00,508.47
2023-05-05 12:00:00,544.75
2023-05-05 13:00:00,535.39
2023-05-05 14:00:00,553.48
2023-05-05 15:00:00,435.9
2023-05-05 16:00:00,329.09
2023-05-05 17:00:00,129.67
2023-05-06 08:00:00,79.21
2023-05-06 09:00:00,181.6
2023-05-06 10:00:00,346.46
2023-05-06 11:00:00,399.68
2023-05-06 12:00:00,355.11
2023-05-06 13:00:00,370.79
2023-05-06 14:00:00,570.76
2023-05-06 15:00:00,460.58
2023-05-06 16:00:00,325.13
2023-05-06 17:00:00,140.36
2023-05-07 08:00:00,33.67
2023-05-07 09:00:00,105.16
2023-05-07 10:00:00,265.8
2023-05-07 11:00:00,413.4
2023-05-07 12:00:00,452.3
2023-05-07 13:00:00,449.2
2023-05-07 14:00:00,502.76
2023-05-07 15:00:00,196.34
2023-05-07 16:00:00,178.81
2023-05-07 17:00:00,86.13
2023-05-08 08:00:00,120.38
2023-05-08 09:00:00,193.12
2023-05-08 10:00:00,201.12
2023-05-08 11:00:00,177.22
2023-05-08 12:00:00,227.35
2023-05-08 13:00:00,230.25
2023-05-08 14:00:00,302.68
2023-05-08 15:00:00,229.04
2023-05-08 16:00:00,171.18
2023-05-08 17:00:00,88.68
2023-05-09 08:00:00,62.39
2023-05-09 09:00:00,99.12
2023-05-09 10:00:00,127.43
2023-05-09 11:00:00,164.58
2023-05-09 12:00:00,227.2
2023-05-09 13:00:00,235.2
2023-05-09 14:00:00,565.98
2023-05-09 15:00:00,477.83
2023-05-09 16:00:00,308.68
2023-05-09 17:00:00,176.98
2023-05-10 08:00:00,166.97
2023-05-10 09:00:00,348.67
2023-05-10 10:00:00,437.55
2023-05-10 11:00:00,540.73
2023-05-10 12:00:00,637.98
2023-05-10 13:00:00,597.94
2023-05-10 14:00:00,548.25
2023-05-10 15:00:00,463.43
2023-05-10 16:00:00,310.2
2023-05-10 17:00:00,172.94
2023-05-11 08:00:00,158.7
2023-05-11 09:00:00,351.04
2023-05-11 10:00:00,484.49
2023-05-11 11:00:00,555.92
2023-05-11 12:00:00,621.88
2023-05-11 13:00:00,627.56
2023-05-11 14:00:00,571.16
2023-05-11 15:00:00,467.66
2023-05-11 16:00:00,323.12
2023-05-11 17:00:00,135.71
2023-05-12 08:00:00,155.97
2023-05-12 09:00:00,326.72
2023-05-12 10:00:00,465.06
2023-05-12 11:00:00,567.14
2023-05-12 12:00:00,585.36
2023-05-12 13:00:00,582.55
2023-05-12 14:00:00,540.48
2023-05-12 15:00:00,462.74
2023-05-12 16:00:00,358.08
2023-05-12 17:00:00,176.99
2023-05-13 08:00:00,161.05
2023-05-13 09:00:00,331.93
2023-05-13 10:00:00,473.39
2023-05-13 11:00:00,592.65
2023-05-13 12:00:00,607.07
2023-05-13 13:00:00,614.18
2023-05-13 14:00:00,581.18
2023-05-13 15:00:00,485.88
2023-05-13 16:00:00,340.43
2023-05-13 17:00:00,157.39
2023-05-14 08:00:00,166.49
2023-05-14 09:00:00,346.46
2023-05-14 10:00:00,487.68
2023-05-14 11:00:00,572.63
2023-05-14 12:00:00,614.87
2023-05-14 13:00:00,583.81
2023-05-14 14:00:00,562.19
2023-05-14 15:00:00,429.54
2023-05-14 16:00:00,265.93
2023-05-14 17:00:00,163.8
2023-05-15 08:00:00,157.33
2023-05-15 09:00:00,259.48
2023-05-15 10:00:00,372.31
2023-05-15 11:00:00,444.27
2023-05-15 12:00:00,552.71
2023-05-15 13:00:00,550.92
2023-05-15 14:00:00,480.85
2023-05-15 15:00:00,396.0
2023-05-15 16:00:00,294.15
2023-05-15 17:00:00,131.18
2023-05-16 08:00:00,104.18
2023-05-16 09:00:00,275.78
2023-05-16 10:00:00,357.83
2023-05-16 11:00:00,522.92
2023-05-16 12:00:00,500.91
2023-05-16 13:00:00,575.16
2023-05-16 14:00:00,518.67
2023-05-16 15:00:00,441.55
2023-05-16 16:00:00,293.35
2023-05-16 17:00:00,153.22
2023-05-17 08:00:00,161.15
2023-05-17 09:00:00,317.91
2023-05-17 10:00:00,446.14
2023-05-17 11:00:00,556.26
2023-05-17 12:00:00,558.82
2023-05-17 13:00:00,553.54
2023-05-17 14:00:00,485.12
2023-05-17 15:00:00,354.64
2023-05-17 16:00:00,263.44
2023-05-17 17:00:00,138.27
2023-05-18 08:00:00,108.65
2023-05-18 09:00:00,233.76
2023-05-18 10:00:00,419.91
2023-05-18 11:00:00,469.44
2023-05-18 12:00:00,558.74
2023-05-18 13:00:00,553.95
2023-05-18 14:00:00,454.4
2023-05-18 15:00:00,440.26
2023-05-18 16:00:00,322.19
2023-05-18 17:00:00,159.96
2023-05-19 08:00:00,33.44
2023-05-19 09:00:00,167.45
2023-05-19 10:00:00,247.49
2023-05-19 11:00:00,339.99
2023-05-19 12:00:00,519.19
2023-05-19 13:00:00,580.81
2023-05-19 14:00:00,338.92
2023-05-19 15:00:00,320.43
2023-05-19 16:00:00,220.49
2023-05-19 17:00:00,118.89
2023-05-20 08:00:00,109.47
2023-05-20 09:00:00,235.45
2023-05-20 10:00:00,326.88
2023-05-20 11:00:00,523.19
2023-05-20 12:00:00,524.37
2023-05-20 13:00:00,586.78
2023-05-20 14:00:00,303.11
2023-05-20 15:00:00,320.59
2023-05-20 16:00:00,240.83
2023-05-20 17:00:00,125.08
2023-05-21 08:00:00,78.98
2023-05-21 09:00:00,196.67
2023-05-21 10:00:00,387.58
2023-05-21 11:00:00,492.98
2023-05-21 12:00:00,559.07
2023-05-21 13:00:00,544.36
2023-05-21 14:00:00,189.94
2023-05-21 15:00:00,162.18
2023-05-21 16:00:00,103.98
2023-05-21 17:00:00,36.39
2023-05-22 08:00:00,138.97
2023-05-22 09:00:00,269.31
2023-05-22 10:00:00,418.14
2023-05-22 11:00:00,472.84
2023-05-22 12:00:00,502.64
2023-05-22 13:00:00,438.13
2023-05-22 14:00:00,438.45
2023-05-22 15:00:00,393.09
2023-05-22 16:00:00,285.52
2023-05-22 17:00:00,148.27
2023-05-23 08:00:00,102.89
2023-05-23 09:00:00,237.61
2023-05-23 10:00:00,374.29
2023-05-23 11:00:00,510.45
2023-05-23 12:00:00,552.59
2023-05-23 13:00:00,588.61
2023-05-23 14:00:00,120.13
2023-05-23 15:00:00,195.58
2023-05-23 16:00:00,162.87
2023-05-23 17:00:00,86.02
2023-05-24 08:00:00,131.21
2023-05-24 09:00:00,291.38
2023-05-24 10:00:00,447.46
2023-05-24 11:00:00,547.48
2023-05-24 12:00:00,611.39
2023-05-24 13:00:00,517.07
2023-05-24 14:00:00,542.29
2023-05-24 15:00:00,459.72
2023-05-24 16:00:00,324.51
2023-05-24 17:00:00,163.14
2023-05-25 08:00:00,134.66
2023-05-25 09:00:00,304.67
2023-05-25 10:00:00,400.32
2023-05-25 11:00:00,533.93
2023-05-25 12:00:00,564.36
2023-05-25 13:00:00,542.34
2023-05-25 14:00:00,489.21
2023-05-25 15:00:00,451.0
2023-05-25 16:00:00,277.26
2023-05-25 17:00:00,123.01
2023-05-26 08:00:00,102.37
2023-05-26 09:00:00,214.18
2023-05-26 10:00:00,282.57
2023-05-26 11:00:00,375.47
2023-05-26 12:00:00,510.9
2023-05-26 13:00:00,446.77
2023-05-26 14:00:00,385.39
2023-05-26 15:00:00,257.99
2023-05-26 16:00:00,124.06
2023-05-26 17:00:00,85.91
2023-05-27 08:00:00,141.02
2023-05-27 09:00:00,195.0
2023-05-27 10:00:00,251.73
2023-05-27 11:00:00,190.48
2023-05-27 12:00:00,258.59
2023-05-27 13:00:00,384.21
2023-05-27 14:00:00,447.73
2023-05-27 15:00:00,387.58
2023-05-27 16:00:00,232.1
2023-05-27 17:00:00,117.38
2023-05-28 08:00:00,86.28
2023-05-28 09:00:00,176.48
2023-05-28 10:00:00,237.45
2023-05-28 11:00:00,305.57
2023-05-28 12:00:00,456.98
2023-05-28 13:00:00,455.84
2023-05-28 14:00:00,528.74
2023-05-28 15:00:00,450.8
2023-05-28 16:00:00,263.5
2023-05-28 17:00:00,147.63
2023-05-29 08:00:00,114.52
2023-05-29 09:00:00,240.09
2023-05-29 10:00:00,410.48
2023-05-29 11:00:00,520.82
2023-05-29 12:00:00,539.22
2023-05-29 13:00:00,549.54
2023-05-29 14:00:00,554.21
2023-05-29 15:00:00,469.15
2023-05-29 16:00:00,329.06
2023-05-29 17:00:00,162.62
2023-05-30 08:00:00,132.68
2023-05-30 09:00:00,270.44
2023-05-30 10:00:00,363.89
2023-05-30 11:00:00,406.38
2023-05-30 12:00:00,504.3
2023-05-30 13:00:00,423.81
2023-05-30 14:00:00,506.14
2023-05-30 15:00:00,392.71
2023-05-30 16:00:00,257.16
2023-05-30 17:00:00,126.97
2023-05-31 08:00:00,103.08
2023-05-31 09:00:00,238.24
2023-05-31 10:00:00,376.51
2023-05-31 11:00:00,481.23
2023-05-31 12:00:00,544.21
2023-05-31 13:00:00,528.34
2023-05-31 14:00:00,459.45
2023-05-31 15:00:00,410.82
2023-05-31 16:00:00,283.21
2023-05-31 17:00:00,132.78
2023-06-01 08:00:00,117.22
2023-06-01 09:00:00,194.89
2023-06-01 10:00:00,413.96
2023-06-01 11:00:00,434.57
2023-06-01 12:00:00,558.0
2023-06-01 13:00:00,558.29
2023-06-01 14:00:00,1.34
2023-06-01 15:00:00,25.3
2023-06-01 16:00:00,87.76
2023-06-01 17:00:00,86.62
2023-06-02 08:00:00,88.93
2023-06-02 09:00:00,220.67
2023-06-02 10:00:00,390.43
2023-06-02 11:00:00,550.24
2023-06-02 12:00:00,567.72
2023-06-02 13:00:00,578.35
2023-06-02 14:00:00,542.13
2023-06-02 15:00:00,452.27
2023-06-02 16:00:00,313.75
2023-06-02 17:00:00,152.76
2023-06-03 08:00:00,125.61
2023-06-03 09:00:00,298.23
2023-06-03 10:00:00,398.98
2023-06-03 11:00:00,477.45
2023-06-03 12:00:00,490.0
2023-06-03 13:00:00,483.01
2023-06-03 14:00:00,497.02
2023-06-03 15:00:00,362.83
2023-06-03 16:00:00,257.07
2023-06-03 17:00:00,137.59
2023-06-04 08:00:00,116.05
2023-06-04 09:00:00,269.89
2023-06-04 10:00:00,395.57
2023-06-04 11:00:00,488.65
2023-06-04 12:00:00,459.13
2023-06-04 13:00:00,477.45
2023-06-04 14:00:00,420.28
2023-06-04 15:00:00,233.56
2023-06-04 16:00:00,190.15
2023-06-04 17:00:00,125.22
2023-06-05 08:00:00,121.16
2023-06-05 09:00:00,261.22
2023-06-05 10:00:00,412.74
2023-06-05 11:00:00,511.3
2023-06-05 12:00:00,428.24
2023-06-05 13:00:00,412.11
2023-06-05 14:00:00,543.69
2023-06-05 15:00:00,428.46
2023-06-05 16:00:00,311.97
2023-06-05 17:00:00,140.2
2023-06-06 08:00:00,64.18
2023-06-06 09:00:00,156.54
2023-06-06 10:00:00,287.86
2023-06-06 11:00:00,317.94
2023-06-06 12:00:00,289.06
2023-06-06 13:00:00,443.82
2023-06-06 14:00:00,395.66
2023-06-06 15:00:00,328.98
2023-06-06 16:00:00,164.91
2023-06-06 17:00:00,92.2
2023-06-07 08:00:00,99.29
2023-06-07 09:00:00,257.1
2023-06-07 10:00:00,379.8
2023-06-07 11:00:00,378.82
2023-06-07 12:00:00,461.17
2023-06-07 13:00:00,469.09
2023-06-07 14:00:00,467.87
2023-06-07 15:00:00,413.55
2023-06-07 16:00:00,251.69
2023-06-07 17:00:00,137.91
2023-06-08 08:00:00,121.91
2023-06-08 09:00:00,256.7
2023-06-08 10:00:00,361.09
2023-06-08 11:00:00,514.58
2023-06-08 12:00:00,581.5
2023-06-08 13:00:00,589.94
2023-06-08 14:00:00,540.49
2023-06-08 15:00:00,374.56
2023-06-08 16:00:00,290.3
2023-06-08 17:00:00,143.99
2023-06-09 08:00:00,83.1
2023-06-09 09:00:00,252.14
2023-06-09 10:00:00,386.62
2023-06-09 11:00:00,472.07
2023-06-09 12:00:00,519.11
2023-06-09 13:00:00,543.71
2023-06-09 14:00:00,489.69
2023-06-09 15:00:00,370.94
2023-06-09 16:00:00,262.26
2023-06-09 17:00:00,123.84
2023-06-10 08:00:00,106.77
2023-06-10 09:00:00,232.27
2023-06-10 10:00:00,434.61
2023-06-10 11:00:00,515.24
2023-06-10 12:00:00,534.84
2023-06-10 13:00:00,578.42
2023-06-10 14:00:00,545.38
2023-06-10 15:00:00,451.92
2023-06-10 16:00:00,329.71
2023-06-10 17:00:00,132.73
2023-06-11 08:00:00,121.38
2023-06-11 09:00:00,269.82
2023-06-11 10:00:00,458.49
2023-06-11 11:00:00,521.4
2023-06-11 12:00:00,543.04
2023-06-11 13:00:00,571.0
2023-06-11 14:00:00,546.23
2023-06-11 15:00:00,450.96
2023-06-11 16:00:00,272.67
2023-06-11 17:00:00,130.19
2023-06-12 08:00:00,91.36
2023-06-12 09:00:00,178.65
2023-06-12 10:00:00,326.39
2023-06-12 11:00:00,387.87
2023-06-12 12:00:00,578.06
2023-06-12 13:00:00,576.63
2023-06-12 14:00:00,465.84
2023-06-12 15:00:00,362.01
2023-06-12 16:00:00,282.45
2023-06-12 17:00:00,150.44
2023-06-13 08:00:00,114.26
2023-06-13 09:00:00,278.46
2023-06-13 10:00:00,397.17
2023-06-13 11:00:00,463.92
2023-06-13 12:00:00,467.89
2023-06-13 13:00:00,516.53
2023-06-13 14:00:00,432.88
2023-06-13 15:00:00,345.2
2023-06-13 16:00:00,228.07
2023-06-13 17:00:00,128.39
2023-06-14 08:00:00,127.97
2023-06-14 09:00:00,278.35
2023-06-14 10:00:00,363.34
2023-06-14 11:00:00,397.5
2023-06-14 12:00:00,475.37
2023-06-14 13:00:00,503.93
2023-06-14 14:00:00,372.6
2023-06-14 15:00:00,225.99
2023-06-14 16:00:00,165.61
2023-06-14 17:00:00,102.09
2023-06-15 08:00:00,128.27
2023-06-15 09:00:00,279.37
2023-06-15 10:00:00,407.3
2023-06-15 11:00:00,503.73
2023-06-15 12:00:00,511.07
2023-06-15 13:00:00,531.21
2023-06-15 14:00:00,501.68
2023-06-15 15:00:00,440.76
2023-06-15 16:00:00,318.05
2023-06-15 17:00:00,145.41
2023-06-16 08:00:00,110.15
2023-06-16 09:00:00,271.72
2023-06-16 10:00:00,434.91
2023-06-16 11:00:00,493.49
2023-06-16 12:00:00,499.81
2023-06-16 13:00:00,572.11
2023-06-16 14:00:00,529.27
2023-06-16 15:00:00,357.78
2023-06-16 16:00:00,294.79
2023-06-16 17:00:00,150.7
2023-06-17 08:00:00,126.15
2023-06-17 09:00:00,256.24
2023-06-17 10:00:00,409.23
2023-06-17 11:00:00,502.46
2023-06-17 12:00:00,527.52
2023-06-17 13:00:00,504.56
2023-06-17 14:00:00,518.36
2023-06-17 15:00:00,427.14
2023-06-17 16:00:00,291.56
2023-06-17 17:00:00,151.03
2023-06-18 08:00:00,74.22
2023-06-18 09:00:00,184.76
2023-06-18 10:00:00,297.45
2023-06-18 11:00:00,423.95
2023-06-18 12:00:00,412.2
2023-06-18 13:00:00,426.83
2023-06-18 14:00:00,459.45
2023-06-18 15:00:00,388.96
2023-06-18 16:00:00,221.95
2023-06-18 17:00:00,104.75
2023-06-19 08:00:00,77.56
2023-06-19 09:00:00,184.61
2023-06-19 10:00:00,324.4
2023-06-19 11:00:00,408.33
2023-06-19 12:00:00,435.11
2023-06-19 13:00:00,390.21
2023-06-19 14:00:00,512.42
2023-06-19 15:00:00,412.44
2023-06-19 16:00:00,308.08
2023-06-19 17:00:00,137.72
2023-06-20 08:00:00,118.22
2023-06-20 09:00:00,282.75
2023-06-20 10:00:00,409.33
2023-06-20 11:00:00,523.54
2023-06-20 12:00:00,535.94
2023-06-20 13:00:00,577.81
2023-06-20 14:00:00,539.75
2023-06-20 15:00:00,435.36
2023-06-20 16:00:00,279.8
2023-06-20 17:00:00,162.86
2023-06-21 08:00:00,130.75
2023-06-21 09:00:00,285.19
2023-06-21 10:00:00,431.85
2023-06-21 11:00:00,504.73
2023-06-21 12:00:00,554.37
2023-06-21 13:00:00,519.1
2023-06-21 14:00:00,524.87
2023-06-21 15:00:00,448.64
2023-06-21 16:00:00,328.32
2023-06-21 17:00:00,161.35
2023-06-22 08:00:00,116.68
2023-06-22 09:00:00,293.21
2023-06-22 10:00:00,435.77
2023-06-22 11:00:00,408.99
2023-06-22 12:00:00,557.61
2023-06-22 13:00:00,472.53
2023-06-22 14:00:00,508.16
2023-06-22 15:00:00,441.69
2023-06-22 16:00:00,324.46
2023-06-22 17:00:00,157.16
2023-06-23 08:00:00,127.43
2023-06-23 09:00:00,279.79
2023-06-23 10:00:00,370.04
2023-06-23 11:00:00,390.33
2023-06-23 12:00:00,416.6
2023-06-23 13:00:00,358.35
2023-06-23 14:00:00,497.1
2023-06-23 15:00:00,435.89
2023-06-23 16:00:00,315.07
2023-06-23 17:00:00,147.77
2023-06-24 08:00:00,71.14
2023-06-24 09:00:00,121.67
2023-06-24 10:00:00,321.56
2023-06-24 11:00:00,469.77
2023-06-24 12:00:00,517.67
2023-06-24 13:00:00,502.84
2023-06-24 14:00:00,520.72
2023-06-24 15:00:00,350.44
2023-06-24 16:00:00,262.75
2023-06-24 17:00:00,147.55
2023-06-25 08:00:00,97.32
2023-06-25 09:00:00,231.65
2023-06-25 10:00:00,349.97
2023-06-25 11:00:00,389.16
2023-06-25 12:00:00,448.88
2023-06-25 13:00:00,439.53
2023-06-25 14:00:00,479.72
2023-06-25 15:00:00,331.85
2023-06-25 16:00:00,242.4
2023-06-25 17:00:00,139.09
2023-06-26 08:00:00,57.59
2023-06-26 09:00:00,168.22
2023-06-26 10:00:00,266.93
2023-06-26 11:00:00,375.56
2023-06-26 12:00:00,421.72
2023-06-26 13:00:00,485.61
2023-06-26 14:00:00,357.57
2023-06-26 15:00:00,385.16
2023-06-26 16:00:00,270.58
2023-06-26 17:00:00,135.55
2023-06-27 08:00:00,78.2
2023-06-27 09:00:00,147.48
2023-06-27 10:00:00,271.32
2023-06-27 11:00:00,361.0
2023-06-27 12:00:00,479.5
2023-06-27 13:00:00,520.12
2023-06-27 14:00:00,520.5
2023-06-27 15:00:00,453.1
2023-06-27 16:00:00,313.05
2023-06-27 17:00:00,122.89
2023-06-28 08:00:00,82.18
2023-06-28 09:00:00,179.58
2023-06-28 10:00:00,349.59
2023-06-28 11:00:00,359.58
2023-06-28 12:00:00,447.63
2023-06-28 13:00:00,383.57
2023-06-28 14:00:00,494.31
2023-06-28 15:00:00,381.94
2023-06-28 16:00:00,262.83
2023-06-28 17:00:00,118.71
2023-06-29 08:00:00,123.26
2023-06-29 09:00:00,268.54
2023-06-29 10:00:00,411.38
2023-06-29 11:00:00,516.15
2023-06-29 12:00:00,541.9
2023-06-29 13:00:00,519.72
2023-06-29 14:00:00,490.35
2023-06-29 15:00:00,370.52
2023-06-29 16:00:00,321.93
2023-06-29 17:00:00,151.16
2023-06-30 08:00:00,95.61
2023-06-30 09:00:00,189.43
2023-06-30 10:00:00,318.35
2023-06-30 11:00:00,441.17
2023-06-30 12:00:00,457.98
2023-06-30 13:00:00,560.48
2023-06-30 14:00:00,475.62
2023-06-30 15:00:00,302.95
2023-06-30 16:00:00,208.74
2023-06-30 17:00:00,119.07
2023-07-01 08:00:00,41.06
2023-07-01 09:00:00,90.89
2023-07-01 10:00:00,123.88
2023-07-01 11:00:00,300.13
2023-07-01 12:00:00,396.51
2023-07-01 13:00:00,414.78
2023-07-01 14:00:00,407.41
2023-07-01 15:00:00,302.71
2023-07-01 16:00:00,167.7
2023-07-01 17:00:00,43.34
2023-07-02 08:00:00,63.14
2023-07-02 09:00:00,183.55
2023-07-02 10:00:00,360.69
2023-07-02 11:00:00,433.53
2023-07-02 12:00:00,558.57
2023-07-02 13:00:00,542.65
2023-07-02 14:00:00,353.75
2023-07-02 15:00:00,275.16
2023-07-02 16:00:00,208.95
2023-07-02 17:00:00,130.46
2023-07-03 08:00:00,94.66
2023-07-03 09:00:00,214.81
2023-07-03 10:00:00,313.35
2023-07-03 11:00:00,432.9
2023-07-03 12:00:00,480.41
2023-07-03 13:00:00,458.93
2023-07-03 14:00:00,394.11
2023-07-03 15:00:00,384.81
2023-07-03 16:00:00,240.6
2023-07-03 17:00:00,113.08
2023-07-04 08:00:00,111.27
2023-07-04 09:00:00,253.71
2023-07-04 10:00:00,388.7
2023-07-04 11:00:00,482.61
2023-07-04 12:00:00,504.34
2023-07-04 13:00:00,548.45
2023-07-04 14:00:00,523.69
2023-07-04 15:00:00,432.81
2023-07-04 16:00:00,287.77
2023-07-04 17:00:00,156.1
2023-07-05 08:00:00,102.43
2023-07-05 09:00:00,183.92
2023-07-05 10:00:00,385.84
2023-07-05 11:00:00,394.17
2023-07-05 12:00:00,468.8
2023-07-05 13:00:00,436.22
2023-07-05 14:00:00,519.18
2023-07-05 15:00:00,341.58
2023-07-05 16:00:00,189.91
2023-07-05 17:00:00,83.09
2023-07-06 08:00:00,98.17
2023-07-06 09:00:00,190.72
2023-07-06 10:00:00,382.51
2023-07-06 11:00:00,517.69
2023-07-06 12:00:00,454.94
2023-07-06 13:00:00,403.69
2023-07-06 14:00:00,195.5
2023-07-06 15:00:00,133.84
2023-07-06 16:00:00,100.76
2023-07-06 17:00:00,44.52
2023-07-07 08:00:00,35.43
2023-07-07 09:00:00,90.84
2023-07-07 10:00:00,208.34
2023-07-07 11:00:00,264.96
2023-07-07 12:00:00,291.74
2023-07-07 13:00:00,204.19
2023-07-07 14:00:00,364.65
2023-07-07 15:00:00,356.78
2023-07-07 16:00:00,220.84
2023-07-07 17:00:00,94.88
2023-07-08 08:00:00,108.54
2023-07-08 09:00:00,283.36
2023-07-08 10:00:00,377.41
2023-07-08 11:00:00,459.79
2023-07-08 12:00:00,526.74
2023-07-08 13:00:00,465.43
2023-07-08 14:00:00,406.03
2023-07-08 15:00:00,300.49
2023-07-08 16:00:00,195.94
2023-07-08 17:00:00,140.09
2023-07-09 08:00:00,103.34
2023-07-09 09:00:00,264.34
2023-07-09 10:00:00,355.83
2023-07-09 11:00:00,333.92
2023-07-09 12:00:00,429.17
2023-07-09 13:00:00,385.21
2023-07-09 14:00:00,498.16
2023-07-09 15:00:00,382.16
2023-07-09 16:00:00,318.87
2023-07-09 17:00:00,145.8
2023-07-10 08:00:00,101.64
2023-07-10 09:00:00,250.22
2023-07-10 10:00:00,387.86
2023-07-10 11:00:00,508.85
2023-07-10 12:00:00,471.0
2023-07-10 13:00:00,540.75
2023-07-10 14:00:00,376.75
2023-07-10 15:00:00,407.64
2023-07-10 16:00:00,311.91
2023-07-10 17:00:00,155.61
2023-07-11 08:00:00,33.24
2023-07-11 09:00:00,96.67
2023-07-11 10:00:00,102.18
2023-07-11 11:00:00,133.25
2023-07-11 12:00:00,260.45
2023-07-11 13:00:00,390.96
2023-07-11 14:00:00,92.18
2023-07-11 15:00:00,55.79
2023-07-11 16:00:00,36.58
2023-07-11 17:00:00,18.5
2023-07-12 08:00:00,114.52
2023-07-12 09:00:00,258.99
2023-07-12 10:00:00,413.78
2023-07-12 11:00:00,538.85
2023-07-12 12:00:00,560.25
2023-07-12 13:00:00,583.75
2023-07-12 14:00:00,475.96
2023-07-12 15:00:00,414.09
2023-07-12 16:00:00,328.7
2023-07-12 17:00:00,168.3
2023-07-13 08:00:00,115.5
2023-07-13 09:00:00,264.83
2023-07-13 10:00:00,356.65
2023-07-13 11:00:00,518.74
2023-07-13 12:00:00,548.99
2023-07-13 13:00:00,579.91
2023-07-13 14:00:00,524.29
2023-07-13 15:00:00,407.08
2023-07-13 16:00:00,317.05
2023-07-13 17:00:00,169.01
2023-07-14 08:00:00,51.69
2023-07-14 09:00:00,108.25
2023-07-14 10:00:00,186.26
2023-07-14 11:00:00,347.57
2023-07-14 12:00:00,462.55
2023-07-14 13:00:00,440.49
2023-07-14 14:00:00,110.1
2023-07-14 15:00:00,58.68
2023-07-14 16:00:00,11.51
2023-07-14 17:00:00,8.89
2023-07-15 08:00:00,97.53
2023-07-15 09:00:00,239.89
2023-07-15 10:00:00,332.3
2023-07-15 11:00:00,475.29
2023-07-15 12:00:00,497.46
2023-07-15 13:00:00,522.45
2023-07-15 14:00:00,507.4
2023-07-15 15:00:00,424.36
2023-07-15 16:00:00,294.69
2023-07-15 17:00:00,158.54
2023-07-16 08:00:00,90.64
2023-07-16 09:00:00,189.69
2023-07-16 10:00:00,274.67
2023-07-16 11:00:00,345.58
2023-07-16 12:00:00,341.8
2023-07-16 13:00:00,434.26
2023-07-16 14:00:00,461.47
2023-07-16 15:00:00,395.36
2023-07-16 16:00:00,286.35
2023-07-16 17:00:00,162.85
2023-07-17 08:00:00,108.42
2023-07-17 09:00:00,271.68
2023-07-17 10:00:00,401.16
2023-07-17 11:00:00,417.29
2023-07-17 12:00:00,482.17
2023-07-17 13:00:00,503.62
2023-07-17 14:00:00,438.38
2023-07-17 15:00:00,301.17
2023-07-17 16:00:00,272.19
2023-07-17 17:00:00,137.67
2023-07-18 08:00:00,104.82
2023-07-18 09:00:00,225.84
2023-07-18 10:00:00,362.99
2023-07-18 11:00:00,480.0
2023-07-18 12:00:00,504.28
2023-07-18 13:00:00,580.76
2023-07-18 14:00:00,342.86
2023-07-18 15:00:00,303.68
2023-07-18 16:00:00,284.23
2023-07-18 17:00:00,138.6
2023-07-19 08:00:00,31.51
2023-07-19 09:00:00,210.51
2023-07-19 10:00:00,240.37
2023-07-19 11:00:00,402.79
2023-07-19 12:00:00,448.62
2023-07-19 13:00:00,460.12
2023-07-19 14:00:00,325.16
2023-07-19 15:00:00,262.84
2023-07-19 16:00:00,245.21
2023-07-19 17:00:00,150.89
2023-07-20 08:00:00,19.35
2023-07-20 09:00:00,39.88
2023-07-20 10:00:00,135.97
2023-07-20 11:00:00,156.67
2023-07-20 12:00:00,332.67
2023-07-20 13:00:00,277.63
2023-07-20 14:00:00,188.8
2023-07-20 15:00:00,77.22
2023-07-20 16:00:00,121.1
2023-07-20 17:00:00,57.32
2023-07-21 08:00:00,45.33
2023-07-21 09:00:00,111.29
2023-07-21 10:00:00,160.33
2023-07-21 11:00:00,276.22
2023-07-21 12:00:00,345.19
2023-07-21 13:00:00,362.37
2023-07-21 14:00:00,400.36
2023-07-21 15:00:00,284.02
2023-07-21 16:00:00,179.19
2023-07-21 17:00:00,79.48
2023-07-22 08:00:00,93.25
2023-07-22 09:00:00,218.49
2023-07-22 10:00:00,392.89
2023-07-22 11:00:00,496.11
2023-07-22 12:00:00,536.01
2023-07-22 13:00:00,517.15
2023-07-22 14:00:00,416.12
2023-07-22 15:00:00,318.43
2023-07-22 16:00:00,279.92
2023-07-22 17:00:00,177.17
2023-07-23 08:00:00,117.08
2023-07-23 09:00:00,278.73
2023-07-23 10:00:00,391.64
2023-07-23 11:00:00,450.95
2023-07-23 12:00:00,501.66
2023-07-23 13:00:00,511.99
2023-07-23 14:00:00,505.09
2023-07-23 15:00:00,341.56
2023-07-23 16:00:00,210.02
2023-07-23 17:00:00,127.07
2023-07-24 08:00:00,104.85
2023-07-24 09:00:00,139.52
2023-07-24 10:00:00,198.03
2023-07-24 11:00:00,191.25
2023-07-24 12:00:00,325.26
2023-07-24 13:00:00,421.17
2023-07-24 14:00:00,571.06
2023-07-24 15:00:00,484.33
2023-07-24 16:00:00,365.33
2023-07-24 17:00:00,177.16
2023-07-25 08:00:00,129.44
2023-07-25 09:00:00,303.56
2023-07-25 10:00:00,452.15
2023-07-25 11:00:00,579.03
2023-07-25 12:00:00,621.14
2023-07-25 13:00:00,619.32
2023-07-25 14:00:00,613.07
2023-07-25 15:00:00,511.8
2023-07-25 16:00:00,364.33
2023-07-25 17:00:00,195.2
2023-07-26 08:00:00,112.08
2023-07-26 09:00:00,279.39
2023-07-26 10:00:00,399.66
2023-07-26 11:00:00,504.79
2023-07-26 12:00:00,581.77
2023-07-26 13:00:00,572.02
2023-07-26 14:00:00,517.6
2023-07-26 15:00:00,462.84
2023-07-26 16:00:00,314.2
2023-07-26 17:00:00,162.3
2023-07-27 08:00:00,117.22
2023-07-27 09:00:00,277.75
2023-07-27 10:00:00,373.39
2023-07-27 11:00:00,504.58
2023-07-27 12:00:00,590.54
2023-07-27 13:00:00,595.06
2023-07-27 14:00:00,569.54
2023-07-27 15:00:00,456.23
2023-07-27 16:00:00,303.1
2023-07-27 17:00:00,180.67
2023-07-28 08:00:00,106.53
2023-07-28 09:00:00,255.9
2023-07-28 10:00:00,358.37
2023-07-28 11:00:00,518.19
2023-07-28 12:00:00,456.84
2023-07-28 13:00:00,493.49
2023-07-28 14:00:00,558.99
2023-07-28 15:00:00,476.44
2023-07-28 16:00:00,339.46
2023-07-28 17:00:00,161.44
2023-07-29 08:00:00,99.23
2023-07-29 09:00:00,245.86
2023-07-29 10:00:00,401.18
2023-07-29 11:00:00,340.38
2023-07-29 12:00:00,493.32
2023-07-29 13:00:00,539.82
2023-07-29 14:00:00,542.63
2023-07-29 15:00:00,401.72
2023-07-29 16:00:00,322.63
2023-07-29 17:00:00,148.26
2023-07-30 08:00:00,100.53
2023-07-30 09:00:00,241.85
2023-07-30 10:00:00,390.8
2023-07-30 11:00:00,492.24
2023-07-30 12:00:00,542.15
2023-07-30 13:00:00,579.43
2023-07-30 14:00:00,577.57
2023-07-30 15:00:00,501.26
2023-07-30 16:00:00,340.96
2023-07-30 17:00:00,176.85
2023-07-31 08:00:00,115.18
2023-07-31 09:00:00,234.86
2023-07-31 10:00:00,374.64
2023-07-31 11:00:00,480.33
2023-07-31 12:00:00,507.04
2023-07-31 13:00:00,435.45
2023-07-31 14:00:00,484.46
2023-07-31 15:00:00,431.82
2023-07-31 16:00:00,309.41
2023-07-31 17:00:00,150.37
2023-08-01 08:00:00,100.13
2023-08-01 09:00:00,264.57
2023-08-01 10:00:00,351.99
2023-08-01 11:00:00,392.31
2023-08-01 12:00:00,424.28
2023-08-01 13:00:00,463.55
2023-08-01 14:00:00,504.13
2023-08-01 15:00:00,442.35
2023-08-01 16:00:00,292.51
2023-08-01 17:00:00,162.69
2023-08-02 08:00:00,96.6
2023-08-02 09:00:00,272.46
2023-08-02 10:00:00,355.85
2023-08-02 11:00:00,400.36
2023-08-02 12:00:00,458.4
2023-08-02 13:00:00,476.98
2023-08-02 14:00:00,559.03
2023-08-02 15:00:00,436.29
2023-08-02 16:00:00,322.71
2023-08-02 17:00:00,135.05
2023-08-03 08:00:00,49.9
2023-08-03 09:00:00,149.81
2023-08-03 10:00:00,100.2
2023-08-03 11:00:00,224.17
2023-08-03 12:00:00,388.14
2023-08-03 13:00:00,237.93
2023-08-03 14:00:00,122.59
2023-08-03 15:00:00,110.5
2023-08-03 16:00:00,112.27
2023-08-03 17:00:00,78.25
2023-08-04 08:00:00,103.14
2023-08-04 09:00:00,253.25
2023-08-04 10:00:00,348.15
2023-08-04 11:00:00,478.28
2023-08-04 12:00:00,541.65
2023-08-04 13:00:00,487.46
2023-08-04 14:00:00,514.49
2023-08-04 15:00:00,479.26
2023-08-04 16:00:00,302.22
2023-08-04 17:00:00,172.48
2023-08-05 08:00:00,118.65
2023-08-05 09:00:00,282.7
2023-08-05 10:00:00,387.53
2023-08-05 11:00:00,546.72
2023-08-05 12:00:00,623.95
2023-08-05 13:00:00,611.86
2023-08-05 14:00:00,587.7
2023-08-05 15:00:00,510.31
2023-08-05 16:00:00,372.94
2023-08-05 17:00:00,202.07
2023-08-06 08:00:00,141.33
2023-08-06 09:00:00,327.74
2023-08-06 10:00:00,461.87
2023-08-06 11:00:00,540.28
2023-08-06 12:00:00,607.03
2023-08-06 13:00:00,634.06
2023-08-06 14:00:00,606.14
2023-08-06 15:00:00,520.95
2023-08-06 16:00:00,368.59
2023-08-06 17:00:00,204.85
2023-08-07 08:00:00,134.47
2023-08-07 09:00:00,284.39
2023-08-07 10:00:00,441.85
2023-08-07 11:00:00,439.76
2023-08-07 12:00:00,565.78
2023-08-07 13:00:00,480.2
2023-08-07 14:00:00,568.03
2023-08-07 15:00:00,531.48
2023-08-07 16:00:00,387.0
2023-08-07 17:00:00,204.81
2023-08-08 08:00:00,103.48
2023-08-08 09:00:00,231.89
2023-08-08 10:00:00,386.7
2023-08-08 11:00:00,449.76
2023-08-08 12:00:00,488.17
2023-08-08 13:00:00,593.47
2023-08-08 14:00:00,433.52
2023-08-08 15:00:00,431.05
2023-08-08 16:00:00,293.27
2023-08-08 17:00:00,185.49
2023-08-09 08:00:00,103.99
2023-08-09 09:00:00,292.07
2023-08-09 10:00:00,434.25
2023-08-09 11:00:00,525.95
2023-08-09 12:00:00,573.92
2023-08-09 13:00:00,529.99
2023-08-09 14:00:00,558.42
2023-08-09 15:00:00,498.46
2023-08-09 16:00:00,341.21
2023-08-09 17:00:00,152.42
2023-08-10 08:00:00,126.4
2023-08-10 09:00:00,266.88
2023-08-10 10:00:00,425.06
2023-08-10 11:00:00,578.94
2023-08-10 12:00:00,588.64
2023-08-10 13:00:00,595.35
2023-08-10 14:00:00,591.78
2023-08-10 15:00:00,525.38
2023-08-10 16:00:00,358.37
2023-08-10 17:00:00,204.9
2023-08-11 08:00:00,126.96
2023-08-11 09:00:00,289.77
2023-08-11 10:00:00,434.26
2023-08-11 11:00:00,527.95
2023-08-11 12:00:00,597.01
2023-08-11 13:00:00,631.71
2023-08-11 14:00:00,608.76
2023-08-11 15:00:00,459.22
2023-08-11 16:00:00,362.1
2023-08-11 17:00:00,199.51
2023-08-12 08:00:00,142.68
2023-08-12 09:00:00,327.3
2023-08-12 10:00:00,466.11
2023-08-12 11:00:00,485.82
2023-08-12 12:00:00,530.62
2023-08-12 13:00:00,566.01
2023-08-12 14:00:00,455.17
2023-08-12 15:00:00,430.91
2023-08-12 16:00:00,318.44
2023-08-12 17:00:00,198.22
2023-08-13 08:00:00,122.14
2023-08-13 09:00:00,245.2
2023-08-13 10:00:00,408.24
2023-08-13 11:00:00,460.92
2023-08-13 12:00:00,495.39
2023-08-13 13:00:00,407.3
2023-08-13 14:00:00,567.63
2023-08-13 15:00:00,439.66
2023-08-13 16:00:00,305.63
2023-08-13 17:00:00,164.52
2023-08-14 08:00:00,130.67
2023-08-14 09:00:00,320.81
2023-08-14 10:00:00,448.04
2023-08-14 11:00:00,545.33
2023-08-14 12:00:00,605.82
2023-08-14 13:00:00,602.89
2023-08-14 14:00:00,509.45
2023-08-14 15:00:00,270.85
2023-08-14 16:00:00,130.68
2023-08-14 17:00:00,120.26
2023-08-15 08:00:00,82.25
2023-08-15 09:00:00,159.4
2023-08-15 10:00:00,233.17
2023-08-15 11:00:00,359.38
2023-08-15 12:00:00,367.61
2023-08-15 13:00:00,510.75
2023-08-15 14:00:00,462.34
2023-08-15 15:00:00,405.86
2023-08-15 16:00:00,248.37
2023-08-15 17:00:00,159.92
2023-08-16 08:00:00,77.34
2023-08-16 09:00:00,191.16
2023-08-16 10:00:00,396.78
2023-08-16 11:00:00,437.16
2023-08-16 12:00:00,471.22
2023-08-16 13:00:00,422.71
2023-08-16 14:00:00,509.46
2023-08-16 15:00:00,303.25
2023-08-16 16:00:00,273.33
2023-08-16 17:00:00,167.58
2023-08-17 08:00:00,121.94
2023-08-17 09:00:00,290.77
2023-08-17 10:00:00,426.89
2023-08-17 11:00:00,513.69
2023-08-17 12:00:00,624.29
2023-08-17 13:00:00,631.91
2023-08-17 14:00:00,606.37
2023-08-17 15:00:00,498.4
2023-08-17 16:00:00,341.06
2023-08-17 17:00:00,157.69
2023-08-18 08:00:00,68.88
2023-08-18 09:00:00,176.65
2023-08-18 10:00:00,321.32
2023-08-18 11:00:00,464.19
2023-08-18 12:00:00,600.04
2023-08-18 13:00:00,548.72
2023-08-18 14:00:00,314.36
2023-08-18 15:00:00,288.34
2023-08-18 16:00:00,234.7
2023-08-18 17:00:00,94.94
2023-08-19 08:00:00,23.32
2023-08-19 09:00:00,69.04
2023-08-19 10:00:00,114.12
2023-08-19 11:00:00,166.35
2023-08-19 12:00:00,81.49
2023-08-19 13:00:00,192.82
2023-08-19 14:00:00,375.89
2023-08-19 15:00:00,241.31
2023-08-19 16:00:00,218.58
2023-08-19 17:00:00,99.35
2023-08-20 08:00:00,120.38
2023-08-20 09:00:00,239.7
2023-08-20 10:00:00,319.5
2023-08-20 11:00:00,397.3
2023-08-20 12:00:00,446.09
2023-08-20 13:00:00,345.36
2023-08-20 14:00:00,406.17
2023-08-20 15:00:00,399.08
2023-08-20 16:00:00,255.22
2023-08-20 17:00:00,166.52
2023-08-21 08:00:00,116.98
2023-08-21 09:00:00,268.31
2023-08-21 10:00:00,404.45
2023-08-21 11:00:00,471.58
2023-08-21 12:00:00,547.27
2023-08-21 13:00:00,499.66
2023-08-21 14:00:00,332.97
2023-08-21 15:00:00,378.97
2023-08-21 16:00:00,336.17
2023-08-21 17:00:00,179.06
2023-08-22 08:00:00,152.42
2023-08-22 09:00:00,313.4
2023-08-22 10:00:00,479.6
2023-08-22 11:00:00,595.86
2023-08-22 12:00:00,679.43
2023-08-22 13:00:00,694.16
2023-08-22 14:00:00,581.64
2023-08-22 15:00:00,477.28
2023-08-22 16:00:00,352.16
2023-08-22 17:00:00,208.68
2023-08-23 08:00:00,143.59
2023-08-23 09:00:00,345.28
2023-08-23 10:00:00,454.99
2023-08-23 11:00:00,609.88
2023-08-23 12:00:00,572.31
2023-08-23 13:00:00,638.42
2023-08-23 14:00:00,532.21
2023-08-23 15:00:00,424.24
2023-08-23 16:00:00,335.61
2023-08-23 17:00:00,191.24
2023-08-24 08:00:00,149.44
2023-08-24 09:00:00,321.59
2023-08-24 10:00:00,446.9
2023-08-24 11:00:00,575.43
2023-08-24 12:00:00,586.7
2023-08-24 13:00:00,637.9
2023-08-24 14:00:00,547.19
2023-08-24 15:00:00,441.42
2023-08-24 16:00:00,375.0
2023-08-24 17:00:00,172.8
2023-08-25 08:00:00,148.96
2023-08-25 09:00:00,312.64
2023-08-25 10:00:00,435.8
2023-08-25 11:00:00,496.17
2023-08-25 12:00:00,430.58
2023-08-25 13:00:00,508.89
2023-08-25 14:00:00,446.74
2023-08-25 15:00:00,495.68
2023-08-25 16:00:00,279.23
2023-08-25 17:00:00,114.36
2023-08-26 08:00:00,60.7
2023-08-26 09:00:00,203.85
2023-08-26 10:00:00,331.05
2023-08-26 11:00:00,482.93
2023-08-26 12:00:00,493.11
2023-08-26 13:00:00,562.0
2023-08-26 14:00:00,326.61
2023-08-26 15:00:00,318.81
2023-08-26 16:00:00,229.03
2023-08-26 17:00:00,174.82
2023-08-27 08:00:00,77.61
2023-08-27 09:00:00,143.34
2023-08-27 10:00:00,238.56
2023-08-27 11:00:00,513.11
2023-08-27 12:00:00,542.22
2023-08-27 13:00:00,618.37
2023-08-27 14:00:00,519.17
2023-08-27 15:00:00,493.59
2023-08-27 16:00:00,319.77
2023-08-27 17:00:00,171.73
2023-08-28 08:00:00,115.3
2023-08-28 09:00:00,295.0
2023-08-28 10:00:00,388.2
2023-08-28 11:00:00,527.04
2023-08-28 12:00:00,618.61
2023-08-28 13:00:00,564.15
2023-08-28 14:00:00,504.03
2023-08-28 15:00:00,482.18
2023-08-28 16:00:00,299.68
2023-08-28 17:00:00,158.58
2023-08-29 08:00:00,131.95
2023-08-29 09:00:00,251.48
2023-08-29 10:00:00,423.96
2023-08-29 11:00:00,555.78
2023-08-29 12:00:00,475.39
2023-08-29 13:00:00,537.41
2023-08-29 14:00:00,481.65
2023-08-29 15:00:00,432.51
2023-08-29 16:00:00,340.76
2023-08-29 17:00:00,207.39
2023-08-30 08:00:00,145.77
2023-08-30 09:00:00,288.64
2023-08-30 10:00:00,411.55
2023-08-30 11:00:00,491.3
2023-08-30 12:00:00,600.15
2023-08-30 13:00:00,600.57
2023-08-30 14:00:00,565.35
2023-08-30 15:00:00,501.54
2023-08-30 16:00:00,360.89
2023-08-30 17:00:00,174.92
2023-08-31 08:00:00,116.93
2023-08-31 09:00:00,264.69
2023-08-31 10:00:00,344.21
2023-08-31 11:00:00,462.58
2023-08-31 12:00:00,614.23
2023-08-31 13:00:00,577.98
2023-08-31 14:00:00,524.72
2023-08-31 15:00:00,537.23
2023-08-31 16:00:00,364.63
2023-08-31 17:00:00,178.1
2023-09-01 08:00:00,136.2
2023-09-01 09:00:00,263.72
2023-09-01 10:00:00,429.3
2023-09-01 11:00:00,540.75
2023-09-01 12:00:00,495.4
2023-09-01 13:00:00,647.88
2023-09-01 14:00:00,614.53
2023-09-01 15:00:00,523.09
2023-09-01 16:00:00,395.38
2023-09-01 17:00:00,213.1
2023-09-02 08:00:00,172.79
2023-09-02 09:00:00,355.44
2023-09-02 10:00:00,500.84
2023-09-02 11:00:00,599.37
2023-09-02 12:00:00,601.57
2023-09-02 13:00:00,623.59
2023-09-02 14:00:00,563.55
2023-09-02 15:00:00,500.37
2023-09-02 16:00:00,375.2
2023-09-02 17:00:00,191.04
2023-09-03 08:00:00,155.42
2023-09-03 09:00:00,267.89
2023-09-03 10:00:00,457.88
2023-09-03 11:00:00,545.26
2023-09-03 12:00:00,576.52
2023-09-03 13:00:00,585.1
2023-09-03 14:00:00,592.68
2023-09-03 15:00:00,481.23
2023-09-03 16:00:00,365.65
2023-09-03 17:00:00,153.01
2023-09-04 08:00:00,165.3
2023-09-04 09:00:00,299.65
2023-09-04 10:00:00,468.55
2023-09-04 11:00:00,603.51
2023-09-04 12:00:00,662.08
2023-09-04 13:00:00,632.04
2023-09-04 14:00:00,603.71
2023-09-04 15:00:00,517.82
2023-09-04 16:00:00,372.54
2023-09-04 17:00:00,179.75
2023-09-05 08:00:00,144.43
2023-09-05 09:00:00,318.08
2023-09-05 10:00:00,470.0
2023-09-05 11:00:00,547.1
2023-09-05 12:00:00,643.06
2023-09-05 13:00:00,622.23
2023-09-05 14:00:00,495.58
2023-09-05 15:00:00,477.82
2023-09-05 16:00:00,348.05
2023-09-05 17:00:00,189.29
2023-09-06 08:00:00,78.86
2023-09-06 09:00:00,140.33
2023-09-06 10:00:00,332.0
2023-09-06 11:00:00,329.76
2023-09-06 12:00:00,477.38
2023-09-06 13:00:00,471.7
2023-09-06 14:00:00,351.94
2023-09-06 15:00:00,264.74
2023-09-06 16:00:00,191.54
2023-09-06 17:00:00,74.12
2023-09-07 08:00:00,66.72
2023-09-07 09:00:00,198.1
2023-09-07 10:00:00,289.88
2023-09-07 11:00:00,395.71
2023-09-07 12:00:00,392.58
2023-09-07 13:00:00,407.93
2023-09-07 14:00:00,313.31
2023-09-07 15:00:00,279.0
2023-09-07 16:00:00,239.88
2023-09-07 17:00:00,134.83
2023-09-08 08:00:00,75.51
2023-09-08 09:00:00,211.72
2023-09-08 10:00:00,363.3
2023-09-08 11:00:00,481.28
2023-09-08 12:00:00,547.76
2023-09-08 13:00:00,598.17
2023-09-08 14:00:00,610.53
2023-09-08 15:00:00,445.03
2023-09-08 16:00:00,380.45
2023-09-08 17:00:00,189.39
2023-09-09 08:00:00,133.11
2023-09-09 09:00:00,280.3
2023-09-09 10:00:00,463.41
2023-09-09 11:00:00,604.22
2023-09-09 12:00:00,643.43
2023-09-09 13:00:00,579.25
2023-09-09 14:00:00,495.47
2023-09-09 15:00:00,411.96
2023-09-09 16:00:00,251.51
2023-09-09 17:00:00,94.47
2023-09-10 08:00:00,151.21
2023-09-10 09:00:00,354.05
2023-09-10 10:00:00,492.39
2023-09-10 11:00:00,572.95
2023-09-10 12:00:00,592.21
2023-09-10 13:00:00,499.03
2023-09-10 14:00:00,490.72
2023-09-10 15:00:00,401.73
2023-09-10 16:00:00,302.84
2023-09-10 17:00:00,151.45
2023-09-11 08:00:00,98.9
2023-09-11 09:00:00,218.71
2023-09-11 10:00:00,429.45
2023-09-11 11:00:00,550.07
2023-09-11 12:00:00,479.57
2023-09-11 13:00:00,442.92
2023-09-11 14:00:00,638.06
2023-09-11 15:00:00,493.58
2023-09-11 16:00:00,348.84
2023-09-11 17:00:00,182.7
2023-09-12 08:00:00,134.4
2023-09-12 09:00:00,305.96
2023-09-12 10:00:00,415.75
2023-09-12 11:00:00,471.5
2023-09-12 12:00:00,660.21
2023-09-12 13:00:00,599.37
2023-09-12 14:00:00,239.28
2023-09-12 15:00:00,257.44
2023-09-12 16:00:00,243.74
2023-09-12 17:00:00,151.51
2023-09-13 08:00:00,102.06
2023-09-13 09:00:00,228.81
2023-09-13 10:00:00,288.82
2023-09-13 11:00:00,446.62
2023-09-13 12:00:00,529.43
2023-09-13 13:00:00,522.66
2023-09-13 14:00:00,636.62
2023-09-13 15:00:00,492.41
2023-09-13 16:00:00,395.9
2023-09-13 17:00:00,196.39
2023-09-14 08:00:00,144.28
2023-09-14 09:00:00,359.18
2023-09-14 10:00:00,557.56
2023-09-14 11:00:00,677.75
2023-09-14 12:00:00,716.14
2023-09-14 13:00:00,739.14
2023-09-14 14:00:00,687.71
2023-09-14 15:00:00,573.17
2023-09-14 16:00:00,420.61
2023-09-14 17:00:00,212.2
2023-09-15 08:00:00,190.83
2023-09-15 09:00:00,357.69
2023-09-15 10:00:00,440.15
2023-09-15 11:00:00,566.44
2023-09-15 12:00:00,675.22
2023-09-15 13:00:00,673.55
2023-09-15 14:00:00,643.46
2023-09-15 15:00:00,545.31
2023-09-15 16:00:00,409.58
2023-09-15 17:00:00,181.04
2023-09-16 08:00:00,160.08
2023-09-16 09:00:00,354.96
2023-09-16 10:00:00,459.36
2023-09-16 11:00:00,579.11
2023-09-16 12:00:00,529.48
2023-09-16 13:00:00,621.81
2023-09-16 14:00:00,644.84
2023-09-16 15:00:00,510.18
2023-09-16 16:00:00,346.49
2023-09-16 17:00:00,166.8
2023-09-17 08:00:00,191.43
2023-09-17 09:00:00,340.04
2023-09-17 10:00:00,420.86
2023-09-17 11:00:00,438.64
2023-09-17 12:00:00,446.28
2023-09-17 13:00:00,392.0
2023-09-17 14:00:00,398.18
2023-09-17 15:00:00,361.1
2023-09-17 16:00:00,249.42
2023-09-17 17:00:00,134.16
2023-09-18 08:00:00,183.5
2023-09-18 09:00:00,323.04
2023-09-18 10:00:00,386.06
2023-09-18 11:00:00,359.46
2023-09-18 12:00:00,532.53
2023-09-18 13:00:00,441.82
2023-09-18 14:00:00,531.16
2023-09-18 15:00:00,526.4
2023-09-18 16:00:00,359.77
2023-09-18 17:00:00,155.14
2023-09-19 08:00:00,190.05
2023-09-19 09:00:00,373.16
2023-09-19 10:00:00,526.24
2023-09-19 11:00:00,598.08
2023-09-19 12:00:00,563.35
2023-09-19 13:00:00,543.38
2023-09-19 14:00:00,589.31
2023-09-19 15:00:00,453.34
2023-09-19 16:00:00,349.94
2023-09-19 17:00:00,159.4
2023-09-20 08:00:00,131.39
2023-09-20 09:00:00,261.98
2023-09-20 10:00:00,389.78
2023-09-20 11:00:00,507.15
2023-09-20 12:00:00,575.07
2023-09-20 13:00:00,565.84
2023-09-20 14:00:00,408.83
2023-09-20 15:00:00,287.64
2023-09-20 16:00:00,133.66
2023-09-20 17:00:00,94.62
2023-09-21 08:00:00,108.19
2023-09-21 09:00:00,290.3
2023-09-21 10:00:00,418.67
2023-09-21 11:00:00,541.91
2023-09-21 12:00:00,575.5
2023-09-21 13:00:00,569.67
2023-09-21 14:00:00,576.54
2023-09-21 15:00:00,444.94
2023-09-21 16:00:00,352.39
2023-09-21 17:00:00,180.38
2023-09-22 08:00:00,47.43
2023-09-22 09:00:00,93.4
2023-09-22 10:00:00,189.24
2023-09-22 11:00:00,219.14
2023-09-22 12:00:00,306.58
2023-09-22 13:00:00,313.81
2023-09-22 14:00:00,396.46
2023-09-22 15:00:00,401.16
2023-09-22 16:00:00,218.77
2023-09-22 17:00:00,122.85
2023-09-23 08:00:00,174.78
2023-09-23 09:00:00,385.19
2023-09-23 10:00:00,456.91
2023-09-23 11:00:00,549.74
2023-09-23 12:00:00,636.73
2023-09-23 13:00:00,570.86
2023-09-23 14:00:00,551.4
2023-09-23 15:00:00,470.6
2023-09-23 16:00:00,346.62
2023-09-23 17:00:00,141.65
2023-09-24 08:00:00,113.84
2023-09-24 09:00:00,270.27
2023-09-24 10:00:00,463.19
2023-09-24 11:00:00,565.51
2023-09-24 12:00:00,545.38
2023-09-24 13:00:00,519.41
2023-09-24 14:00:00,196.83
2023-09-24 15:00:00,211.85
2023-09-24 16:00:00,109.52
2023-09-24 17:00:00,26.83
2023-09-25 08:00:00,140.76
2023-09-25 09:00:00,306.44
2023-09-25 10:00:00,491.49
2023-09-25 11:00:00,591.91
2023-09-25 12:00:00,642.52
2023-09-25 13:00:00,642.87
2023-09-25 14:00:00,605.9
2023-09-25 15:00:00,531.53
2023-09-25 16:00:00,392.76
2023-09-25 17:00:00,196.59
2023-09-26 08:00:00,209.36
2023-09-26 09:00:00,377.0
2023-09-26 10:00:00,503.29
2023-09-26 11:00:00,635.26
2023-09-26 12:00:00,654.91
2023-09-26 13:00:00,651.31
2023-09-26 14:00:00,550.74
2023-09-26 15:00:00,448.08
2023-09-26 16:00:00,368.54
2023-09-26 17:00:00,193.83
2023-09-27 08:00:00,241.03
2023-09-27 09:00:00,443.07
2023-09-27 10:00:00,600.57
2023-09-27 11:00:00,689.46
2023-09-27 12:00:00,755.02
2023-09-27 13:00:00,739.12
2023-09-27 14:00:00,695.8
2023-09-27 15:00:00,585.31
2023-09-27 16:00:00,420.5
2023-09-27 17:00:00,212.19
2023-09-28 08:00:00,241.6
2023-09-28 09:00:00,440.91
2023-09-28 10:00:00,589.61
2023-09-28 11:00:00,674.2
2023-09-28 12:00:00,703.02
2023-09-28 13:00:00,721.93
2023-09-28 14:00:00,680.32
2023-09-28 15:00:00,536.81
2023-09-28 16:00:00,369.16
2023-09-28 17:00:00,174.62
2023-09-29 08:00:00,228.89
2023-09-29 09:00:00,431.16
2023-09-29 10:00:00,566.07
2023-09-29 11:00:00,625.72
2023-09-29 12:00:00,684.68
2023-09-29 13:00:00,630.49
2023-09-29 14:00:00,583.49
2023-09-29 15:00:00,444.91
2023-09-29 16:00:00,331.86
2023-09-29 17:00:00,162.81
2023-09-30 08:00:00,169.71
2023-09-30 09:00:00,243.7
2023-09-30 10:00:00,224.6
2023-09-30 11:00:00,354.37
2023-09-30 12:00:00,450.03
2023-09-30 13:00:00,333.64
2023-09-30 14:00:00,431.89
2023-09-30 15:00:00,333.05
2023-09-30 16:00:00,221.13
2023-09-30 17:00:00,147.05
2023-10-01 08:00:00,176.16
2023-10-01 09:00:00,337.5
2023-10-01 10:00:00,493.76
2023-10-01 11:00:00,570.7
2023-10-01 12:00:00,621.17
2023-10-01 13:00:00,629.64
2023-10-01 14:00:00,579.29
2023-10-01 15:00:00,449.15
2023-10-01 16:00:00,328.94
2023-10-01 17:00:00,137.87
2023-10-02 08:00:00,220.46
2023-10-02 09:00:00,418.71
2023-10-02 10:00:00,562.16
2023-10-02 11:00:00,668.45
2023-10-02 12:00:00,713.98
2023-10-02 13:00:00,700.26
2023-10-02 14:00:00,570.58
2023-10-02 15:00:00,459.07
2023-10-02 16:00:00,362.31
2023-10-02 17:00:00,150.61
2023-10-03 08:00:00,185.09
2023-10-03 09:00:00,365.38
2023-10-03 10:00:00,477.12
2023-10-03 11:00:00,549.19
2023-10-03 12:00:00,523.77
2023-10-03 13:00:00,608.69
2023-10-03 14:00:00,418.1
2023-10-03 15:00:00,370.91
2023-10-03 16:00:00,200.29
2023-10-03 17:00:00,128.91
2023-10-04 08:00:00,208.47
2023-10-04 09:00:00,404.32
2023-10-04 10:00:00,524.97
2023-10-04 11:00:00,624.64
2023-10-04 12:00:00,715.24
2023-10-04 13:00:00,665.6
2023-10-04 14:00:00,624.37
2023-10-04 15:00:00,502.74
2023-10-04 16:00:00,383.55
2023-10-04 17:00:00,198.77
2023-10-05 08:00:00,251.98
2023-10-05 09:00:00,446.35
2023-10-05 10:00:00,598.1
2023-10-05 11:00:00,691.72
2023-10-05 12:00:00,743.23
2023-10-05 13:00:00,712.42
2023-10-05 14:00:00,669.48
2023-10-05 15:00:00,541.88
2023-10-05 16:00:00,352.24
2023-10-05 17:00:00,185.49
2023-10-06 08:00:00,217.27
2023-10-06 09:00:00,427.32
2023-10-06 10:00:00,576.29
2023-10-06 11:00:00,651.97
2023-10-06 12:00:00,628.87
2023-10-06 13:00:00,585.89
2023-10-06 14:00:00,661.48
2023-10-06 15:00:00,540.05
2023-10-06 16:00:00,389.16
2023-10-06 17:00:00,202.83
2023-10-07 08:00:00,245.07
2023-10-07 09:00:00,388.69
2023-10-07 10:00:00,539.66
2023-10-07 11:00:00,618.68
2023-10-07 12:00:00,651.89
2023-10-07 13:00:00,680.43
2023-10-07 14:00:00,663.64
2023-10-07 15:00:00,572.63
2023-10-07 16:00:00,407.18
2023-10-07 17:00:00,197.06
2023-10-08 08:00:00,250.69
2023-10-08 09:00:00,448.46
2023-10-08 10:00:00,585.12
2023-10-08 11:00:00,685.81
2023-10-08 12:00:00,722.78
2023-10-08 13:00:00,706.68
2023-10-08 14:00:00,664.04
2023-10-08 15:00:00,509.93
2023-10-08 16:00:00,335.32
2023-10-08 17:00:00,184.01
2023-10-09 08:00:00,164.13
2023-10-09 09:00:00,384.75
2023-10-09 10:00:00,534.62
2023-10-09 11:00:00,610.87
2023-10-09 12:00:00,671.14
2023-10-09 13:00:00,668.46
2023-10-09 14:00:00,631.47
2023-10-09 15:00:00,543.02
2023-10-09 16:00:00,376.95
2023-10-09 17:00:00,177.1
2023-10-10 08:00:00,243.56
2023-10-10 09:00:00,411.02
2023-10-10 10:00:00,573.02
2023-10-10 11:00:00,675.61
2023-10-10 12:00:00,709.73
2023-10-10 13:00:00,613.9
2023-10-10 14:00:00,606.83
2023-10-10 15:00:00,454.78
2023-10-10 16:00:00,304.11
2023-10-10 17:00:00,131.92
2023-10-11 08:00:00,243.94
2023-10-11 09:00:00,401.65
2023-10-11 10:00:00,543.36
2023-10-11 11:00:00,643.17
2023-10-11 12:00:00,677.1
2023-10-11 13:00:00,569.39
2023-10-11 14:00:00,624.97
2023-10-11 15:00:00,438.49
2023-10-11 16:00:00,272.8
2023-10-11 17:00:00,154.99
2023-10-12 08:00:00,233.68
2023-10-12 09:00:00,418.35
2023-10-12 10:00:00,580.66
2023-10-12 11:00:00,677.81
2023-10-12 12:00:00,702.25
2023-10-12 13:00:00,704.25
2023-10-12 14:00:00,631.47
2023-10-12 15:00:00,531.51
2023-10-12 16:00:00,389.98
2023-10-12 17:00:00,197.75
2023-10-13 08:00:00,246.82
2023-10-13 09:00:00,418.21
2023-10-13 10:00:00,578.22
2023-10-13 11:00:00,669.07
2023-10-13 12:00:00,718.91
2023-10-13 13:00:00,684.46
2023-10-13 14:00:00,647.65
2023-10-13 15:00:00,556.21
2023-10-13 16:00:00,408.42
2023-10-13 17:00:00,186.76
2023-10-14 08:00:00,222.73
2023-10-14 09:00:00,422.85
2023-10-14 10:00:00,551.3
2023-10-14 11:00:00,650.36
2023-10-14 12:00:00,674.05
2023-10-14 13:00:00,652.4
2023-10-14 14:00:00,647.7
2023-10-14 15:00:00,544.44
2023-10-14 16:00:00,374.66
2023-10-14 17:00:00,185.97
2023-10-15 08:00:00,214.27
2023-10-15 09:00:00,392.25
2023-10-15 10:00:00,569.73
2023-10-15 11:00:00,633.34
2023-10-15 12:00:00,704.13
2023-10-15 13:00:00,642.16
2023-10-15 14:00:00,582.19
2023-10-15 15:00:00,518.26
2023-10-15 16:00:00,392.0
2023-10-15 17:00:00,199.77
2023-10-16 08:00:00,214.54
2023-10-16 09:00:00,354.51
2023-10-16 10:00:00,457.4
2023-10-16 11:00:00,626.29
2023-10-16 12:00:00,612.06
2023-10-16 13:00:00,601.01
2023-10-16 14:00:00,655.1
2023-10-16 15:00:00,563.81
2023-10-16 16:00:00,387.64
2023-10-16 17:00:00,164.14
2023-10-17 08:00:00,257.22
2023-10-17 09:00:00,447.87
2023-10-17 10:00:00,603.64
2023-10-17 11:00:00,694.93
2023-10-17 12:00:00,691.79
2023-10-17 13:00:00,692.64
2023-10-17 14:00:00,672.9
2023-10-17 15:00:00,494.2
2023-10-17 16:00:00,355.08
2023-10-17 17:00:00,139.64
2023-10-18 08:00:00,145.43
2023-10-18 09:00:00,311.34
2023-10-18 10:00:00,410.65
2023-10-18 11:00:00,535.1
2023-10-18 12:00:00,666.66
2023-10-18 13:00:00,605.39
2023-10-18 14:00:00,240.93
2023-10-18 15:00:00,126.83
2023-10-18 16:00:00,97.2
2023-10-18 17:00:00,57.68
2023-10-19 08:00:00,65.9
2023-10-19 09:00:00,113.13
2023-10-19 10:00:00,304.01
2023-10-19 11:00:00,367.38
2023-10-19 12:00:00,495.79
2023-10-19 13:00:00,618.7
2023-10-19 14:00:00,528.32
2023-10-19 15:00:00,492.89
2023-10-19 16:00:00,314.56
2023-10-19 17:00:00,115.51
2023-10-20 08:00:00,98.52
2023-10-20 09:00:00,218.53
2023-10-20 10:00:00,368.94
2023-10-20 11:00:00,422.95
2023-10-20 12:00:00,461.13
2023-10-20 13:00:00,531.67
2023-10-20 14:00:00,543.27
2023-10-20 15:00:00,305.58
2023-10-20 16:00:00,217.35
2023-10-20 17:00:00,102.84
2023-10-21 08:00:00,216.5
2023-10-21 09:00:00,332.41
2023-10-21 10:00:00,458.68
2023-10-21 11:00:00,549.74
2023-10-21 12:00:00,544.31
2023-10-21 13:00:00,573.39
2023-10-21 14:00:00,451.9
2023-10-21 15:00:00,339.94
2023-10-21 16:00:00,156.31
2023-10-21 17:00:00,54.83
2023-10-22 08:00:00,158.62
2023-10-22 09:00:00,293.13
2023-10-22 10:00:00,433.38
2023-10-22 11:00:00,483.55
2023-10-22 12:00:00,498.2
2023-10-22 13:00:00,525.88
2023-10-22 14:00:00,404.67
2023-10-22 15:00:00,271.51
2023-10-22 16:00:00,219.34
2023-10-22 17:00:00,116.11
2023-10-23 08:00:00,181.41
2023-10-23 09:00:00,356.97
2023-10-23 10:00:00,481.73
2023-10-23 11:00:00,575.14
2023-10-23 12:00:00,616.98
2023-10-23 13:00:00,622.54
2023-10-23 14:00:00,631.32
2023-10-23 15:00:00,426.71
2023-10-23 16:00:00,197.51
2023-10-23 17:00:00,80.72
2023-10-24 08:00:00,164.54
2023-10-24 09:00:00,374.72
2023-10-24 10:00:00,554.36
2023-10-24 11:00:00,651.71
2023-10-24 12:00:00,656.23
2023-10-24 13:00:00,694.01
2023-10-24 14:00:00,604.41
2023-10-24 15:00:00,465.51
2023-10-24 16:00:00,312.24
2023-10-24 17:00:00,134.11
2023-10-25 08:00:00,79.39
2023-10-25 09:00:00,261.74
2023-10-25 10:00:00,300.09
2023-10-25 11:00:00,407.47
2023-10-25 12:00:00,408.39
2023-10-25 13:00:00,320.31
2023-10-25 14:00:00,451.05
2023-10-25 15:00:00,289.67
2023-10-25 16:00:00,142.45
2023-10-25 17:00:00,54.85
2023-10-26 08:00:00,209.79
2023-10-26 09:00:00,399.18
2023-10-26 10:00:00,548.09
2023-10-26 11:00:00,637.33
2023-10-26 12:00:00,659.23
2023-10-26 13:00:00,664.86
2023-10-26 14:00:00,607.24
2023-10-26 15:00:00,481.82
2023-10-26 16:00:00,308.05
2023-10-26 17:00:00,157.12
2023-10-27 08:00:00,234.22
2023-10-27 09:00:00,405.09
2023-10-27 10:00:00,559.33
2023-10-27 11:00:00,651.03
2023-10-27 12:00:00,615.09
2023-10-27 13:00:00,609.05
2023-10-27 14:00:00,579.99
2023-10-27 15:00:00,486.87
2023-10-27 16:00:00,328.46
2023-10-27 17:00:00,170.71
2023-10-28 08:00:00,145.21
2023-10-28 09:00:00,369.36
2023-10-28 10:00:00,535.78
2023-10-28 11:00:00,569.81
2023-10-28 12:00:00,566.93
2023-10-28 13:00:00,543.95
2023-10-28 14:00:00,455.53
2023-10-28 15:00:00,270.44
2023-10-28 16:00:00,152.45
2023-10-28 17:00:00,77.61
2023-10-29 08:00:00,187.43
2023-10-29 09:00:00,374.19
2023-10-29 10:00:00,485.0
2023-10-29 11:00:00,577.38
2023-10-29 12:00:00,613.83
2023-10-29 13:00:00,598.11
2023-10-29 14:00:00,488.62
2023-10-29 15:00:00,405.37
2023-10-29 16:00:00,324.43
2023-10-29 17:00:00,165.46
2023-10-30 08:00:00,68.49
2023-10-30 09:00:00,144.64
2023-10-30 10:00:00,432.87
2023-10-30 11:00:00,598.51
2023-10-30 12:00:00,570.51
2023-10-30 13:00:00,548.96
2023-10-30 14:00:00,580.59
2023-10-30 15:00:00,506.24
2023-10-30 16:00:00,365.11
2023-10-30 17:00:00,165.64
2023-10-31 08:00:00,193.8
2023-10-31 09:00:00,358.13
2023-10-31 10:00:00,570.12
2023-10-31 11:00:00,651.63
2023-10-31 12:00:00,656.54
2023-10-31 13:00:00,640.86
2023-10-31 14:00:00,519.01
2023-10-31 15:00:00,486.07
2023-10-31 16:00:00,284.38
2023-10-31 17:00:00,162.2
2023-11-01 08:00:00,161.55
2023-11-01 09:00:00,425.81
2023-11-01 10:00:00,506.65
2023-11-01 11:00:00,646.67
2023-11-01 12:00:00,628.63
2023-11-01 13:00:00,585.47
2023-11-01 14:00:00,513.13
2023-11-01 15:00:00,402.38
2023-11-01 16:00:00,268.98
2023-11-01 17:00:00,101.57
2023-11-02 08:00:00,181.39
2023-11-02 09:00:00,350.1
2023-11-02 10:00:00,437.91
2023-11-02 11:00:00,572.33
2023-11-02 12:00:00,670.4
2023-11-02 13:00:00,597.8
2023-11-02 14:00:00,524.13
2023-11-02 15:00:00,405.58
2023-11-02 16:00:00,333.33
2023-11-02 17:00:00,180.32
2023-11-03 08:00:00,96.07
2023-11-03 09:00:00,225.69
2023-11-03 10:00:00,336.38
2023-11-03 11:00:00,490.32
2023-11-03 12:00:00,528.69
2023-11-03 13:00:00,537.16
2023-11-03 14:00:00,566.86
2023-11-03 15:00:00,485.16
2023-11-03 16:00:00,325.01
2023-11-03 17:00:00,133.93
2023-11-04 08:00:00,245.2
2023-11-04 09:00:00,406.44
2023-11-04 10:00:00,522.88
2023-11-04 11:00:00,572.04
2023-11-04 12:00:00,549.51
2023-11-04 13:00:00,585.65
2023-11-04 14:00:00,399.63
2023-11-04 15:00:00,416.13
2023-11-04 16:00:00,262.41
2023-11-04 17:00:00,148.44
2023-11-05 08:00:00,126.11
2023-11-05 09:00:00,323.72
2023-11-05 10:00:00,491.17
2023-11-05 11:00:00,566.27
2023-11-05 12:00:00,605.1
2023-11-05 13:00:00,554.08
2023-11-05 14:00:00,570.27
2023-11-05 15:00:00,421.89
2023-11-05 16:00:00,252.5
2023-11-05 17:00:00,114.11
2023-11-06 08:00:00,185.75
2023-11-06 09:00:00,355.56
2023-11-06 10:00:00,419.88
2023-11-06 11:00:00,528.37
2023-11-06 12:00:00,489.01
2023-11-06 13:00:00,490.9
2023-11-06 14:00:00,478.12
2023-11-06 15:00:00,335.57
2023-11-06 16:00:00,185.41
2023-11-06 17:00:00,80.24
2023-11-07 08:00:00,103.12
2023-11-07 09:00:00,186.27
2023-11-07 10:00:00,290.36
2023-11-07 11:00:00,356.61
2023-11-07 12:00:00,468.62
2023-11-07 13:00:00,429.39
2023-11-07 14:00:00,521.5
2023-11-07 15:00:00,327.39
2023-11-07 16:00:00,179.77
2023-11-07 17:00:00,73.87
2023-11-08 08:00:00,131.86
2023-11-08 09:00:00,297.62
2023-11-08 10:00:00,469.39
2023-11-08 11:00:00,506.95
2023-11-08 12:00:00,611.24
2023-11-08 13:00:00,558.37
2023-11-08 14:00:00,295.8
2023-11-08 15:00:00,226.06
2023-11-08 16:00:00,141.58
2023-11-08 17:00:00,76.79
2023-11-09 08:00:00,207.4
2023-11-09 09:00:00,393.43
2023-11-09 10:00:00,483.75
2023-11-09 11:00:00,531.21
2023-11-09 12:00:00,635.21
2023-11-09 13:00:00,630.22
2023-11-09 14:00:00,489.72
2023-11-09 15:00:00,409.93
2023-11-09 16:00:00,330.36
2023-11-09 17:00:00,159.83
2023-11-10 08:00:00,124.47
2023-11-10 09:00:00,269.73
2023-11-10 10:00:00,421.65
2023-11-10 11:00:00,566.24
2023-11-10 12:00:00,563.13
2023-11-10 13:00:00,504.57
2023-11-10 14:00:00,348.31
2023-11-10 15:00:00,287.82
2023-11-10 16:00:00,156.27
2023-11-10 17:00:00,80.83
2023-11-11 08:00:00,164.34
2023-11-11 09:00:00,277.6
2023-11-11 10:00:00,436.06
2023-11-11 11:00:00,496.97
2023-11-11 12:00:00,558.39
2023-11-11 13:00:00,576.8
2023-11-11 14:00:00,539.89
2023-11-11 15:00:00,402.26
2023-11-11 16:00:00,307.7
2023-11-11 17:00:00,152.39
2023-11-12 08:00:00,188.96
2023-11-12 09:00:00,296.97
2023-11-12 10:00:00,431.43
2023-11-12 11:00:00,406.87
2023-11-12 12:00:00,461.51
2023-11-12 13:00:00,531.99
2023-11-12 14:00:00,463.12
2023-11-12 15:00:00,327.5
2023-11-12 16:00:00,243.32
2023-11-12 17:00:00,127.28
2023-11-13 08:00:00,270.49
2023-11-13 09:00:00,463.95
2023-11-13 10:00:00,574.4
2023-11-13 11:00:00,667.5
2023-11-13 12:00:00,668.71
2023-11-13 13:00:00,667.04
2023-11-13 14:00:00,596.43
2023-11-13 15:00:00,354.95
2023-11-13 16:00:00,316.18
2023-11-13 17:00:00,134.5
2023-11-14 08:00:00,125.8
2023-11-14 09:00:00,182.98
2023-11-14 10:00:00,302.31
2023-11-14 11:00:00,332.44
2023-11-14 12:00:00,519.98
2023-11-14 13:00:00,536.71
2023-11-14 14:00:00,253.13
2023-11-14 15:00:00,95.03
2023-11-14 16:00:00,64.17
2023-11-14 17:00:00,38.7
2023-11-15 08:00:00,227.1
2023-11-15 09:00:00,348.37
2023-11-15 10:00:00,478.46
2023-11-15 11:00:00,512.27
2023-11-15 12:00:00,547.65
2023-11-15 13:00:00,573.49
2023-11-15 14:00:00,608.45
2023-11-15 15:00:00,415.61
2023-11-15 16:00:00,309.65
2023-11-15 17:00:00,124.42
2023-11-16 08:00:00,114.42
2023-11-16 09:00:00,299.96
2023-11-16 10:00:00,346.61
2023-11-16 11:00:00,482.45
2023-11-16 12:00:00,546.33
2023-11-16 13:00:00,535.46
2023-11-16 14:00:00,423.51
2023-11-16 15:00:00,366.65
2023-11-16 16:00:00,233.8
2023-11-16 17:00:00,81.56
2023-11-17 08:00:00,113.83
2023-11-17 09:00:00,271.57
2023-11-17 10:00:00,381.12
2023-11-17 11:00:00,490.87
2023-11-17 12:00:00,549.86
2023-11-17 13:00:00,460.81
2023-11-17 14:00:00,405.17
2023-11-17 15:00:00,303.81
2023-11-17 16:00:00,298.29
2023-11-17 17:00:00,109.49
2023-11-18 08:00:00,201.37
2023-11-18 09:00:00,375.75
2023-11-18 10:00:00,544.18
2023-11-18 11:00:00,582.38
2023-11-18 12:00:00,615.86
2023-11-18 13:00:00,551.3
2023-11-18 14:00:00,520.24
2023-11-18 15:00:00,500.11
2023-11-18 16:00:00,381.37
2023-11-18 17:00:00,189.38
2023-11-19 08:00:00,51.58
2023-11-19 09:00:00,57.8
2023-11-19 10:00:00,149.24
2023-11-19 11:00:00,236.36
2023-11-19 12:00:00,385.35
2023-11-19 13:00:00,364.44
2023-11-19 14:00:00,251.52
2023-11-19 15:00:00,128.8
2023-11-19 16:00:00,86.28
2023-11-19 17:00:00,50.74
2023-11-20 08:00:00,147.14
2023-11-20 09:00:00,247.96
2023-11-20 10:00:00,284.52
2023-11-20 11:00:00,378.1
2023-11-20 12:00:00,420.14
2023-11-20 13:00:00,385.35
2023-11-20 14:00:00,559.6
2023-11-20 15:00:00,428.45
2023-11-20 16:00:00,293.94
2023-11-20 17:00:00,135.05
2023-11-21 08:00:00,122.81
2023-11-21 09:00:00,289.19
2023-11-21 10:00:00,345.47
2023-11-21 11:00:00,308.87
2023-11-21 12:00:00,357.54
2023-11-21 13:00:00,527.94
2023-11-21 14:00:00,166.71
2023-11-21 15:00:00,95.51
2023-11-21 16:00:00,49.29
2023-11-21 17:00:00,27.74
2023-11-22 08:00:00,69.96
2023-11-22 09:00:00,275.0
2023-11-22 10:00:00,234.88
2023-11-22 11:00:00,246.82
2023-11-22 12:00:00,234.92
2023-11-22 13:00:00,235.51
2023-11-22 14:00:00,195.02
2023-11-22 15:00:00,148.59
2023-11-22 16:00:00,126.03
2023-11-22 17:00:00,36.1
2023-11-23 08:00:00,76.61
2023-11-23 09:00:00,99.83
2023-11-23 10:00:00,115.99
2023-11-23 11:00:00,154.79
2023-11-23 12:00:00,152.31
2023-11-23 13:00:00,163.14
2023-11-23 14:00:00,334.14
2023-11-23 15:00:00,333.2
2023-11-23 16:00:00,116.28
2023-11-23 17:00:00,49.23
2023-11-24 08:00:00,44.74
2023-11-24 09:00:00,124.7
2023-11-24 10:00:00,258.2
2023-11-24 11:00:00,308.23
2023-11-24 12:00:00,316.98
2023-11-24 13:00:00,305.78
2023-11-24 14:00:00,340.1
2023-11-24 15:00:00,276.62
2023-11-24 16:00:00,171.4
2023-11-24 17:00:00,61.2
2023-11-25 08:00:00,98.93
2023-11-25 09:00:00,182.56
2023-11-25 10:00:00,218.85
2023-11-25 11:00:00,215.81
2023-11-25 12:00:00,280.09
2023-11-25 13:00:00,330.81
2023-11-25 14:00:00,487.52
2023-11-25 15:00:00,458.53
2023-11-25 16:00:00,240.25
2023-11-25 17:00:00,56.22
2023-11-26 08:00:00,88.6
2023-11-26 09:00:00,137.88
2023-11-26 10:00:00,195.54
2023-11-26 11:00:00,235.03
2023-11-26 12:00:00,380.14
2023-11-26 13:00:00,337.96
2023-11-26 14:00:00,522.28
2023-11-26 15:00:00,456.17
2023-11-26 16:00:00,281.18
2023-11-26 17:00:00,104.86
2023-11-27 08:00:00,74.63
2023-11-27 09:00:00,122.45
2023-11-27 10:00:00,275.68
2023-11-27 11:00:00,275.92
2023-11-27 12:00:00,244.99
2023-11-27 13:00:00,281.66
2023-11-27 14:00:00,229.86
2023-11-27 15:00:00,145.55
2023-11-27 16:00:00,92.94
2023-11-27 17:00:00,32.8
2023-11-28 08:00:00,185.29
2023-11-28 09:00:00,352.57
2023-11-28 10:00:00,497.68
2023-11-28 11:00:00,545.81
2023-11-28 12:00:00,529.3
2023-11-28 13:00:00,522.84
2023-11-28 14:00:00,529.85
2023-11-28 15:00:00,475.23
2023-11-28 16:00:00,313.86
2023-11-28 17:00:00,186.44
2023-11-29 08:00:00,215.47
2023-11-29 09:00:00,405.25
2023-11-29 10:00:00,550.0
2023-11-29 11:00:00,564.49
2023-11-29 12:00:00,602.62
2023-11-29 13:00:00,576.83
2023-11-29 14:00:00,416.04
2023-11-29 15:00:00,379.91
2023-11-29 16:00:00,288.03
2023-11-29 17:00:00,155.72
2023-11-30 08:00:00,113.42
2023-11-30 09:00:00,282.52
2023-11-30 10:00:00,366.77
2023-11-30 11:00:00,350.94
2023-11-30 12:00:00,340.15
2023-11-30 13:00:00,431.86
2023-11-30 14:00:00,560.89
2023-11-30 15:00:00,426.74
2023-11-30 16:00:00,298.2
2023-11-30 17:00:00,139.44
2023-12-01 08:00:00,38.04
2023-12-01 09:00:00,123.48
2023-12-01 10:00:00,159.82
2023-12-01 11:00:00,308.91
2023-12-01 12:00:00,305.22
2023-12-01 13:00:00,353.67
2023-12-01 14:00:00,189.2
2023-12-01 15:00:00,199.32
2023-12-01 16:00:00,161.77
2023-12-01 17:00:00,87.89
2023-12-02 08:00:00,149.74
2023-12-02 09:00:00,378.57
2023-12-02 10:00:00,565.34
2023-12-02 11:00:00,639.11
2023-12-02 12:00:00,656.52
2023-12-02 13:00:00,679.28
2023-12-02 14:00:00,465.58
2023-12-02 15:00:00,325.92
2023-12-02 16:00:00,247.44
2023-12-02 17:00:00,184.9
2023-12-03 08:00:00,112.35
2023-12-03 09:00:00,257.26
2023-12-03 10:00:00,345.04
2023-12-03 11:00:00,436.69
2023-12-03 12:00:00,449.59
2023-12-03 13:00:00,456.9
2023-12-03 14:00:00,377.0
2023-12-03 15:00:00,239.91
2023-12-03 16:00:00,184.01
2023-12-03 17:00:00,105.52
2023-12-04 08:00:00,59.49
2023-12-04 09:00:00,123.17
2023-12-04 10:00:00,294.48
2023-12-04 11:00:00,227.43
2023-12-04 12:00:00,385.23
2023-12-04 13:00:00,331.73
2023-12-04 14:00:00,566.54
2023-12-04 15:00:00,415.98
2023-12-04 16:00:00,237.31
2023-12-04 17:00:00,104.21
2023-12-05 08:00:00,246.6
2023-12-05 09:00:00,426.8
2023-12-05 10:00:00,497.29
2023-12-05 11:00:00,637.49
2023-12-05 12:00:00,618.7
2023-12-05 13:00:00,618.61
2023-12-05 14:00:00,595.12
2023-12-05 15:00:00,515.21
2023-12-05 16:00:00,369.79
2023-12-05 17:00:00,189.95
2023-12-06 08:00:00,107.31
2023-12-06 09:00:00,316.22
2023-12-06 10:00:00,384.75
2023-12-06 11:00:00,397.88
2023-12-06 12:00:00,376.9
2023-12-06 13:00:00,484.94
2023-12-06 14:00:00,240.59
2023-12-06 15:00:00,116.42
2023-12-06 16:00:00,75.45
2023-12-06 17:00:00,44.25
2023-12-07 08:00:00,243.59
2023-12-07 09:00:00,394.14
2023-12-07 10:00:00,506.3
2023-12-07 11:00:00,564.58
2023-12-07 12:00:00,571.55
2023-12-07 13:00:00,494.9
2023-12-07 14:00:00,502.41
2023-12-07 15:00:00,320.47
2023-12-07 16:00:00,226.26
2023-12-07 17:00:00,82.87
2023-12-08 08:00:00,148.44
2023-12-08 09:00:00,269.58
2023-12-08 10:00:00,456.73
2023-12-08 11:00:00,465.13
2023-12-08 12:00:00,594.26
2023-12-08 13:00:00,501.85
2023-12-08 14:00:00,311.02
2023-12-08 15:00:00,224.9
2023-12-08 16:00:00,183.58
2023-12-08 17:00:00,90.46
2023-12-09 08:00:00,108.01
2023-12-09 09:00:00,150.14
2023-12-09 10:00:00,195.26
2023-12-09 11:00:00,383.14
2023-12-09 12:00:00,387.89
2023-12-09 13:00:00,342.42
2023-12-09 14:00:00,399.52
2023-12-09 15:00:00,252.66
2023-12-09 16:00:00,227.37
2023-12-09 17:00:00,142.54
2023-12-10 08:00:00,77.04
2023-12-10 09:00:00,197.51
2023-12-10 10:00:00,390.27
2023-12-10 11:00:00,501.53
2023-12-10 12:00:00,560.66
2023-12-10 13:00:00,539.68
2023-12-10 14:00:00,224.78
2023-12-10 15:00:00,139.28
2023-12-10 16:00:00,172.49
2023-12-10 17:00:00,99.97
2023-12-11 08:00:00,105.73
2023-12-11 09:00:00,236.31
2023-12-11 10:00:00,274.33
2023-12-11 11:00:00,292.89
2023-12-11 12:00:00,331.01
2023-12-11 13:00:00,323.18
2023-12-11 14:00:00,359.76
2023-12-11 15:00:00,209.33
2023-12-11 16:00:00,133.92
2023-12-11 17:00:00,29.99
2023-12-12 08:00:00,169.42
2023-12-12 09:00:00,276.84
2023-12-12 10:00:00,400.85
2023-12-12 11:00:00,366.38
2023-12-12 12:00:00,344.47
2023-12-12 13:00:00,483.86
2023-12-12 14:00:00,151.53
2023-12-12 15:00:00,141.41
2023-12-12 16:00:00,69.15
2023-12-12 17:00:00,48.55
2023-12-13 08:00:00,14.15
2023-12-13 09:00:00,38.58
2023-12-13 10:00:00,23.32
2023-12-13 11:00:00,75.74
2023-12-13 12:00:00,149.08
2023-12-13 13:00:00,185.24
2023-12-13 14:00:00,577.6
2023-12-13 15:00:00,457.58
2023-12-13 16:00:00,292.72
2023-12-13 17:00:00,145.54
2023-12-14 08:00:00,173.77
2023-12-14 09:00:00,285.44
2023-12-14 10:00:00,389.9
2023-12-14 11:00:00,400.54
2023-12-14 12:00:00,475.22
2023-12-14 13:00:00,500.5
2023-12-14 14:00:00,568.44
2023-12-14 15:00:00,375.27
2023-12-14 16:00:00,302.59
2023-12-14 17:00:00,139.81
2023-12-15 08:00:00,137.09
2023-12-15 09:00:00,334.11
2023-12-15 10:00:00,526.73
2023-12-15 11:00:00,551.65
2023-12-15 12:00:00,554.25
2023-12-15 13:00:00,551.56
2023-12-15 14:00:00,503.85
2023-12-15 15:00:00,431.92
2023-12-15 16:00:00,315.66
2023-12-15 17:00:00,195.3
2023-12-16 08:00:00,81.97
2023-12-16 09:00:00,285.43
2023-12-16 10:00:00,409.89
2023-12-16 11:00:00,553.19
2023-12-16 12:00:00,606.91
2023-12-16 13:00:00,590.54
2023-12-16 14:00:00,620.34
2023-12-16 15:00:00,506.77
2023-12-16 16:00:00,348.0
2023-12-16 17:00:00,188.09
2023-12-17 08:00:00,178.34
2023-12-17 09:00:00,321.63
2023-12-17 10:00:00,490.71
2023-12-17 11:00:00,586.58
2023-12-17 12:00:00,619.31
2023-12-17 13:00:00,652.25
2023-12-17 14:00:00,612.13
2023-12-17 15:00:00,473.03
2023-12-17 16:00:00,246.58
2023-12-17 17:00:00,102.82
2023-12-18 08:00:00,112.02
2023-12-18 09:00:00,184.1
2023-12-18 10:00:00,344.99
2023-12-18 11:00:00,398.56
2023-12-18 12:00:00,356.33
2023-12-18 13:00:00,342.48
2023-12-18 14:00:00,428.97
2023-12-18 15:00:00,350.43
2023-12-18 16:00:00,216.5
2023-12-18 17:00:00,118.75
2023-12-19 08:00:00,156.15
2023-12-19 09:00:00,332.47
2023-12-19 10:00:00,488.87
2023-12-19 11:00:00,592.43
2023-12-19 12:00:00,574.59
2023-12-19 13:00:00,613.29
2023-12-19 14:00:00,439.34
2023-12-19 15:00:00,386.59
2023-12-19 16:00:00,281.16
2023-12-19 17:00:00,117.07
2023-12-20 08:00:00,28.07
2023-12-20 09:00:00,117.61
2023-12-20 10:00:00,142.3
2023-12-20 11:00:00,248.67
2023-12-20 12:00:00,378.49
2023-12-20 13:00:00,351.43
2023-12-20 14:00:00,542.55
2023-12-20 15:00:00,422.81
2023-12-20 16:00:00,267.36
2023-12-20 17:00:00,92.2
2023-12-21 08:00:00,150.1
2023-12-21 09:00:00,265.6
2023-12-21 10:00:00,428.94
2023-12-21 11:00:00,534.85
2023-12-21 12:00:00,554.07
2023-12-21 13:00:00,535.68
2023-12-21 14:00:00,437.03
2023-12-21 15:00:00,266.84
2023-12-21 16:00:00,208.88
2023-12-21 17:00:00,102.69
2023-12-22 08:00:00,55.82
2023-12-22 09:00:00,147.16
2023-12-22 10:00:00,167.67
2023-12-22 11:00:00,329.39
2023-12-22 12:00:00,299.55
2023-12-22 13:00:00,332.56
2023-12-22 14:00:00,378.27
2023-12-22 15:00:00,305.74
2023-12-22 16:00:00,183.0
2023-12-22 17:00:00,92.47
2023-12-23 08:00:00,129.0
2023-12-23 09:00:00,270.25
2023-12-23 10:00:00,415.08
2023-12-23 11:00:00,373.53
2023-12-23 12:00:00,389.66
2023-12-23 13:00:00,568.59
2023-12-23 14:00:00,161.52
2023-12-23 15:00:00,165.49
2023-12-23 16:00:00,25.45
2023-12-23 17:00:00,14.28
2023-12-24 08:00:00,114.28
2023-12-24 09:00:00,285.98
2023-12-24 10:00:00,436.98
2023-12-24 11:00:00,565.5
2023-12-24 12:00:00,604.32
2023-12-24 13:00:00,606.45
2023-12-24 14:00:00,591.26
2023-12-24 15:00:00,458.15
2023-12-24 16:00:00,309.6
2023-12-24 17:00:00,171.25
2023-12-25 08:00:00,134.76
2023-12-25 09:00:00,251.03
2023-12-25 10:00:00,445.52
2023-12-25 11:00:00,569.65
2023-12-25 12:00:00,546.39
2023-12-25 13:00:00,440.16
2023-12-25 14:00:00,412.66
2023-12-25 15:00:00,427.04
2023-12-25 16:00:00,264.95
2023-12-25 17:00:00,126.65
2023-12-26 08:00:00,119.85
2023-12-26 09:00:00,269.8
2023-12-26 10:00:00,361.58
2023-12-26 11:00:00,384.03
2023-12-26 12:00:00,533.84
2023-12-26 13:00:00,483.58
2023-12-26 14:00:00,321.73
2023-12-26 15:00:00,363.18
2023-12-26 16:00:00,271.32
2023-12-26 17:00:00,113.59
2023-12-27 08:00:00,95.22
2023-12-27 09:00:00,222.1
2023-12-27 10:00:00,282.64
2023-12-27 11:00:00,376.38
2023-12-27 12:00:00,421.31
2023-12-27 13:00:00,417.54
2023-12-27 14:00:00,243.61
2023-12-27 15:00:00,214.18
2023-12-27 16:00:00,147.2
2023-12-27 17:00:00,128.94
2023-12-28 08:00:00,77.86
2023-12-28 09:00:00,187.95
2023-12-28 10:00:00,347.46
2023-12-28 11:00:00,455.69
2023-12-28 12:00:00,483.46
2023-12-28 13:00:00,543.96
2023-12-28 14:00:00,170.02
2023-12-28 15:00:00,296.77
2023-12-28 16:00:00,239.39
2023-12-28 17:00:00,96.11
2023-12-29 08:00:00,120.03
2023-12-29 09:00:00,198.7
2023-12-29 10:00:00,334.62
2023-12-29 11:00:00,476.6
2023-12-29 12:00:00,548.22
2023-12-29 13:00:00,498.8
2023-12-29 14:00:00,588.65
2023-12-29 15:00:00,308.17
2023-12-29 16:00:00,232.11
2023-12-29 17:00:00,113.14
2023-12-30 08:00:00,44.58
2023-12-30 09:00:00,117.56
2023-12-30 10:00:00,284.24
2023-12-30 11:00:00,314.65
2023-12-30 12:00:00,371.13
2023-12-30 13:00:00,391.06
2023-12-30 14:00:00,518.08
2023-12-30 15:00:00,415.13
2023-12-30 16:00:00,358.03
2023-12-30 17:00:00,189.31
2023-12-31 08:00:00,90.56
2023-12-31 09:00:00,222.36
2023-12-31 10:00:00,280.66
2023-12-31 11:00:00,361.07
2023-12-31 12:00:00,363.85
2023-12-31 13:00:00,393.61
2023-12-31 14:00:00,297.41
2023-12-31 15:00:00,305.92
2023-12-31 16:00:00,169.92
2023-12-31 17:00:00,60.36
2024-01-01 08:00:00,29.321871999999995
2024-01-01 09:00:00,97.02451199999999
2024-01-01 10:00:00,214.30580799999998
2024-01-01 11:00:00,248.6088
2024-01-01 12:00:00,367.464584
2024-01-01 13:00:00,365.57568
2024-01-01 14:00:00,259.87136
2024-01-01 15:00:00,329.758056
2024-01-01 16:00:00,557.278624
2024-01-01 17:00:00,315.39984
2024-01-02 08:00:00,25.009832
2024-01-02 09:00:00,115.72847999999999
2024-01-02 10:00:00,337.869232
2024-01-02 11:00:00,464.77461600000004
2024-01-02 12:00:00,608.998336
2024-01-02 13:00:00,640.797696
2024-01-02 14:00:00,310.41046400000005
2024-01-02 15:00:00,550.9504000000001
2024-01-02 16:00:00,525.313112
2024-01-02 17:00:00,241.89529600000003
2024-01-03 08:00:00,17.24816
2024-01-03 09:00:00,33.580248000000005
2024-01-03 10:00:00,60.93788
2024-01-03 11:00:00,71.151584
2024-01-03 12:00:00,254.12724799999998
2024-01-03 13:00:00,400.724224
2024-01-03 14:00:00,579.43876
2024-01-03 15:00:00,540.4928
2024-01-03 16:00:00,448.086144
2024-01-03 17:00:00,247.30504000000002
2024-01-04 08:00:00,22.476272
2024-01-04 09:00:00,25.8516
2024-01-04 10:00:00,76.57061599999999
2024-01-04 11:00:00,96.32
2024-01-04 12:00:00,137.32479999999998
2024-01-04 13:00:00,289.16846400000003
2024-01-04 14:00:00,472.527
2024-01-04 15:00:00,382.741968
2024-01-04 16:00:00,138.985632
2024-01-04 17:00:00,374.616
2024-01-05 08:00:00,19.851208000000003
2024-01-05 09:00:00,114.77904
2024-01-05 10:00:00,188.29183999999998
2024-01-05 11:00:00,305.047504
2024-01-05 12:00:00,502.19596800000005
2024-01-05 13:00:00,422.46192800000006
2024-01-05 14:00:00,477.442416
2024-01-05 15:00:00,280.161856
2024-01-05 16:00:00,271.510944
2024-01-05 17:00:00,239.35519999999997
2024-01-06 08:00:00,34.578880000000005
2024-01-06 09:00:00,150.694016
2024-01-06 10:00:00,373.311552
2024-01-06 11:00:00,386.98348799999997
2024-01-06 12:00:00,455.647264
2024-01-06 13:00:00,344.938432
2024-01-06 14:00:00,289.476
2024-01-06 15:00:00,497.50931199999997
2024-01-06 16:00:00,304.56383999999997
2024-01-06 17:00:00,286.805872
2024-01-07 08:00:00,25.149496
2024-01-07 09:00:00,41.412096000000005
2024-01-07 10:00:00,46.588608
2024-01-07 11:00:00,71.551312
2024-01-07 12:00:00,117.05356799999998
2024-01-07 13:00:00,148.78
2024-01-07 14:00:00,194.126768
2024-01-07 15:00:00,253.29407999999998
2024-01-07 16:00:00,145.223728
2024-01-07 17:00:00,93.515024
2024-01-08 08:00:00,32.061832
2024-01-08 09:00:00,80.84
2024-01-08 10:00:00,167.413792
2024-01-08 11:00:00,538.01772
2024-01-08 12:00:00,555.075648
2024-01-08 13:00:00,722.2796
2024-01-08 14:00:00,605.90784
2024-01-08 15:00:00,533.760376
2024-01-08 16:00:00,535.234416
2024-01-08 17:00:00,362.07892
2024-01-09 08:00:00,29.392048000000003
2024-01-09 09:00:00,43.086
2024-01-09 10:00:00,70.576416
2024-01-09 11:00:00,127.28
2024-01-09 12:00:00,122.586464
2024-01-09 13:00:00,352.4796
2024-01-09 14:00:00,691.37808
2024-01-09 15:00:00,417.023976
2024-01-09 16:00:00,198.77696
2024-01-09 17:00:00,171.615408
2024-01-10 08:00:00,19.010815999999995
2024-01-10 09:00:00,26.777303999999997
2024-01-10 10:00:00,53.490624000000004
2024-01-10 11:00:00,118.537584
2024-01-10 12:00:00,186.505104
2024-01-10 13:00:00,304.924352
2024-01-10 14:00:00,355.75654399999996
2024-01-10 15:00:00,484.12152000000003
2024-01-10 16:00:00,462.22592
2024-01-10 17:00:00,430.13072000000005
2024-01-11 08:00:00,31.133376000000002
2024-01-11 09:00:00,160.04806399999998
2024-01-11 10:00:00,298.1104
2024-01-11 11:00:00,425.157856
2024-01-11 12:00:00,568.593472
2024-01-11 13:00:00,547.5964
2024-01-11 14:00:00,539.4931359999999
2024-01-11 15:00:00,457.07142400000004
2024-01-11 16:00:00,461.20079999999996
2024-01-11 17:00:00,301.14792000000006
2024-01-12 08:00:00,8.658479999999999
2024-01-12 09:00:00,143.90207999999998
2024-01-12 10:00:00,294.3264
2024-01-12 11:00:00,240.69335999999998
2024-01-12 12:00:00,332.7168
2024-01-12 13:00:00,503.41785600000003
2024-01-12 14:00:00,459.533776
2024-01-12 15:00:00,218.77367999999998
2024-01-12 16:00:00,104.71016
2024-01-12 17:00:00,54.18
2024-01-13 08:00:00,24.195583999999997
2024-01-13 09:00:00,120.11104
2024-01-13 10:00:00,246.55167999999998
2024-01-13 11:00:00,378.95728
2024-01-13 12:00:00,531.43872
2024-01-13 13:00:00,608.4028719999999
2024-01-13 14:00:00,642.737856
2024-01-13 15:00:00,455.462192
2024-01-13 16:00:00,327.78900000000004
2024-01-13 17:00:00,210.380768
2024-01-14 08:00:00,14.690175999999997
2024-01-14 09:00:00,83.119688
2024-01-14 10:00:00,210.459888
2024-01-14 11:00:00,170.8304
2024-01-14 12:00:00,469.112112
2024-01-14 13:00:00,403.301472
2024-01-14 14:00:00,622.4112399999999
2024-01-14 15:00:00,551.8661279999999
2024-01-14 16:00:00,477.803616
2024-01-14 17:00:00,392.60548
2024-01-15 08:00:00,25.8516
2024-01-15 09:00:00,90.75889600000001
2024-01-15 10:00:00,203.20630400000002
2024-01-15 11:00:00,354.603456
2024-01-15 12:00:00,482.55288
2024-01-15 13:00:00,517.267296
2024-01-15 14:00:00,579.769344
2024-01-15 15:00:00,352.622704
2024-01-15 16:00:00,321.699168
2024-01-15 17:00:00,258.36945599999996
2024-01-16 08:00:00,21.5602
2024-01-16 09:00:00,46.62576
2024-01-16 10:00:00,93.889984
2024-01-16 11:00:00,163.93148
2024-01-16 12:00:00,298.45921599999997
2024-01-16 13:00:00,193.34932799999999
2024-01-16 14:00:00,518.734112
2024-01-16 15:00:00,421.949024
2024-01-16 16:00:00,411.607008
2024-01-16 17:00:00,361.932032
2024-01-17 08:00:00,12.078528
2024-01-17 09:00:00,126.618144
2024-01-17 10:00:00,171.68455199999997
2024-01-17 11:00:00,263.72072000000003
2024-01-17 12:00:00,325.169784
2024-01-17 13:00:00,396.271488
2024-01-17 14:00:00,527.645088
2024-01-17 15:00:00,449.05037599999997
2024-01-17 16:00:00,357.73248
2024-01-17 17:00:00,364.28223999999994
2024-01-18 08:00:00,23.303592
2024-01-18 09:00:00,125.05776
2024-01-18 10:00:00,287.269584
2024-01-18 11:00:00,471.657024
2024-01-18 12:00:00,462.61051199999997
2024-01-18 13:00:00,490.8192
2024-01-18 14:00:00,473.29068
2024-01-18 15:00:00,373.311552
2024-01-18 16:00:00,257.95390399999997
2024-01-18 17:00:00,238.404384
2024-01-19 08:00:00,14.666784
2024-01-19 09:00:00,105.35688
2024-01-19 10:00:00,212.68384799999998
2024-01-19 11:00:00,334.909456
2024-01-19 12:00:00,527.43112
2024-01-19 13:00:00,482.88071199999996
2024-01-19 14:00:00,543.54236
2024-01-19 15:00:00,355.583512
2024-01-19 16:00:00,356.74795200000005
2024-01-19 17:00:00,154.539248
2024-01-20 08:00:00,2.5954800000000002
2024-01-20 09:00:00,15.541920000000001
2024-01-20 10:00:00,47.47028
2024-01-20 11:00:00,73.24619999999999
2024-01-20 12:00:00,98.97911999999998
2024-01-20 13:00:00,119.53999999999999
2024-01-20 14:00:00,297.963168
2024-01-20 15:00:00,235.17559999999997
2024-01-20 16:00:00,182.17414399999998
2024-01-20 17:00:00,71.38
2024-01-21 08:00:00,20.813375999999998
2024-01-21 09:00:00,153.018768
2024-01-21 10:00:00,354.89792
2024-01-21 11:00:00,499.89047999999997
2024-01-21 12:00:00,674.7904
2024-01-21 13:00:00,734.863464
2024-01-21 14:00:00,707.610064
2024-01-21 15:00:00,702.66472
2024-01-21 16:00:00,414.48422400000004
2024-01-21 17:00:00,286.07039999999995
2024-01-22 08:00:00,27.663104
2024-01-22 09:00:00,187.66197599999998
2024-01-22 10:00:00,386.067072
2024-01-22 11:00:00,557.8372800000001
2024-01-22 12:00:00,664.4263679999999
2024-01-22 13:00:00,762.97824
2024-01-22 14:00:00,733.838
2024-01-22 15:00:00,714.548544
2024-01-22 16:00:00,593.42752
2024-01-22 17:00:00,419.029152
2024-01-23 08:00:00,23.303592
2024-01-23 09:00:00,122.73404000000001
2024-01-23 10:00:00,288.122016
2024-01-23 11:00:00,413.62663200000003
2024-01-23 12:00:00,633.648
2024-01-23 13:00:00,633.7856
2024-01-23 14:00:00,632.1
2024-01-23 15:00:00,567.2112800000001
2024-01-23 16:00:00,284.98852
2024-01-23 17:00:00,312.337552
2024-01-24 08:00:00,23.285015999999995
2024-01-24 09:00:00,151.793784
2024-01-24 10:00:00,289.32429600000006
2024-01-24 11:00:00,490.916208
2024-01-24 12:00:00,513.22392
2024-01-24 13:00:00,453.400256
2024-01-24 14:00:00,315.78168
2024-01-24 15:00:00,199.71057600000003
2024-01-24 16:00:00,362.989488
2024-01-24 17:00:00,217.740992
2024-01-25 08:00:00,24.195583999999997
2024-01-25 09:00:00,117.537232
2024-01-25 10:00:00,317.57219999999995
2024-01-25 11:00:00,461.37624
2024-01-25 12:00:00,538.4546
2024-01-25 13:00:00,596.959712
2024-01-25 14:00:00,418.33702400000004
2024-01-25 15:00:00,146.23646399999998
2024-01-25 16:00:00,551.8448
2024-01-25 17:00:00,352.19648800000004
2024-01-26 08:00:00,6.041672
2024-01-26 09:00:00,101.93064
2024-01-26 10:00:00,283.745304
2024-01-26 11:00:00,363.575664
2024-01-26 12:00:00,204.50112000000001
2024-01-26 13:00:00,317.058952
2024-01-26 14:00:00,243.759432
2024-01-26 15:00:00,679.861992
2024-01-26 16:00:00,509.882304
2024-01-26 17:00:00,327.31255999999996
2024-01-27 08:00:00,25.019808000000005
2024-01-27 09:00:00,173.46268799999999
2024-01-27 10:00:00,358.56496
2024-01-27 11:00:00,471.547288
2024-01-27 12:00:00,640.99068
2024-01-27 13:00:00,647.5345920000001
2024-01-27 14:00:00,588.2455040000001
2024-01-27 15:00:00,566.51984
2024-01-27 16:00:00,556.82592
2024-01-27 17:00:00,380.73404
2024-01-28 08:00:00,24.176319999999997
2024-01-28 09:00:00,172.67768
2024-01-28 10:00:00,338.8572
2024-01-28 11:00:00,482.48924
2024-01-28 12:00:00,632.287824
2024-01-28 13:00:00,722.3201919999999
2024-01-28 14:00:00,735.3309599999999
2024-01-28 15:00:00,545.60292
2024-01-28 16:00:00,509.229392
2024-01-28 17:00:00,386.98348799999997
2024-01-29 08:00:00,25.03976
2024-01-29 09:00:00,175.81358400000002
2024-01-29 10:00:00,348.08672
2024-01-29 11:00:00,486.58799999999997
2024-01-29 12:00:00,550.8513280000001
2024-01-29 13:00:00,640.928416
2024-01-29 14:00:00,683.50392
2024-01-29 15:00:00,650.81016
2024-01-29 16:00:00,601.56312
2024-01-29 17:00:00,346.956336
2024-01-30 08:00:00,24.205216
2024-01-30 09:00:00,173.53251999999998
2024-01-30 10:00:00,347.230848
2024-01-30 11:00:00,409.379952
2024-01-30 12:00:00,638.717184
2024-01-30 13:00:00,682.1034960000001
2024-01-30 14:00:00,600.6983040000001
2024-01-30 15:00:00,498.06383999999997
2024-01-30 16:00:00,466.378
2024-01-30 17:00:00,254.05432
2024-01-31 08:00:00,24.214848
2024-01-31 09:00:00,171.753696
2024-01-31 10:00:00,358.41979200000003
2024-01-31 11:00:00,512.196048
2024-01-31 12:00:00,657.11568
2024-01-31 13:00:00,701.747616
2024-01-31 14:00:00,549.700992
2024-01-31 15:00:00,430.26453599999996
2024-01-31 16:00:00,530.607616
2024-01-31 17:00:00,440.13424000000003
2024-02-01 08:00:00,22.413663999999997
2024-02-01 09:00:00,70.209712
2024-02-01 10:00:00,290.708208
2024-02-01 11:00:00,512.404512
2024-02-01 12:00:00,598.276888
2024-02-01 13:00:00,585.32976
2024-02-01 14:00:00,483.272184
2024-02-01 15:00:00,573.662656
2024-02-01 16:00:00,530.9867039999999
2024-02-01 17:00:00,436.48233600000003
2024-02-02 08:00:00,22.431552
2024-02-02 09:00:00,140.87832
2024-02-02 10:00:00,351.76752
2024-02-02 11:00:00,548.763248
2024-02-02 12:00:00,681.268608
2024-02-02 13:00:00,681.260352
2024-02-02 14:00:00,558.4551040000001
2024-02-02 15:00:00,690.53184
2024-02-02 16:00:00,460.91596799999996
2024-02-02 17:00:00,454.536832
2024-02-03 08:00:00,21.543
2024-02-03 09:00:00,159.662096
2024-02-03 10:00:00,363.36857599999996
2024-02-03 11:00:00,540.71296
2024-02-03 12:00:00,683.236288
2024-02-03 13:00:00,748.70912
2024-02-03 14:00:00,754.4952
2024-02-03 15:00:00,711.350376
2024-02-03 16:00:00,509.909136
2024-02-03 17:00:00,406.52544
2024-02-04 08:00:00,23.368608
2024-02-04 09:00:00,148.244392
2024-02-04 10:00:00,349.784016
2024-02-04 11:00:00,523.609624
2024-02-04 12:00:00,628.800696
2024-02-04 13:00:00,712.324584
2024-02-04 14:00:00,733.471296
2024-02-04 15:00:00,578.3338319999999
2024-02-04 16:00:00,633.62736
2024-02-04 17:00:00,453.16324
2024-02-05 08:00:00,25.099616
2024-02-05 09:00:00,176.167904
2024-02-05 10:00:00,369.31152
2024-02-05 11:00:00,536.48864
2024-02-05 12:00:00,640.847232
2024-02-05 13:00:00,686.040576
2024-02-05 14:00:00,641.2190959999999
2024-02-05 15:00:00,673.1773840000001
2024-02-05 16:00:00,487.933728
2024-02-05 17:00:00,364.535424
2024-02-06 08:00:00,19.906592
2024-02-06 09:00:00,174.247008
2024-02-06 10:00:00,362.779648
2024-02-06 11:00:00,524.649536
2024-02-06 12:00:00,681.839648
2024-02-06 13:00:00,739.332368
2024-02-06 14:00:00,762.8808879999999
2024-02-06 15:00:00,683.78256
2024-02-06 16:00:00,605.32992
2024-02-06 17:00:00,357.814008
2024-02-07 08:00:00,23.294304
2024-02-07 09:00:00,141.27564
2024-02-07 10:00:00,323.859144
2024-02-07 11:00:00,470.700704
2024-02-07 12:00:00,636.896736
2024-02-07 13:00:00,679.036736
2024-02-07 14:00:00,617.100224
2024-02-07 15:00:00,496.84608
2024-02-07 16:00:00,521.054392
2024-02-07 17:00:00,381.188808
2024-02-08 08:00:00,20.72256
2024-02-08 09:00:00,120.677952
2024-02-08 10:00:00,220.423504
2024-02-08 11:00:00,444.760352
2024-02-08 12:00:00,622.8291999999999
2024-02-08 13:00:00,672.3136
2024-02-08 14:00:00,698.061312
2024-02-08 15:00:00,677.633216
2024-02-08 16:00:00,476.697312
2024-02-08 17:00:00,256.61918399999996
2024-02-09 08:00:00,21.5
2024-02-09 09:00:00,119.58127999999999
2024-02-09 10:00:00,262.125248
2024-02-09 11:00:00,443.790272
2024-02-09 12:00:00,578.1608
2024-02-09 13:00:00,713.7484000000001
2024-02-09 14:00:00,674.8454399999999
2024-02-09 15:00:00,261.58104
2024-02-09 16:00:00,197.07072
2024-02-09 17:00:00,276.5932
2024-02-10 08:00:00,24.263008
2024-02-10 09:00:00,178.52223999999998
2024-02-10 10:00:00,384.210848
2024-02-10 11:00:00,564.3691520000001
2024-02-10 12:00:00,652.67808
2024-02-10 13:00:00,752.7665999999999
2024-02-10 14:00:00,753.1274559999999
2024-02-10 15:00:00,731.92192
2024-02-10 16:00:00,615.080944
2024-02-10 17:00:00,434.436912
2024-02-11 08:00:00,23.322167999999998
2024-02-11 09:00:00,172.538704
2024-02-11 10:00:00,329.542368
2024-02-11 11:00:00,559.2999679999999
2024-02-11 12:00:00,687.4440960000001
2024-02-11 13:00:00,699.223344
2024-02-11 14:00:00,800.565744
2024-02-11 15:00:00,730.300648
2024-02-11 16:00:00,570.5154
2024-02-11 17:00:00,463.457784
2024-02-12 08:00:00,11.220248
2024-02-12 09:00:00,100.338264
2024-02-12 10:00:00,158.20904
2024-02-12 11:00:00,189.239904
2024-02-12 12:00:00,281.30256
2024-02-12 13:00:00,398.515744
2024-02-12 14:00:00,528.933024
2024-02-12 15:00:00,387.31648
2024-02-12 16:00:00,412.389264
2024-02-12 17:00:00,356.316576
2024-02-13 08:00:00,17.25504
2024-02-13 09:00:00,98.62307999999999
2024-02-13 10:00:00,198.32288
2024-02-13 11:00:00,488.049312
2024-02-13 12:00:00,536.1480799999999
2024-02-13 13:00:00,606.154144
2024-02-13 14:00:00,609.576256
2024-02-13 15:00:00,504.33152
2024-02-13 16:00:00,523.4035680000001
2024-02-13 17:00:00,410.706416
2024-02-14 08:00:00,18.950272
2024-02-14 09:00:00,143.381952
2024-02-14 10:00:00,309.28352
2024-02-14 11:00:00,498.67271999999997
2024-02-14 12:00:00,626.787264
2024-02-14 13:00:00,732.5806799999999
2024-02-14 14:00:00,744.3558
2024-02-14 15:00:00,731.4403199999999
2024-02-14 16:00:00,547.24896
2024-02-14 17:00:00,468.7086
2024-02-15 08:00:00,17.22752
2024-02-15 09:00:00,159.790752
2024-02-15 10:00:00,270.63580800000005
2024-02-15 11:00:00,454.87532799999997
2024-02-15 12:00:00,544.574704
2024-02-15 13:00:00,453.429496
2024-02-15 14:00:00,538.23616
2024-02-15 15:00:00,393.932288
2024-02-15 16:00:00,581.503104
2024-02-15 17:00:00,335.79216
2024-02-16 08:00:00,19.803736000000004
2024-02-16 09:00:00,174.176832
2024-02-16 10:00:00,362.81336
2024-02-16 11:00:00,514.932224
2024-02-16 12:00:00,608.588288
2024-02-16 13:00:00,613.4689599999999
2024-02-16 14:00:00,636.6311680000001
2024-02-16 15:00:00,691.943616
2024-02-16 16:00:00,553.4409599999999
2024-02-16 17:00:00,464.96347199999997
2024-02-17 08:00:00,23.294304
2024-02-17 09:00:00,152.10028799999998
2024-02-17 10:00:00,290.3274
2024-02-17 11:00:00,478.443456
2024-02-17 12:00:00,513.655296
2024-02-17 13:00:00,504.564064
2024-02-17 14:00:00,708.55228
2024-02-17 15:00:00,511.9752
2024-02-17 16:00:00,456.308776
2024-02-17 17:00:00,401.410504
2024-02-18 08:00:00,24.128159999999998
2024-02-18 09:00:00,181.007296
2024-02-18 10:00:00,326.99436000000003
2024-02-18 11:00:00,538.178368
2024-02-18 12:00:00,662.7421439999999
2024-02-18 13:00:00,719.375552
2024-02-18 14:00:00,723.824848
2024-02-18 15:00:00,663.0944
2024-02-18 16:00:00,611.123568
2024-02-18 17:00:00,381.878528
2024-02-19 08:00:00,23.257152
2024-02-19 09:00:00,178.93848
2024-02-19 10:00:00,358.250544
2024-02-19 11:00:00,516.0041279999999
2024-02-19 12:00:00,666.430856
2024-02-19 13:00:00,650.197152
2024-02-19 14:00:00,722.192224
2024-02-19 15:00:00,742.3698880000001
2024-02-19 16:00:00,482.671904
2024-02-19 17:00:00,386.947712
2024-02-20 08:00:00,24.999856
2024-02-20 09:00:00,184.051008
2024-02-20 10:00:00,365.17423199999996
2024-02-20 11:00:00,552.8768
2024-02-20 12:00:00,697.50816
2024-02-20 13:00:00,731.022016
2024-02-20 14:00:00,763.19152
2024-02-20 15:00:00,641.796672
2024-02-20 16:00:00,442.2894
2024-02-20 17:00:00,420.728856
2024-02-21 08:00:00,25.029784000000003
2024-02-21 09:00:00,169.907792
2024-02-21 10:00:00,366.31872
2024-02-21 11:00:00,518.7451199999999
2024-02-21 12:00:00,665.862912
2024-02-21 13:00:00,708.9344639999999
2024-02-21 14:00:00,707.839168
2024-02-21 15:00:00,380.88849600000003
2024-02-21 16:00:00,542.03392
2024-02-21 17:00:00,367.8048
2024-02-22 08:00:00,22.395776
2024-02-22 09:00:00,156.183912
2024-02-22 10:00:00,336.77668800000004
2024-02-22 11:00:00,546.5802239999999
2024-02-22 12:00:00,687.159264
2024-02-22 13:00:00,788.21924
2024-02-22 14:00:00,615.837744
2024-02-22 15:00:00,453.52753600000005
2024-02-22 16:00:00,524.233296
2024-02-22 17:00:00,351.892736
2024-02-23 08:00:00,24.089631999999998
2024-02-23 09:00:00,154.47698400000002
2024-02-23 10:00:00,342.005144
2024-02-23 11:00:00,525.921648
2024-02-23 12:00:00,684.6391199999999
2024-02-23 13:00:00,752.06656
2024-02-23 14:00:00,655.271496
2024-02-23 15:00:00,643.636384
2024-02-23 16:00:00,657.757584
2024-02-23 17:00:00,455.29776
2024-02-24 08:00:00,25.019808000000005
2024-02-24 09:00:00,93.627512
2024-02-24 10:00:00,324.840576
2024-02-24 11:00:00,535.207584
2024-02-24 12:00:00,678.196344
2024-02-24 13:00:00,751.758336
2024-02-24 14:00:00,753.876
2024-02-24 15:00:00,742.9866799999999
2024-02-24 16:00:00,639.59232
2024-02-24 17:00:00,439.278024
2024-02-25 08:00:00,27.63008
2024-02-25 09:00:00,188.387472
2024-02-25 10:00:00,391.96839200000005
2024-02-25 11:00:00,575.1624959999999
2024-02-25 12:00:00,711.7772799999999
2024-02-25 13:00:00,789.245736
2024-02-25 14:00:00,791.2447199999999
2024-02-25 15:00:00,695.81224
2024-02-25 16:00:00,585.03392
2024-02-25 17:00:00,454.838176
2024-02-26 08:00:00,24.041472
2024-02-26 09:00:00,168.372864
2024-02-26 10:00:00,345.971464
2024-02-26 11:00:00,564.21504
2024-02-26 12:00:00,638.4364800000001
2024-02-26 13:00:00,589.713696
2024-02-26 14:00:00,606.85728
2024-02-26 15:00:00,625.0669200000001
2024-02-26 16:00:00,607.6034159999999
2024-02-26 17:00:00,446.86632000000003
2024-02-27 08:00:00,25.78968
2024-02-27 09:00:00,128.0196
2024-02-27 10:00:00,205.104496
2024-02-27 11:00:00,206.973792
2024-02-27 12:00:00,321.439104
2024-02-27 13:00:00,446.80440000000004
2024-02-27 14:00:00,584.343168
2024-02-27 15:00:00,298.8414
2024-02-27 16:00:00,458.93246400000004
2024-02-27 17:00:00,138.722128
2024-02-28 08:00:00,26.596016000000002
2024-02-28 09:00:00,179.71798400000003
2024-02-28 10:00:00,385.19572000000005
2024-02-28 11:00:00,559.6192
2024-02-28 12:00:00,697.794024
2024-02-28 13:00:00,723.2317919999999
2024-02-28 14:00:00,816.865152
2024-02-28 15:00:00,739.561472
2024-02-28 16:00:00,637.39072
2024-02-28 17:00:00,414.488352
2024-02-29 08:00:00,28.414056000000002
2024-02-29 09:00:00,188.23542400000002
2024-02-29 10:00:00,384.036784
2024-02-29 11:00:00,563.9845600000001
2024-02-29 12:00:00,662.0073600000001
2024-02-29 13:00:00,721.9376639999999
2024-02-29 14:00:00,800.657592
2024-02-29 15:00:00,621.344152
2024-02-29 16:00:00,623.27296
2024-02-29 17:00:00,430.94462400000003
2024-03-01 08:00:00,28.334591999999997
2024-03-01 09:00:00,186.07992000000002
2024-03-01 10:00:00,388.32095999999996
2024-03-01 11:00:00,540.372056
2024-03-01 12:00:00,609.80192
2024-03-01 13:00:00,686.572744
2024-03-01 14:00:00,672.063168
2024-03-01 15:00:00,497.25199999999995
2024-03-01 16:00:00,397.89448
2024-03-01 17:00:00,244.90598400000002
2024-03-02 08:00:00,28.414056000000002
2024-03-02 09:00:00,155.080016
2024-03-02 10:00:00,274.961952
2024-03-02 11:00:00,478.7104
2024-03-02 12:00:00,639.6442639999999
2024-03-02 13:00:00,702.75072
2024-03-02 14:00:00,710.027008
2024-03-02 15:00:00,581.266432
2024-03-02 16:00:00,452.953056
2024-03-02 17:00:00,438.484416
2024-03-03 08:00:00,14.684327999999999
2024-03-03 09:00:00,62.78
2024-03-03 10:00:00,153.139512
2024-03-03 11:00:00,299.81388799999996
2024-03-03 12:00:00,437.23087999999996
2024-03-03 13:00:00,624.69024
2024-03-03 14:00:00,680.4264959999999
2024-03-03 15:00:00,686.32128
2024-03-03 16:00:00,615.369216
2024-03-03 17:00:00,275.587
2024-03-04 08:00:00,16.385752
2024-03-04 09:00:00,156.372768
2024-03-04 10:00:00,372.25444
2024-03-04 11:00:00,549.3346319999999
2024-03-04 12:00:00,642.847936
2024-03-04 13:00:00,636.636672
2024-03-04 14:00:00,592.4763599999999
2024-03-04 15:00:00,466.99032000000005
2024-03-04 16:00:00,443.674688
2024-03-04 17:00:00,267.629248
2024-03-05 08:00:00,28.470816000000003
2024-03-05 09:00:00,152.59014399999998
2024-03-05 10:00:00,351.20198400000004
2024-03-05 11:00:00,459.69511200000005
2024-03-05 12:00:00,493.19968
2024-03-05 13:00:00,688.00344
2024-03-05 14:00:00,551.574072
2024-03-05 15:00:00,315.997024
2024-03-05 16:00:00,454.137792
2024-03-05 17:00:00,354.44728000000003
2024-03-06 08:00:00,29.356959999999997
2024-03-06 09:00:00,165.905696
2024-03-06 10:00:00,362.07892
2024-03-06 11:00:00,529.2784
2024-03-06 12:00:00,493.915888
2024-03-06 13:00:00,374.58675999999997
2024-03-06 14:00:00,466.41756
2024-03-06 15:00:00,594.023328
2024-03-06 16:00:00,468.51768000000004
2024-03-06 17:00:00,419.052544
2024-03-07 08:00:00,23.22
2024-03-07 09:00:00,178.014496
2024-03-07 10:00:00,378.26928000000004
2024-03-07 11:00:00,537.7063999999999
2024-03-07 12:00:00,645.685248
2024-03-07 13:00:00,607.6034159999999
2024-03-07 14:00:00,701.70496
2024-03-07 15:00:00,598.520784
2024-03-07 16:00:00,326.29672800000003
2024-03-07 17:00:00,408.248192
2024-03-08 08:00:00,13.837056
2024-03-08 09:00:00,137.573856
2024-03-08 10:00:00,312.429056
2024-03-08 11:00:00,493.802368
2024-03-08 12:00:00,462.985472
2024-03-08 13:00:00,527.395
2024-03-08 14:00:00,601.447536
2024-03-08 15:00:00,464.77496
2024-03-08 16:00:00,337.924272
2024-03-08 17:00:00,221.67669600000002
2024-03-09 08:00:00,31.845456
2024-03-09 09:00:00,171.47711999999999
2024-03-09 10:00:00,379.423744
2024-03-09 11:00:00,523.5924239999999
2024-03-09 12:00:00,698.3657519999999
2024-03-09 13:00:00,726.88576
2024-03-09 14:00:00,738.263904
2024-03-09 15:00:00,433.94912
2024-03-09 16:00:00,269.36575999999997
2024-03-09 17:00:00,357.8976
2024-03-10 08:00:00,24.999856
2024-03-10 09:00:00,111.17392
2024-03-10 10:00:00,242.090688
2024-03-10 11:00:00,527.421832
2024-03-10 12:00:00,655.6984
2024-03-10 13:00:00,548.938
2024-03-10 14:00:00,557.335728
2024-03-10 15:00:00,456.0408
2024-03-10 16:00:00,506.5056
2024-03-10 17:00:00,240.556792
2024-03-11 08:00:00,25.009832
2024-03-11 09:00:00,146.295288
2024-03-11 10:00:00,346.388736
2024-03-11 11:00:00,552.9352799999999
2024-03-11 12:00:00,676.2283199999999
2024-03-11 13:00:00,808.3226
2024-03-11 14:00:00,773.459232
2024-03-11 15:00:00,679.04224
2024-03-11 16:00:00,576.8766479999999
2024-03-11 17:00:00,324.031488
2024-03-12 08:00:00,24.959951999999998
2024-03-12 09:00:00,170.3488
2024-03-12 10:00:00,325.748736
2024-03-12 11:00:00,469.09044
2024-03-12 12:00:00,633.851304
2024-03-12 13:00:00,532.839144
2024-03-12 14:00:00,574.45764
2024-03-12 15:00:00,574.828128
2024-03-12 16:00:00,540.194208
2024-03-12 17:00:00,435.594816
2024-03-13 08:00:00,28.448112
2024-03-13 09:00:00,217.041984
2024-03-13 10:00:00,429.06775999999996
2024-03-13 11:00:00,609.841824
2024-03-13 12:00:00,747.6427199999999
2024-03-13 13:00:00,793.058288
2024-03-13 14:00:00,807.153344
2024-03-13 15:00:00,739.332368
2024-03-13 16:00:00,610.3027840000001
2024-03-13 17:00:00,450.45011199999993
2024-03-14 08:00:00,37.127919999999996
2024-03-14 09:00:00,194.74665599999997
2024-03-14 10:00:00,404.641008
2024-03-14 11:00:00,577.7892800000001
2024-03-14 12:00:00,680.999944
2024-03-14 13:00:00,787.248128
2024-03-14 14:00:00,811.0102719999999
2024-03-14 15:00:00,739.1803199999999
2024-03-14 16:00:00,631.8987599999999
2024-03-14 17:00:00,462.4048
2024-03-15 08:00:00,35.499767999999996
2024-03-15 09:00:00,207.558936
2024-03-15 10:00:00,423.808
2024-03-15 11:00:00,558.844512
2024-03-15 12:00:00,739.30932
2024-03-15 13:00:00,790.67712
2024-03-15 14:00:00,782.87176
2024-03-15 15:00:00,723.4237439999999
2024-03-15 16:00:00,559.5435200000001
2024-03-15 17:00:00,456.519648
2024-03-16 08:00:00,37.113127999999996
2024-03-16 09:00:00,147.649272
2024-03-16 10:00:00,361.78514399999995
2024-03-16 11:00:00,592.004736
2024-03-16 12:00:00,728.265888
2024-03-16 13:00:00,779.2023119999999
2024-03-16 14:00:00,776.250104
2024-03-16 15:00:00,770.919136
2024-03-16 16:00:00,632.4182
2024-03-16 17:00:00,470.81216
2024-03-17 08:00:00,38.7774
2024-03-17 09:00:00,219.749952
2024-03-17 10:00:00,430.210872
2024-03-17 11:00:00,575.29872
2024-03-17 12:00:00,689.660832
2024-03-17 13:00:00,732.868608
2024-03-17 14:00:00,772.5066959999999
2024-03-17 15:00:00,584.07244
2024-03-17 16:00:00,500.87363199999993
2024-03-17 17:00:00,442.40808
2024-03-18 08:00:00,38.83932000000001
2024-03-18 09:00:00,220.60169600000003
2024-03-18 10:00:00,429.86068
2024-03-18 11:00:00,577.349304
2024-03-18 12:00:00,707.8058
2024-03-18 13:00:00,746.868032
2024-03-18 14:00:00,769.8823199999999
2024-03-18 15:00:00,759.85128
2024-03-18 16:00:00,543.956192
2024-03-18 17:00:00,403.55328000000003
2024-03-19 08:00:00,38.60712
2024-03-19 09:00:00,214.707944
2024-03-19 10:00:00,406.561216
2024-03-19 11:00:00,564.281088
2024-03-19 12:00:00,704.744544
2024-03-19 13:00:00,734.843856
2024-03-19 14:00:00,797.6465599999999
2024-03-19 15:00:00,697.70596
2024-03-19 16:00:00,486.188616
2024-03-19 17:00:00,339.22046399999994
2024-03-20 08:00:00,37.749184
2024-03-20 09:00:00,211.227696
2024-03-20 10:00:00,405.03936
2024-03-20 11:00:00,578.31904
2024-03-20 12:00:00,706.93376
2024-03-20 13:00:00,737.9739119999999
2024-03-20 14:00:00,545.6431680000001
2024-03-20 15:00:00,558.7764
2024-03-20 16:00:00,628.500728
2024-03-20 17:00:00,346.956336
2024-03-21 08:00:00,40.355328
2024-03-21 09:00:00,95.84183999999999
2024-03-21 10:00:00,209.084576
2024-03-21 11:00:00,510.07528800000006
2024-03-21 12:00:00,679.59264
2024-03-21 13:00:00,726.0986879999999
2024-03-21 14:00:00,609.3444
2024-03-21 15:00:00,658.026936
2024-03-21 16:00:00,665.26848
2024-03-21 17:00:00,401.11776
2024-03-22 08:00:00,40.403832
2024-03-22 09:00:00,220.06712000000002
2024-03-22 10:00:00,416.687544
2024-03-22 11:00:00,586.472528
2024-03-22 12:00:00,677.085912
2024-03-22 13:00:00,709.5165119999999
2024-03-22 14:00:00,766.963136
2024-03-22 15:00:00,632.67792
2024-03-22 16:00:00,544.796928
2024-03-22 17:00:00,370.14021600000007
2024-03-23 08:00:00,43.0688
2024-03-23 09:00:00,226.956408
2024-03-23 10:00:00,433.062288
2024-03-23 11:00:00,613.5721599999999
2024-03-23 12:00:00,748.8945359999999
2024-03-23 13:00:00,822.302072
2024-03-23 14:00:00,787.055488
2024-03-23 15:00:00,657.3275839999999
2024-03-23 16:00:00,564.520512
2024-03-23 17:00:00,409.93791999999996
2024-03-24 08:00:00,42.072576
2024-03-24 09:00:00,224.043072
2024-03-24 10:00:00,431.5136
2024-03-24 11:00:00,594.374552
2024-03-24 12:00:00,744.633408
2024-03-24 13:00:00,816.298928
2024-03-24 14:00:00,825.8669439999999
2024-03-24 15:00:00,759.5158799999999
2024-03-24 16:00:00,613.817776
2024-03-24 17:00:00,464.841008
2024-03-25 08:00:00,42.8452
2024-03-25 09:00:00,224.89172000000002
2024-03-25 10:00:00,417.858176
2024-03-25 11:00:00,589.456384
2024-03-25 12:00:00,740.158656
2024-03-25 13:00:00,796.527184
2024-03-25 14:00:00,806.829984
2024-03-25 15:00:00,757.0256639999999
2024-03-25 16:00:00,572.36956
2024-03-25 17:00:00,382.01543999999996
2024-03-26 08:00:00,37.62809599999999
2024-03-26 09:00:00,225.09984
2024-03-26 10:00:00,418.34390399999995
2024-03-26 11:00:00,579.054168
2024-03-26 12:00:00,699.57216
2024-03-26 13:00:00,753.811328
2024-03-26 14:00:00,772.156504
2024-03-26 15:00:00,711.0768959999999
2024-03-26 16:00:00,608.291416
2024-03-26 17:00:00,474.02099200000004
2024-03-27 08:00:00,43.912632
2024-03-27 09:00:00,213.09699199999997
2024-03-27 10:00:00,409.941016
2024-03-27 11:00:00,571.168312
2024-03-27 12:00:00,673.199744
2024-03-27 13:00:00,658.763784
2024-03-27 14:00:00,655.4108160000001
2024-03-27 15:00:00,464.388992
2024-03-27 16:00:00,605.544576
2024-03-27 17:00:00,446.29699999999997
2024-03-28 08:00:00,37.76432
2024-03-28 09:00:00,193.413312
2024-03-28 10:00:00,401.85151199999996
2024-03-28 11:00:00,572.710464
2024-03-28 12:00:00,700.404984
2024-03-28 13:00:00,797.368608
2024-03-28 14:00:00,721.696864
2024-03-28 15:00:00,632.896704
2024-03-28 16:00:00,617.70016
2024-03-28 17:00:00,425.346368
2024-03-29 08:00:00,44.36224
2024-03-29 09:00:00,207.75019999999998
2024-03-29 10:00:00,328.51828
2024-03-29 11:00:00,470.858256
2024-03-29 12:00:00,624.48384
2024-03-29 13:00:00,762.3590399999999
2024-03-29 14:00:00,754.63968
2024-03-29 15:00:00,735.383592
2024-03-29 16:00:00,625.392
2024-03-29 17:00:00,448.51958399999995
2024-03-30 08:00:00,44.523232
2024-03-30 09:00:00,163.006464
2024-03-30 10:00:00,391.21881600000006
2024-03-30 11:00:00,549.2813120000001
2024-03-30 12:00:00,610.72384
2024-03-30 13:00:00,743.13288
2024-03-30 14:00:00,740.777856
2024-03-30 15:00:00,693.2810880000001
2024-03-30 16:00:00,578.2168720000001
2024-03-30 17:00:00,263.394608
2024-03-31 08:00:00,37.68864
2024-03-31 09:00:00,176.59584
2024-03-31 10:00:00,323.657904
2024-03-31 11:00:00,530.070288
2024-03-31 12:00:00,701.01696
2024-03-31 13:00:00,728.6497919999999
2024-03-31 14:00:00,724.204624
2024-03-31 15:00:00,685.759184
2024-03-31 16:00:00,403.566696
2024-03-31 17:00:00,381.59576
2024-04-01 08:00:00,47.98662399999999
2024-04-01 09:00:00,227.529856
2024-04-01 10:00:00,424.44749599999994
2024-04-01 11:00:00,605.4265839999999
2024-04-01 12:00:00,705.550536
2024-04-01 13:00:00,773.025792
2024-04-01 14:00:00,664.2984
2024-04-01 15:00:00,467.94492
2024-04-01 16:00:00,564.676
2024-04-01 17:00:00,357.66849599999995
2024-04-02 08:00:00,44.737888
2024-04-02 09:00:00,226.884512
2024-04-02 10:00:00,432.49193600000007
2024-04-02 11:00:00,603.648448
2024-04-02 12:00:00,607.906824
2024-04-02 13:00:00,606.0179199999999
2024-04-02 14:00:00,800.1261119999999
2024-04-02 15:00:00,741.3114
2024-04-02 16:00:00,565.1748
2024-04-02 17:00:00,476.56108800000004
2024-04-03 08:00:00,45.488839999999996
2024-04-03 09:00:00,143.828464
2024-04-03 10:00:00,377.807976
2024-04-03 11:00:00,581.551264
2024-04-03 12:00:00,684.908128
2024-04-03 13:00:00,785.11808
2024-04-03 14:00:00,748.76416
2024-04-03 15:00:00,652.754448
2024-04-03 16:00:00,617.924448
2024-04-03 17:00:00,352.178944
2024-04-04 08:00:00,44.773664000000004
2024-04-04 09:00:00,185.380224
2024-04-04 10:00:00,309.346128
2024-04-04 11:00:00,600.38836
2024-04-04 12:00:00,707.770368
2024-04-04 13:00:00,752.729104
2024-04-04 14:00:00,745.80576
2024-04-04 15:00:00,462.886056
2024-04-04 16:00:00,419.905664
2024-04-04 17:00:00,362.889384
2024-04-05 08:00:00,31.896368
2024-04-05 09:00:00,224.09914400000002
2024-04-05 10:00:00,414.15191999999996
2024-04-05 11:00:00,595.48464
2024-04-05 12:00:00,713.1243840000001
2024-04-05 13:00:00,736.748584
2024-04-05 14:00:00,772.072224
2024-04-05 15:00:00,668.736
2024-04-05 16:00:00,590.6136
2024-04-05 17:00:00,425.61744
2024-04-06 08:00:00,52.56492
2024-04-06 09:00:00,239.415744
2024-04-06 10:00:00,422.587488
2024-04-06 11:00:00,596.18984
2024-04-06 12:00:00,735.6095999999999
2024-04-06 13:00:00,768.8152319999999
2024-04-06 14:00:00,757.762512
2024-04-06 15:00:00,687.060192
2024-04-06 16:00:00,600.802192
2024-04-06 17:00:00,457.03152
2024-04-07 08:00:00,52.229176
2024-04-07 09:00:00,228.76343999999997
2024-04-07 10:00:00,380.1028
2024-04-07 11:00:00,557.94564
2024-04-07 12:00:00,700.212688
2024-04-07 13:00:00,754.01704
2024-04-07 14:00:00,701.747616
2024-04-07 15:00:00,512.213248
2024-04-07 16:00:00,451.45011999999997
2024-04-07 17:00:00,386.632608
2024-04-08 08:00:00,34.427519999999994
2024-04-08 09:00:00,123.146496
2024-04-08 10:00:00,234.3242
2024-04-08 11:00:00,438.17412800000005
2024-04-08 12:00:00,734.139
2024-04-08 13:00:00,774.699008
2024-04-08 14:00:00,773.5442
2024-04-08 15:00:00,473.6536
2024-04-08 16:00:00,444.67848000000004
2024-04-08 17:00:00,417.316032
2024-04-09 08:00:00,45.525304
2024-04-09 09:00:00,234.980208
2024-04-09 10:00:00,431.826984
2024-04-09 11:00:00,585.1529439999999
2024-04-09 12:00:00,669.0112
2024-04-09 13:00:00,707.4415039999999
2024-04-09 14:00:00,680.43372
2024-04-09 15:00:00,675.145408
2024-04-09 16:00:00,555.20052
2024-04-09 17:00:00,399.044128
2024-04-10 08:00:00,35.302312
2024-04-10 09:00:00,157.353856
2024-04-10 10:00:00,177.377408
2024-04-10 11:00:00,360.383
2024-04-10 12:00:00,351.47512
2024-04-10 13:00:00,363.43944
2024-04-10 14:00:00,409.59219999999993
2024-04-10 15:00:00,482.024496
2024-04-10 16:00:00,247.50456000000003
2024-04-10 17:00:00,102.41568000000001
2024-04-11 08:00:00,48.06368
2024-04-11 09:00:00,54.731775999999996
2024-04-11 10:00:00,66.650688
2024-04-11 11:00:00,195.34727999999998
2024-04-11 12:00:00,429.625728
2024-04-11 13:00:00,344.27176
2024-04-11 14:00:00,433.68767999999994
2024-04-11 15:00:00,357.05548799999997
2024-04-11 16:00:00,407.08272
2024-04-11 17:00:00,317.34653599999996
2024-04-12 08:00:00,24.910072000000003
2024-04-12 09:00:00,38.7
2024-04-12 10:00:00,65.438432
2024-04-12 11:00:00,57.689144000000006
2024-04-12 12:00:00,98.07921599999999
2024-04-12 13:00:00,20.656512
2024-04-12 14:00:00,47.31892
2024-04-12 15:00:00,68.74495999999999
2024-04-12 16:00:00,72.89532
2024-04-12 17:00:00,114.686848
2024-04-13 08:00:00,49.800192
2024-04-13 09:00:00,224.224704
2024-04-13 10:00:00,423.603664
2024-04-13 11:00:00,548.8327360000001
2024-04-13 12:00:00,654.129416
2024-04-13 13:00:00,698.38192
2024-04-13 14:00:00,665.61248
2024-04-13 15:00:00,607.494024
2024-04-13 16:00:00,471.818016
2024-04-13 17:00:00,388.63743999999997
2024-04-14 08:00:00,20.656512
2024-04-14 09:00:00,94.734504
2024-04-14 10:00:00,247.25688
2024-04-14 11:00:00,271.23712
2024-04-14 12:00:00,269.21371200000004
2024-04-14 13:00:00,420.239344
2024-04-14 14:00:00,501.03187199999996
2024-04-14 15:00:00,401.3104
2024-04-14 16:00:00,351.76063999999997
2024-04-14 17:00:00,278.639312
2024-04-15 08:00:00,28.334591999999997
2024-04-15 09:00:00,61.870464
2024-04-15 10:00:00,102.053448
2024-04-15 11:00:00,264.999368
2024-04-15 12:00:00,195.82199999999997
2024-04-15 13:00:00,247.905664
2024-04-15 14:00:00,338.65252
2024-04-15 15:00:00,222.380176
2024-04-15 16:00:00,180.175848
2024-04-15 17:00:00,210.28547999999998
2024-04-16 08:00:00,54.731775999999996
2024-04-16 09:00:00,53.149376000000004
2024-04-16 10:00:00,95.74207999999999
2024-04-16 11:00:00,163.86508800000001
2024-04-16 12:00:00,374.860584
2024-04-16 13:00:00,465.15232799999995
2024-04-16 14:00:00,482.417344
2024-04-16 15:00:00,565.057152
2024-04-16 16:00:00,356.968112
2024-04-16 17:00:00,245.35868799999997
2024-04-17 08:00:00,39.591648
2024-04-17 09:00:00,166.3584
2024-04-17 10:00:00,325.163936
2024-04-17 11:00:00,498.232744
2024-04-17 12:00:00,689.6897280000001
2024-04-17 13:00:00,711.58464
2024-04-17 14:00:00,380.502528
2024-04-17 15:00:00,315.64752
2024-04-17 16:00:00,334.09623999999997
2024-04-17 17:00:00,281.29430399999995
2024-04-18 08:00:00,42.241136
2024-04-18 09:00:00,98.78132
2024-04-18 10:00:00,300.665632
2024-04-18 11:00:00,459.134736
2024-04-18 12:00:00,540.856752
2024-04-18 13:00:00,666.703648
2024-04-18 14:00:00,551.35804
2024-04-18 15:00:00,373.798656
2024-04-18 16:00:00,269.840824
2024-04-18 17:00:00,258.52838399999996
2024-04-19 08:00:00,48.179263999999996
2024-04-19 09:00:00,128.12279999999998
2024-04-19 10:00:00,236.772792
2024-04-19 11:00:00,522.7379279999999
2024-04-19 12:00:00,606.85728
2024-04-19 13:00:00,594.26688
2024-04-19 14:00:00,502.7188479999999
2024-04-19 15:00:00,209.698272
2024-04-19 16:00:00,253.951464
2024-04-19 17:00:00,305.38944000000004
2024-04-20 08:00:00,44.702112
2024-04-20 09:00:00,128.97695199999998
2024-04-20 10:00:00,249.560992
2024-04-20 11:00:00,236.97609599999998
2024-04-20 12:00:00,304.554896
2024-04-20 13:00:00,534.171456
2024-04-20 14:00:00,592.4884000000001
2024-04-20 15:00:00,555.56688
2024-04-20 16:00:00,355.27632
2024-04-20 17:00:00,260.85175999999996
2024-04-21 08:00:00,49.840096
2024-04-21 09:00:00,226.86456
2024-04-21 10:00:00,434.21916
2024-04-21 11:00:00,590.795576
2024-04-21 12:00:00,681.280992
2024-04-21 13:00:00,729.9439199999999
2024-04-21 14:00:00,476.43312
2024-04-21 15:00:00,475.852104
2024-04-21 16:00:00,446.86632000000003
2024-04-21 17:00:00,401.33654400000006
2024-04-22 08:00:00,54.028296
2024-04-22 09:00:00,212.42
2024-04-22 10:00:00,431.689728
2024-04-22 11:00:00,508.22903999999994
2024-04-22 12:00:00,618.686064
2024-04-22 13:00:00,597.23732
2024-04-22 14:00:00,687.440656
2024-04-22 15:00:00,475.66187199999996
2024-04-22 16:00:00,471.652896
2024-04-22 17:00:00,324.21312
2024-04-23 08:00:00,30.112039999999997
2024-04-23 09:00:00,224.406336
2024-04-23 10:00:00,436.39220800000004
2024-04-23 11:00:00,588.264768
2024-04-23 12:00:00,714.958592
2024-04-23 13:00:00,778.1156159999999
2024-04-23 14:00:00,742.215432
2024-04-23 15:00:00,606.949472
2024-04-23 16:00:00,388.782952
2024-04-23 17:00:00,403.38815999999997
2024-04-24 08:00:00,42.207424
2024-04-24 09:00:00,141.275296
2024-04-24 10:00:00,369.89976
2024-04-24 11:00:00,360.0906
2024-04-24 12:00:00,400.30248
2024-04-24 13:00:00,636.69756
2024-04-24 14:00:00,703.3836799999999
2024-04-24 15:00:00,632.3586879999999
2024-04-24 16:00:00,534.453192
2024-04-24 17:00:00,372.14126400000004
2024-04-25 08:00:00,51.24912
2024-04-25 09:00:00,231.39847999999998
2024-04-25 10:00:00,404.21376
2024-04-25 11:00:00,566.192352
2024-04-25 12:00:00,642.997576
2024-04-25 13:00:00,782.55012
2024-04-25 14:00:00,631.8987599999999
2024-04-25 15:00:00,413.308088
2024-04-25 16:00:00,318.5784
2024-04-25 17:00:00,207.41308
2024-04-26 08:00:00,51.57936
2024-04-26 09:00:00,208.76740800000002
2024-04-26 10:00:00,421.4
2024-04-26 11:00:00,579.760056
2024-04-26 12:00:00,631.0618079999999
2024-04-26 13:00:00,740.320336
2024-04-26 14:00:00,760.476672
2024-04-26 15:00:00,643.1682
2024-04-26 16:00:00,556.035408
2024-04-26 17:00:00,291.47808
2024-04-27 08:00:00,53.234688
2024-04-27 09:00:00,210.03814400000002
2024-04-27 10:00:00,380.323648
2024-04-27 11:00:00,577.9716
2024-04-27 12:00:00,649.9707999999999
2024-04-27 13:00:00,635.246568
2024-04-27 14:00:00,736.2855599999999
2024-04-27 15:00:00,638.543808
2024-04-27 16:00:00,509.282712
2024-04-27 17:00:00,327.18012
2024-04-28 08:00:00,50.394968
2024-04-28 09:00:00,182.3114
2024-04-28 10:00:00,345.127288
2024-04-28 11:00:00,552.58956
2024-04-28 12:00:00,626.16256
2024-04-28 13:00:00,724.932872
2024-04-28 14:00:00,528.023488
2024-04-28 15:00:00,661.08888
2024-04-28 16:00:00,579.8704799999999
2024-04-28 17:00:00,403.88352000000003
2024-04-29 08:00:00,43.719648
2024-04-29 09:00:00,210.550016
2024-04-29 10:00:00,406.906248
2024-04-29 11:00:00,598.218408
2024-04-29 12:00:00,671.78728
2024-04-29 13:00:00,726.474336
2024-04-29 14:00:00,631.0618079999999
2024-04-29 15:00:00,566.709728
2024-04-29 16:00:00,582.2791679999999
2024-04-29 17:00:00,429.04780800000003
2024-04-30 08:00:00,57.066848
2024-04-30 09:00:00,217.97491200000002
2024-04-30 10:00:00,408.25748
2024-04-30 11:00:00,573.651648
2024-04-30 12:00:00,636.34496
2024-04-30 13:00:00,681.560664
2024-04-30 14:00:00,609.714544
2024-04-30 15:00:00,522.706968
2024-04-30 16:00:00,470.04159999999996
2024-04-30 17:00:00,320.32041599999997
2024-05-01 08:00:00,53.876591999999995
2024-05-01 09:00:00,155.617344
2024-05-01 10:00:00,387.896464
2024-05-01 11:00:00,552.61536
2024-05-01 12:00:00,602.413488
2024-05-01 13:00:00,614.309696
2024-05-01 14:00:00,617.76896
2024-05-01 15:00:00,666.487616
2024-05-01 16:00:00,509.486016
2024-05-01 17:00:00,299.68248
2024-05-02 08:00:00,48.044416
2024-05-02 09:00:00,176.304128
2024-05-02 10:00:00,410.108544
2024-05-02 11:00:00,515.1602959999999
2024-05-02 12:00:00,641.8472399999999
2024-05-02 13:00:00,592.973096
2024-05-02 14:00:00,383.568256
2024-05-02 15:00:00,179.62166399999998
2024-05-02 16:00:00,287.864016
2024-05-02 17:00:00,362.10816
2024-05-03 08:00:00,41.048832
2024-05-03 09:00:00,95.38363199999999
2024-05-03 10:00:00,308.082272
2024-05-03 11:00:00,534.553296
2024-05-03 12:00:00,684.637056
2024-05-03 13:00:00,692.159304
2024-05-03 14:00:00,700.212688
2024-05-03 15:00:00,673.1969919999999
2024-05-03 16:00:00,481.54461599999996
2024-05-03 17:00:00,262.76096
2024-05-04 08:00:00,16.418432
2024-05-04 09:00:00,22.395776
2024-05-04 10:00:00,46.477152
2024-05-04 11:00:00,116.63251199999999
2024-05-04 12:00:00,81.56927999999999
2024-05-04 13:00:00,40.355328
2024-05-04 14:00:00,30.910464
2024-05-04 15:00:00,51.53808
2024-05-04 16:00:00,77.24520000000001
2024-05-04 17:00:00,105.31456800000001
2024-05-05 08:00:00,54.577664
2024-05-05 09:00:00,238.833696
2024-05-05 10:00:00,425.614
2024-05-05 11:00:00,542.7184800000001
2024-05-05 12:00:00,644.003776
2024-05-05 13:00:00,706.243352
2024-05-05 14:00:00,591.5210720000001
2024-05-05 15:00:00,500.214528
2024-05-05 16:00:00,506.33016000000003
2024-05-05 17:00:00,380.94559999999996
2024-05-06 08:00:00,59.549839999999996
2024-05-06 09:00:00,235.237176
2024-05-06 10:00:00,413.13436800000005
2024-05-06 11:00:00,572.94576
2024-05-06 12:00:00,655.630976
2024-05-06 13:00:00,724.1461439999999
2024-05-06 14:00:00,716.333904
2024-05-06 15:00:00,662.04864
2024-05-06 16:00:00,579.760056
2024-05-06 17:00:00,347.36604
2024-05-07 08:00:00,46.34712
2024-05-07 09:00:00,59.959199999999996
2024-05-07 10:00:00,326.673408
2024-05-07 11:00:00,334.77392
2024-05-07 12:00:00,567.51744
2024-05-07 13:00:00,566.2893600000001
2024-05-07 14:00:00,574.4153279999999
2024-05-07 15:00:00,541.0776
2024-05-07 16:00:00,480.140408
2024-05-07 17:00:00,297.27103999999997
2024-05-08 08:00:00,35.288208
2024-05-08 09:00:00,121.63152000000001
2024-05-08 10:00:00,258.078432
2024-05-08 11:00:00,335.79216
2024-05-08 12:00:00,420.57095999999996
2024-05-08 13:00:00,465.035712
2024-05-08 14:00:00,591.2792400000001
2024-05-08 15:00:00,332.876416
2024-05-08 16:00:00,268.25808
2024-05-08 17:00:00,232.6214
2024-05-09 08:00:00,61.474176
2024-05-09 09:00:00,237.13984
2024-05-09 10:00:00,411.792768
2024-05-09 11:00:00,557.3350399999999
2024-05-09 12:00:00,686.5827200000001
2024-05-09 13:00:00,772.9078000000001
2024-05-09 14:00:00,732.26592
2024-05-09 15:00:00,652.28592
2024-05-09 16:00:00,564.337504
2024-05-09 17:00:00,435.09223199999997
2024-05-10 08:00:00,62.774496000000006
2024-05-10 09:00:00,196.77316
2024-05-10 10:00:00,400.0032
2024-05-10 11:00:00,340.769152
2024-05-10 12:00:00,567.872448
2024-05-10 13:00:00,368.75458399999997
2024-05-10 14:00:00,278.625208
2024-05-10 15:00:00,443.3128
2024-05-10 16:00:00,313.572168
2024-05-10 17:00:00,275.028
2024-05-11 08:00:00,50.658816
2024-05-11 09:00:00,227.453488
2024-05-11 10:00:00,425.23835199999996
2024-05-11 11:00:00,586.348
2024-05-11 12:00:00,688.245272
2024-05-11 13:00:00,753.5932320000001
2024-05-11 14:00:00,754.5251280000001
2024-05-11 15:00:00,694.38464
2024-05-11 16:00:00,575.8229759999999
2024-05-11 17:00:00,341.618144
2024-05-12 08:00:00,37.68864
2024-05-12 09:00:00,207.921168
2024-05-12 10:00:00,392.623712
2024-05-12 11:00:00,521.0289359999999
2024-05-12 12:00:00,639.9067359999999
2024-05-12 13:00:00,708.09648
2024-05-12 14:00:00,715.5939599999999
2024-05-12 15:00:00,531.532632
2024-05-12 16:00:00,346.24150399999996
2024-05-12 17:00:00,257.36876
2024-05-13 08:00:00,54.223344
2024-05-13 09:00:00,238.833696
2024-05-13 10:00:00,419.37177599999995
2024-05-13 11:00:00,559.242864
2024-05-13 12:00:00,649.1709999999999
2024-05-13 13:00:00,686.29032
2024-05-13 14:00:00,716.038752
2024-05-13 15:00:00,615.893472
2024-05-13 16:00:00,550.191192
2024-05-13 17:00:00,352.721776
2024-05-14 08:00:00,62.729776
2024-05-14 09:00:00,238.373424
2024-05-14 10:00:00,423.730944
2024-05-14 11:00:00,577.4968799999999
2024-05-14 12:00:00,699.3478719999999
2024-05-14 13:00:00,753.3943999999999
2024-05-14 14:00:00,692.337152
2024-05-14 15:00:00,655.140432
2024-05-14 16:00:00,456.0408
2024-05-14 17:00:00,284.221056
2024-05-15 08:00:00,47.0162
2024-05-15 09:00:00,226.700128
2024-05-15 10:00:00,419.527264
2024-05-15 11:00:00,566.1036
2024-05-15 12:00:00,666.487616
2024-05-15 13:00:00,686.8551679999999
2024-05-15 14:00:00,729.457848
2024-05-15 15:00:00,663.1573520000001
2024-05-15 16:00:00,560.003104
2024-05-15 17:00:00,379.546208
2024-05-16 08:00:00,40.225984000000004
2024-05-16 09:00:00,154.41472
2024-05-16 10:00:00,292.5462
2024-05-16 11:00:00,473.31647999999996
2024-05-16 12:00:00,610.685312
2024-05-16 13:00:00,671.456352
2024-05-16 14:00:00,653.77716
2024-05-16 15:00:00,328.741536
2024-05-16 16:00:00,327.940704
2024-05-16 17:00:00,218.721392
2024-05-17 08:00:00,54.929919999999996
2024-05-17 09:00:00,199.38859200000002
2024-05-17 10:00:00,408.581184
2024-05-17 11:00:00,545.0198399999999
2024-05-17 12:00:00,636.756384
2024-05-17 13:00:00,677.633216
2024-05-17 14:00:00,490.750744
2024-05-17 15:00:00,469.706544
2024-05-17 16:00:00,463.62462400000004
2024-05-17 17:00:00,368.39304
2024-05-18 08:00:00,57.112944
2024-05-18 09:00:00,181.09536
2024-05-18 10:00:00,284.18184
2024-05-18 11:00:00,424.94457600000004
2024-05-18 12:00:00,651.610304
2024-05-18 13:00:00,634.7887039999999
2024-05-18 14:00:00,182.346832
2024-05-18 15:00:00,189.632064
2024-05-18 16:00:00,247.805216
2024-05-18 17:00:00,288.91975199999996
2024-05-19 08:00:00,56.328624000000005
2024-05-19 09:00:00,230.741784
2024-05-19 10:00:00,367.464584
2024-05-19 11:00:00,493.19968
2024-05-19 12:00:00,598.388
2024-05-19 13:00:00,639.562048
2024-05-19 14:00:00,356.677776
2024-05-19 15:00:00,343.56312
2024-05-19 16:00:00,235.266072
2024-05-19 17:00:00,216.725504
2024-05-20 08:00:00,30.910464
2024-05-20 09:00:00,23.145696
2024-05-20 10:00:00,170.4864
2024-05-20 11:00:00,489.375432
2024-05-20 12:00:00,602.8479600000001
2024-05-20 13:00:00,592.246568
2024-05-20 14:00:00,409.59219999999993
2024-05-20 15:00:00,287.385512
2024-05-20 16:00:00,254.05432
2024-05-20 17:00:00,201.896352
2024-05-21 08:00:00,47.96736
2024-05-21 09:00:00,76.81176
2024-05-21 10:00:00,279.8268
2024-05-21 11:00:00,430.52975999999995
2024-05-21 12:00:00,587.9149199999999
2024-05-21 13:00:00,579.20312
2024-05-21 14:00:00,378.26928000000004
2024-05-21 15:00:00,288.33323199999995
2024-05-21 16:00:00,292.79904
2024-05-21 17:00:00,212.992416
2024-05-22 08:00:00,48.082944
2024-05-22 09:00:00,194.95167999999998
2024-05-22 10:00:00,401.00905600000004
2024-05-22 11:00:00,520.8297600000001
2024-05-22 12:00:00,626.378592
2024-05-22 13:00:00,252.967968
2024-05-22 14:00:00,362.779648
2024-05-22 15:00:00,415.166032
2024-05-22 16:00:00,290.988224
2024-05-22 17:00:00,236.65823999999998
2024-05-23 08:00:00,43.86
2024-05-23 09:00:00,214.11936
2024-05-23 10:00:00,370.442248
2024-05-23 11:00:00,521.883432
2024-05-23 12:00:00,315.534
2024-05-23 13:00:00,341.19468
2024-05-23 14:00:00,313.61792
2024-05-23 15:00:00,209.27618399999997
2024-05-23 16:00:00,174.538032
2024-05-23 17:00:00,205.88709599999999
2024-05-24 08:00:00,40.42
2024-05-24 09:00:00,178.805352
2024-05-24 10:00:00,132.55352
2024-05-24 11:00:00,150.880464
2024-05-24 12:00:00,108.17148800000001
2024-05-24 13:00:00,147.96403199999997
2024-05-24 14:00:00,193.648608
2024-05-24 15:00:00,348.934336
2024-05-24 16:00:00,378.880568
2024-05-24 17:00:00,255.472632
2024-05-25 08:00:00,37.80972799999999
2024-05-25 09:00:00,191.10060000000001
2024-05-25 10:00:00,350.4758
2024-05-25 11:00:00,316.824
2024-05-25 12:00:00,558.548328
2024-05-25 13:00:00,609.440032
2024-05-25 14:00:00,231.955072
2024-05-25 15:00:00,346.534248
2024-05-25 16:00:00,406.048656
2024-05-25 17:00:00,129.099072
2024-05-26 08:00:00,14.649239999999999
2024-05-26 09:00:00,127.01236799999998
2024-05-26 10:00:00,285.878448
2024-05-26 11:00:00,291.95279999999997
2024-05-26 12:00:00,481.042376
2024-05-26 13:00:00,562.1407200000001
2024-05-26 14:00:00,374.73983999999996
2024-05-26 15:00:00,497.07828
2024-05-26 16:00:00,509.27755199999996
2024-05-26 17:00:00,396.634752
2024-05-27 08:00:00,32.340128
2024-05-27 09:00:00,136.355408
2024-05-27 10:00:00,287.884656
2024-05-27 11:00:00,478.757184
2024-05-27 12:00:00,322.81063199999994
2024-05-27 13:00:00,679.59264
2024-05-27 14:00:00,513.68832
2024-05-27 15:00:00,492.1952
2024-05-27 16:00:00,391.902
2024-05-27 17:00:00,355.398096
2024-05-28 08:00:00,27.167744
2024-05-28 09:00:00,163.569936
2024-05-28 10:00:00,311.120136
2024-05-28 11:00:00,275.258136
2024-05-28 12:00:00,367.489008
2024-05-28 13:00:00,455.67616
2024-05-28 14:00:00,387.30753599999997
2024-05-28 15:00:00,474.94187999999997
2024-05-28 16:00:00,353.805032
2024-05-28 17:00:00,232.0538
2024-05-29 08:00:00,49.62062400000001
2024-05-29 09:00:00,182.862144
2024-05-29 10:00:00,342.316464
2024-05-29 11:00:00,479.863832
2024-05-29 12:00:00,624.29808
2024-05-29 13:00:00,639.95696
2024-05-29 14:00:00,695.792976
2024-05-29 15:00:00,634.874704
2024-05-29 16:00:00,376.341504
2024-05-29 17:00:00,376.65592
2024-05-30 08:00:00,47.813247999999994
2024-05-30 09:00:00,118.296784
2024-05-30 10:00:00,376.5768
2024-05-30 11:00:00,538.584288
2024-05-30 12:00:00,658.2267999999999
2024-05-30 13:00:00,567.119776
2024-05-30 14:00:00,686.877872
2024-05-30 15:00:00,641.4815679999999
2024-05-30 16:00:00,522.7379279999999
2024-05-30 17:00:00,404.37888000000004
2024-05-31 08:00:00,50.13112
2024-05-31 09:00:00,151.00224
2024-05-31 10:00:00,212.592
2024-05-31 11:00:00,401.3104
2024-05-31 12:00:00,544.9372800000001
2024-05-31 13:00:00,492.11126399999995
2024-05-31 14:00:00,494.485552
2024-05-31 15:00:00,472.03955199999996
2024-05-31 16:00:00,394.09190400000006
2024-05-31 17:00:00,325.61664
2024-06-01 08:00:00,12.088159999999998
2024-06-01 09:00:00,170.624
2024-06-01 10:00:00,160.654536
2024-06-01 11:00:00,92.359872
2024-06-01 12:00:00,34.207359999999994
2024-06-01 13:00:00,110.229984
2024-06-01 14:00:00,175.81358400000002
2024-06-01 15:00:00,245.30227200000002
2024-06-01 16:00:00,129.778816
2024-06-01 17:00:00,99.935784
2024-06-02 08:00:00,38.591640000000005
2024-06-02 09:00:00,98.34615999999998
2024-06-02 10:00:00,351.33236
2024-06-02 11:00:00,551.8661279999999
2024-06-02 12:00:00,448.206888
2024-06-02 13:00:00,325.80240000000003
2024-06-02 14:00:00,518.95668
2024-06-02 15:00:00,356.968112
2024-06-02 16:00:00,267.629248
2024-06-02 17:00:00,145.967456
2024-06-03 08:00:00,42.156856
2024-06-03 09:00:00,128.925008
2024-06-03 10:00:00,373.495248
2024-06-03 11:00:00,475.46476
2024-06-03 12:00:00,521.488176
2024-06-03 13:00:00,680.7120160000001
2024-06-03 14:00:00,561.229808
2024-06-03 15:00:00,390.2164
2024-06-03 16:00:00,246.887424
2024-06-03 17:00:00,152.712608
2024-06-04 08:00:00,48.256319999999995
2024-06-04 09:00:00,211.57031999999998
2024-06-04 10:00:00,378.499072
2024-06-04 11:00:00,420.05702399999996
2024-06-04 12:00:00,456.05180800000005
2024-06-04 13:00:00,605.6243840000001
2024-06-04 14:00:00,513.89988
2024-06-04 15:00:00,601.513584
2024-06-04 16:00:00,436.699056
2024-06-04 17:00:00,367.16083199999997
2024-06-05 08:00:00,52.334096
2024-06-05 09:00:00,192.33074399999998
2024-06-05 10:00:00,362.55192000000005
2024-06-05 11:00:00,530.09712
2024-06-05 12:00:00,636.495632
2024-06-05 13:00:00,692.458928
2024-06-05 14:00:00,719.285424
2024-06-05 15:00:00,649.9707999999999
2024-06-05 16:00:00,529.01352
2024-06-05 17:00:00,358.739712
2024-06-06 08:00:00,46.90268
2024-06-06 09:00:00,199.225536
2024-06-06 10:00:00,334.04532800000004
2024-06-06 11:00:00,524.17
2024-06-06 12:00:00,615.67056
2024-06-06 13:00:00,554.20464
2024-06-06 14:00:00,344.279672
2024-06-06 15:00:00,426.630864
2024-06-06 16:00:00,479.4156
2024-06-06 17:00:00,383.255904
2024-06-07 08:00:00,44.684224
2024-06-07 09:00:00,191.09887999999998
2024-06-07 10:00:00,382.50048
2024-06-07 11:00:00,493.47763199999997
2024-06-07 12:00:00,546.4784
2024-06-07 13:00:00,605.6746079999999
2024-06-07 14:00:00,613.823624
2024-06-07 15:00:00,493.558472
2024-06-07 16:00:00,273.375424
2024-06-07 17:00:00,355.13183999999995
2024-06-08 08:00:00,50.354376
2024-06-08 09:00:00,134.30379200000002
2024-06-08 10:00:00,212.83795999999998
2024-06-08 11:00:00,405.133272
2024-06-08 12:00:00,522.1259520000001
2024-06-08 13:00:00,559.688688
2024-06-08 14:00:00,620.3008
2024-06-08 15:00:00,487.830528
2024-06-08 16:00:00,298.239744
2024-06-08 17:00:00,278.920704
2024-06-09 08:00:00,43.667016000000004
2024-06-09 09:00:00,206.205296
2024-06-09 10:00:00,376.036032
2024-06-09 11:00:00,524.8635039999999
2024-06-09 12:00:00,594.7739359999999
2024-06-09 13:00:00,657.72456
2024-06-09 14:00:00,673.6895999999999
2024-06-09 15:00:00,625.612848
2024-06-09 16:00:00,448.552608
2024-06-09 17:00:00,364.386816
2024-06-10 08:00:00,49.700432
2024-06-10 09:00:00,198.503136
2024-06-10 10:00:00,347.239104
2024-06-10 11:00:00,486.494088
2024-06-10 12:00:00,616.259488
2024-06-10 13:00:00,654.675344
2024-06-10 14:00:00,463.9184
2024-06-10 15:00:00,557.022688
2024-06-10 16:00:00,487.9812
2024-06-10 17:00:00,344.56416
2024-06-11 08:00:00,40.484672
2024-06-11 09:00:00,217.341952
2024-06-11 10:00:00,402.343776
2024-06-11 11:00:00,560.922272
2024-06-11 12:00:00,663.975728
2024-06-11 13:00:00,713.8756799999999
2024-06-11 14:00:00,712.20384
2024-06-11 15:00:00,619.08992
2024-06-11 16:00:00,538.381328
2024-06-11 17:00:00,391.499176
2024-06-12 08:00:00,38.684520000000006
2024-06-12 09:00:00,186.77823999999998
2024-06-12 10:00:00,373.51279200000005
2024-06-12 11:00:00,486.58799999999997
2024-06-12 12:00:00,472.93119999999993
2024-06-12 13:00:00,566.903744
2024-06-12 14:00:00,621.4786559999999
2024-06-12 15:00:00,448.552608
2024-06-12 16:00:00,423.603664
2024-06-12 17:00:00,276.045552
2024-06-13 08:00:00,44.523232
2024-06-13 09:00:00,178.37397600000003
2024-06-13 10:00:00,378.65318399999995
2024-06-13 11:00:00,533.8673600000001
2024-06-13 12:00:00,606.111144
2024-06-13 13:00:00,692.159304
2024-06-13 14:00:00,692.159304
2024-06-13 15:00:00,613.4042880000001
2024-06-13 16:00:00,523.76064
2024-06-13 17:00:00,209.02128
2024-06-14 08:00:00,42.241136
2024-06-14 09:00:00,204.275456
2024-06-14 10:00:00,394.108416
2024-06-14 11:00:00,531.127744
2024-06-14 12:00:00,585.50692
2024-06-14 13:00:00,657.958136
2024-06-14 14:00:00,582.0308
2024-06-14 15:00:00,376.16675200000003
2024-06-14 16:00:00,344.551088
2024-06-14 17:00:00,323.526496
2024-06-15 08:00:00,42.9312
2024-06-15 09:00:00,196.21759999999998
2024-06-15 10:00:00,342.14377599999995
2024-06-15 11:00:00,475.200224
2024-06-15 12:00:00,591.404112
2024-06-15 13:00:00,596.9225600000001
2024-06-15 14:00:00,591.8781439999999
2024-06-15 15:00:00,412.461504
2024-06-15 16:00:00,296.90949600000005
2024-06-15 17:00:00,175.456512
2024-06-16 08:00:00,32.575424
2024-06-16 09:00:00,120.823464
2024-06-16 10:00:00,313.658856
2024-06-16 11:00:00,512.404512
2024-06-16 12:00:00,607.31136
2024-06-16 13:00:00,618.6152
2024-06-16 14:00:00,606.5683200000001
2024-06-16 15:00:00,583.822008
2024-06-16 16:00:00,513.474696
2024-06-16 17:00:00,384.2566
2024-06-17 08:00:00,46.291392
2024-06-17 09:00:00,213.19400000000002
2024-06-17 10:00:00,370.408192
2024-06-17 11:00:00,545.3376959999999
2024-06-17 12:00:00,625.433624
2024-06-17 13:00:00,658.2859679999999
2024-06-17 14:00:00,564.35092
2024-06-17 15:00:00,552.86992
2024-06-17 16:00:00,495.89664
2024-06-17 17:00:00,414.15191999999996
2024-06-18 08:00:00,37.87027199999999
2024-06-18 09:00:00,176.097384
2024-06-18 10:00:00,344.139664
2024-06-18 11:00:00,424.29441599999996
2024-06-18 12:00:00,561.0571199999999
2024-06-18 13:00:00,417.87468800000005
2024-06-18 14:00:00,372.3456
2024-06-18 15:00:00,605.105976
2024-06-18 16:00:00,258.057792
2024-06-18 17:00:00,185.98015999999998
2024-06-19 08:00:00,37.68864
2024-06-19 09:00:00,69.871216
2024-06-19 10:00:00,198.74462400000002
2024-06-19 11:00:00,305.74100799999997
2024-06-19 12:00:00,475.658432
2024-06-19 13:00:00,390.645024
2024-06-19 14:00:00,369.506224
2024-06-19 15:00:00,397.76892
2024-06-19 16:00:00,387.476784
2024-06-19 17:00:00,325.00776
2024-06-20 08:00:00,10.307616000000001
2024-06-20 09:00:00,65.41228799999999
2024-06-20 10:00:00,250.11552
2024-06-20 11:00:00,89.97492
2024-06-20 12:00:00,590.4354079999999
2024-06-20 13:00:00,723.1224
2024-06-20 14:00:00,686.882
2024-06-20 15:00:00,605.2311920000001
2024-06-20 16:00:00,561.075696
2024-06-20 17:00:00,326.515856
2024-06-21 08:00:00,25.84128
2024-06-21 09:00:00,115.96068
2024-06-21 10:00:00,234.22616
2024-06-21 11:00:00,143.786496
2024-06-21 12:00:00,345.23496
2024-06-21 13:00:00,178.51776800000002
2024-06-21 14:00:00,278.97024
2024-06-21 15:00:00,134.15587200000002
2024-06-21 16:00:00,160.38656
2024-06-21 17:00:00,128.769176
2024-06-22 08:00:00,18.904863999999996
2024-06-22 09:00:00,25.91352
2024-06-22 10:00:00,158.303296
2024-06-22 11:00:00,65.386144
2024-06-22 12:00:00,112.389616
2024-06-22 13:00:00,88.58
2024-06-22 14:00:00,315.68983199999997
2024-06-22 15:00:00,269.912032
2024-06-22 16:00:00,149.4766
2024-06-22 17:00:00,145.94234400000002
2024-06-23 08:00:00,39.385936
2024-06-23 09:00:00,135.810168
2024-06-23 10:00:00,281.751136
2024-06-23 11:00:00,517.267296
2024-06-23 12:00:00,541.37344
2024-06-23 13:00:00,556.92912
2024-06-23 14:00:00,483.20304
2024-06-23 15:00:00,386.102848
2024-06-23 16:00:00,460.07592
2024-06-23 17:00:00,352.451736
2024-06-24 08:00:00,45.30652
2024-06-24 09:00:00,201.48699200000001
2024-06-24 10:00:00,334.42992
2024-06-24 11:00:00,486.692576
2024-06-24 12:00:00,580.452184
2024-06-24 13:00:00,633.717832
2024-06-24 14:00:00,580.452184
2024-06-24 15:00:00,629.385152
2024-06-24 16:00:00,503.37726399999997
2024-06-24 17:00:00,398.48168799999996
2024-06-25 08:00:00,25.686480000000003
2024-06-25 09:00:00,170.00480000000002
2024-06-25 10:00:00,375.27235199999996
2024-06-25 11:00:00,512.4224
2024-06-25 12:00:00,599.69004
2024-06-25 13:00:00,673.16672
2024-06-25 14:00:00,702.518864
2024-06-25 15:00:00,656.410824
2024-06-25 16:00:00,506.54894400000006
2024-06-25 17:00:00,362.10816
2024-06-26 08:00:00,43.526664000000004
2024-06-26 09:00:00,189.55775999999997
2024-06-26 10:00:00,385.002392
2024-06-26 11:00:00,522.937792
2024-06-26 12:00:00,632.87744
2024-06-26 13:00:00,650.809472
2024-06-26 14:00:00,693.012768
2024-06-26 15:00:00,572.8129759999999
2024-06-26 16:00:00,522.706968
2024-06-26 17:00:00,326.117504
2024-06-27 08:00:00,39.591648
2024-06-27 09:00:00,93.36504
2024-06-27 10:00:00,188.23542400000002
2024-06-27 11:00:00,435.81359999999995
2024-06-27 12:00:00,506.712
2024-06-27 13:00:00,640.585448
2024-06-27 14:00:00,664.4531999999999
2024-06-27 15:00:00,402.02316800000006
2024-06-27 16:00:00,386.51289599999996
2024-06-27 17:00:00,369.860544
2024-06-28 08:00:00,31.009536
2024-06-28 09:00:00,188.007352
2024-06-28 10:00:00,332.876416
2024-06-28 11:00:00,474.302728
2024-06-28 12:00:00,594.510432
2024-06-28 13:00:00,667.856736
2024-06-28 14:00:00,621.9041839999999
2024-06-28 15:00:00,581.313216
2024-06-28 16:00:00,432.39423999999997
2024-06-28 17:00:00,366.91727999999995
2024-06-29 08:00:00,21.568800000000003
2024-06-29 09:00:00,145.49823999999998
2024-06-29 10:00:00,174.808416
2024-06-29 11:00:00,360.57873599999994
2024-06-29 12:00:00,351.76063999999997
2024-06-29 13:00:00,633.39
2024-06-29 14:00:00,644.4248319999999
2024-06-29 15:00:00,627.8860000000001
2024-06-29 16:00:00,513.259008
2024-06-29 17:00:00,195.719832
2024-06-30 08:00:00,25.78968
2024-06-30 09:00:00,52.543936
2024-06-30 10:00:00,76.57061599999999
2024-06-30 11:00:00,71.294344
2024-06-30 12:00:00,36.920832
2024-06-30 13:00:00,46.384271999999996
2024-06-30 14:00:00,144.700504
2024-06-30 15:00:00,223.787824
2024-06-30 16:00:00,374.46464
2024-06-30 17:00:00,291.794216
2024-07-01 08:00:00,25.944480000000002
2024-07-01 09:00:00,134.47992000000002
2024-07-01 10:00:00,176.66704800000002
2024-07-01 11:00:00,149.1154
2024-07-01 12:00:00,394.508144
2024-07-01 13:00:00,323.26367999999997
2024-07-01 14:00:00,370.351776
2024-07-01 15:00:00,516.425184
2024-07-01 16:00:00,425.464704
2024-07-01 17:00:00,307.40528
2024-07-02 08:00:00,37.718911999999996
2024-07-02 09:00:00,10.357152000000001
2024-07-02 10:00:00,106.64
2024-07-02 11:00:00,244.38585600000002
2024-07-02 12:00:00,138.372624
2024-07-02 13:00:00,308.683584
2024-07-02 14:00:00,522.551136
2024-07-02 15:00:00,580.083072
2024-07-02 16:00:00,519.800512
2024-07-02 17:00:00,432.746496
2024-07-03 08:00:00,41.786024000000005
2024-07-03 09:00:00,196.40748800000003
2024-07-03 10:00:00,361.307328
2024-07-03 11:00:00,485.65094400000004
2024-07-03 12:00:00,566.2112719999999
2024-07-03 13:00:00,473.582736
2024-07-03 14:00:00,635.146464
2024-07-03 15:00:00,514.73752
2024-07-03 16:00:00,355.85424
2024-07-03 17:00:00,293.525912
2024-07-04 08:00:00,22.172176
2024-07-04 09:00:00,140.08368
2024-07-04 10:00:00,280.837472
2024-07-04 11:00:00,548.8327360000001
2024-07-04 12:00:00,617.76896
2024-07-04 13:00:00,691.6206
2024-07-04 14:00:00,725.992048
2024-07-04 15:00:00,686.59648
2024-07-04 16:00:00,377.112064
2024-07-04 17:00:00,284.139528
2024-07-05 08:00:00,33.553416
2024-07-05 09:00:00,188.23542400000002
2024-07-05 10:00:00,335.27616
2024-07-05 11:00:00,407.8464
2024-07-05 12:00:00,538.835752
2024-07-05 13:00:00,692.7815999999999
2024-07-05 14:00:00,630.741888
2024-07-05 15:00:00,636.69756
2024-07-05 16:00:00,535.5832320000001
2024-07-05 17:00:00,267.1074
2024-07-06 08:00:00,37.127919999999996
2024-07-06 09:00:00,131.158944
2024-07-06 10:00:00,128.0712
2024-07-06 11:00:00,349.50124800000003
2024-07-06 12:00:00,553.5537919999999
2024-07-06 13:00:00,600.53112
2024-07-06 14:00:00,617.100224
2024-07-06 15:00:00,585.7532239999999
2024-07-06 16:00:00,271.713904
2024-07-06 17:00:00,335.820712
2024-07-07 08:00:00,13.81504
2024-07-07 09:00:00,33.513168
2024-07-07 10:00:00,155.58088
2024-07-07 11:00:00,405.98260799999997
2024-07-07 12:00:00,581.130552
2024-07-07 13:00:00,683.22528
2024-07-07 14:00:00,671.985768
2024-07-07 15:00:00,570.6629760000001
2024-07-07 16:00:00,333.113088
2024-07-07 17:00:00,373.581936
2024-07-08 08:00:00,35.344623999999996
2024-07-08 09:00:00,107.414
2024-07-08 10:00:00,219.782288
2024-07-08 11:00:00,426.37905600000005
2024-07-08 12:00:00,452.1536
2024-07-08 13:00:00,372.0618
2024-07-08 14:00:00,330.076256
2024-07-08 15:00:00,422.119992
2024-07-08 16:00:00,547.1560800000001
2024-07-08 17:00:00,380.348416
2024-07-09 08:00:00,29.146432
2024-07-09 09:00:00,138.31689599999999
2024-07-09 10:00:00,359.972608
2024-07-09 11:00:00,435.768536
2024-07-09 12:00:00,77.884352
2024-07-09 13:00:00,361.72288
2024-07-09 14:00:00,437.40803999999997
2024-07-09 15:00:00,616.75072
2024-07-09 16:00:00,483.06544
2024-07-09 17:00:00,331.456384
2024-07-10 08:00:00,32.758432
2024-07-10 09:00:00,116.398592
2024-07-10 10:00:00,180.73416
2024-07-10 11:00:00,285.33424
2024-07-10 12:00:00,522.13008
2024-07-10 13:00:00,703.2130559999999
2024-07-10 14:00:00,632.730208
2024-07-10 15:00:00,558.74544
2024-07-10 16:00:00,374.70887999999997
2024-07-10 17:00:00,219.306192
2024-07-11 08:00:00,40.209816000000004
2024-07-11 09:00:00,196.435008
2024-07-11 10:00:00,380.425128
2024-07-11 11:00:00,466.088696
2024-07-11 12:00:00,587.1804800000001
2024-07-11 13:00:00,606.9625440000001
2024-07-11 14:00:00,683.5108
2024-07-11 15:00:00,625.102352
2024-07-11 16:00:00,526.121856
2024-07-11 17:00:00,327.628008
2024-07-12 08:00:00,34.992024
2024-07-12 09:00:00,177.151744
2024-07-12 10:00:00,299.447184
2024-07-12 11:00:00,423.621552
2024-07-12 12:00:00,458.102736
2024-07-12 13:00:00,371.40648
2024-07-12 14:00:00,494.605952
2024-07-12 15:00:00,462.61051199999997
2024-07-12 16:00:00,515.99656
2024-07-12 17:00:00,324.446352
2024-07-13 08:00:00,36.846872
2024-07-13 09:00:00,186.682608
2024-07-13 10:00:00,277.444256
2024-07-13 11:00:00,481.05510400000003
2024-07-13 12:00:00,509.022304
2024-07-13 13:00:00,647.219144
2024-07-13 14:00:00,665.512032
2024-07-13 15:00:00,593.213896
2024-07-13 16:00:00,540.896312
2024-07-13 17:00:00,422.604
2024-07-14 08:00:00,36.861664
2024-07-14 09:00:00,136.13834400000002
2024-07-14 10:00:00,279.597696
2024-07-14 11:00:00,493.601472
2024-07-14 12:00:00,607.162752
2024-07-14 13:00:00,654.0537360000001
2024-07-14 14:00:00,675.951744
2024-07-14 15:00:00,658.56564
2024-07-14 16:00:00,495.5664
2024-07-14 17:00:00,345.39973599999996
2024-07-15 08:00:00,39.32264
2024-07-15 09:00:00,192.565008
2024-07-15 10:00:00,357.66849599999995
2024-07-15 11:00:00,484.35956799999997
2024-07-15 12:00:00,613.808832
2024-07-15 13:00:00,708.216192
2024-07-15 14:00:00,707.926888
2024-07-15 15:00:00,601.161672
2024-07-15 16:00:00,521.275584
2024-07-15 17:00:00,429.86068
2024-07-16 08:00:00,29.041168
2024-07-16 09:00:00,148.8144
2024-07-16 10:00:00,340.87991999999997
2024-07-16 11:00:00,500.12784
2024-07-16 12:00:00,575.493424
2024-07-16 13:00:00,694.7424
2024-07-16 14:00:00,656.57904
2024-07-16 15:00:00,615.080944
2024-07-16 16:00:00,515.372544
2024-07-16 17:00:00,382.943552
2024-07-17 08:00:00,25.614240000000002
2024-07-17 09:00:00,151.05934399999998
2024-07-17 10:00:00,330.745336
2024-07-17 11:00:00,440.353368
2024-07-17 12:00:00,475.46476
2024-07-17 13:00:00,571.041376
2024-07-17 14:00:00,580.083072
2024-07-17 15:00:00,513.684192
2024-07-17 16:00:00,392.54184
2024-07-17 17:00:00,416.51795200000004
2024-07-18 08:00:00,34.09728
2024-07-18 09:00:00,130.369464
2024-07-18 10:00:00,325.032184
2024-07-18 11:00:00,463.64148
2024-07-18 12:00:00,631.068
2024-07-18 13:00:00,680.99616
2024-07-18 14:00:00,718.24104
2024-07-18 15:00:00,654.092608
2024-07-18 16:00:00,575.29872
2024-07-18 17:00:00,416.34319999999997
2024-07-19 08:00:00,31.629080000000002
2024-07-19 09:00:00,160.112392
2024-07-19 10:00:00,378.803856
2024-07-19 11:00:00,545.23828
2024-07-19 12:00:00,608.0943040000001
2024-07-19 13:00:00,698.710096
2024-07-19 14:00:00,647.11044
2024-07-19 15:00:00,644.631232
2024-07-19 16:00:00,580.6578959999999
2024-07-19 17:00:00,405.513736
2024-07-20 08:00:00,13.633408
2024-07-20 09:00:00,91.76544
2024-07-20 10:00:00,228.76343999999997
2024-07-20 11:00:00,422.432
2024-07-20 12:00:00,628.472176
2024-07-20 13:00:00,640.585448
2024-07-20 14:00:00,671.18184
2024-07-20 15:00:00,689.4035200000001
2024-07-20 16:00:00,581.18628
2024-07-20 17:00:00,422.07045600000004
2024-07-21 08:00:00,29.835119999999996
2024-07-21 09:00:00,134.82564000000002
2024-07-21 10:00:00,313.87248
2024-07-21 11:00:00,340.896088
2024-07-21 12:00:00,491.793408
2024-07-21 13:00:00,475.98764
2024-07-21 14:00:00,635.8564799999999
2024-07-21 15:00:00,513.89988
2024-07-21 16:00:00,394.26940800000006
2024-07-21 17:00:00,259.794304
2024-07-22 08:00:00,13.611391999999999
2024-07-22 09:00:00,138.89619199999999
2024-07-22 10:00:00,209.782208
2024-07-22 11:00:00,457.827192
2024-07-22 12:00:00,413.8148
2024-07-22 13:00:00,405.552264
2024-07-22 14:00:00,224.45931199999998
2024-07-22 15:00:00,291.370752
2024-07-22 16:00:00,415.153648
2024-07-22 17:00:00,395.3076
2024-07-23 08:00:00,34.921504
2024-07-23 09:00:00,171.63536
2024-07-23 10:00:00,257.884416
2024-07-23 11:00:00,492.998784
2024-07-23 12:00:00,603.89544
2024-07-23 13:00:00,609.874848
2024-07-23 14:00:00,672.614944
2024-07-23 15:00:00,632.618064
2024-07-23 16:00:00,540.990912
2024-07-23 17:00:00,397.15212800000006
2024-07-24 08:00:00,34.08352
2024-07-24 09:00:00,176.79226400000002
2024-07-24 10:00:00,334.293696
2024-07-24 11:00:00,503.582976
2024-07-24 12:00:00,614.915136
2024-07-24 13:00:00,698.633728
2024-07-24 14:00:00,690.519456
2024-07-24 15:00:00,660.847048
2024-07-24 16:00:00,556.3395039999999
2024-07-24 17:00:00,421.725768
2024-07-25 08:00:00,36.654576
2024-07-25 09:00:00,188.399856
2024-07-25 10:00:00,352.738632
2024-07-25 11:00:00,493.44048
2024-07-25 12:00:00,617.605216
2024-07-25 13:00:00,674.2702720000001
2024-07-25 14:00:00,685.479168
2024-07-25 15:00:00,658.05824
2024-07-25 16:00:00,574.357536
2024-07-25 17:00:00,431.47404
2024-07-26 08:00:00,38.313
2024-07-26 09:00:00,184.930272
2024-07-26 10:00:00,364.981248
2024-07-26 11:00:00,461.387936
2024-07-26 12:00:00,654.36024
2024-07-26 13:00:00,677.641128
2024-07-26 14:00:00,720.96208
2024-07-26 15:00:00,692.458928
2024-07-26 16:00:00,578.31904
2024-07-26 17:00:00,441.38640000000004
2024-07-27 08:00:00,37.446464
2024-07-27 09:00:00,180.61548
2024-07-27 10:00:00,346.2532
2024-07-27 11:00:00,530.7214799999999
2024-07-27 12:00:00,648.559368
2024-07-27 13:00:00,727.07152
2024-07-27 14:00:00,753.2568
2024-07-27 15:00:00,687.1375919999999
2024-07-27 16:00:00,586.5888
2024-07-27 17:00:00,449.24163999999996
2024-07-28 08:00:00,38.28204
2024-07-28 09:00:00,182.3114
2024-07-28 10:00:00,325.1402
2024-07-28 11:00:00,499.168424
2024-07-28 12:00:00,622.80512
2024-07-28 13:00:00,716.725376
2024-07-28 14:00:00,726.713416
2024-07-28 15:00:00,695.771648
2024-07-28 16:00:00,597.23732
2024-07-28 17:00:00,441.32241600000003
2024-07-29 08:00:00,35.729904
2024-07-29 09:00:00,161.83136000000002
2024-07-29 10:00:00,305.616824
2024-07-29 11:00:00,527.766176
2024-07-29 12:00:00,628.809296
2024-07-29 13:00:00,648.327168
2024-07-29 14:00:00,648.1613600000001
2024-07-29 15:00:00,524.0289600000001
2024-07-29 16:00:00,518.11044
2024-07-29 17:00:00,444.27187200000003
2024-07-30 08:00:00,37.50700799999999
2024-07-30 09:00:00,173.33472
2024-07-30 10:00:00,301.016512
2024-07-30 11:00:00,498.96443200000004
2024-07-30 12:00:00,618.9399359999999
2024-07-30 13:00:00,699.116704
2024-07-30 14:00:00,692.996256
2024-07-30 15:00:00,618.432192
2024-07-30 16:00:00,405.57703200000003
2024-07-30 17:00:00,389.941888
2024-07-31 08:00:00,17.04176
2024-07-31 09:00:00,110.27952
2024-07-31 10:00:00,363.98812
2024-07-31 11:00:00,487.383672
2024-07-31 12:00:00,574.38368
2024-07-31 13:00:00,550.90224
2024-07-31 14:00:00,561.9694079999999
2024-07-31 15:00:00,537.5808400000001
2024-07-31 16:00:00,537.3335040000001
2024-07-31 17:00:00,354.86283199999997
2024-08-01 08:00:00,25.069688000000003
2024-08-01 09:00:00,144.58423200000001
2024-08-01 10:00:00,348.22879199999994
2024-08-01 11:00:00,451.45011999999997
2024-08-01 12:00:00,618.528512
2024-08-01 13:00:00,677.36352
2024-08-01 14:00:00,696.0977599999999
2024-08-01 15:00:00,586.23276
2024-08-01 16:00:00,407.74870400000003
2024-08-01 17:00:00,385.15959999999995
2024-08-02 08:00:00,37.703776
2024-08-02 09:00:00,142.74624
2024-08-02 10:00:00,240.6882
2024-08-02 11:00:00,548.539992
2024-08-02 12:00:00,563.04544
2024-08-02 13:00:00,670.3211519999999
2024-08-02 14:00:00,718.321536
2024-08-02 15:00:00,547.54308
2024-08-02 16:00:00,509.06152
2024-08-02 17:00:00,411.2864
2024-08-03 08:00:00,30.08796
2024-08-03 09:00:00,169.4286
2024-08-03 10:00:00,277.50789599999996
2024-08-03 11:00:00,478.582432
2024-08-03 12:00:00,636.2493279999999
2024-08-03 13:00:00,684.919136
2024-08-03 14:00:00,692.766464
2024-08-03 15:00:00,643.16304
2024-08-03 16:00:00,467.56308
2024-08-03 17:00:00,411.792768
2024-08-04 08:00:00,19.811648
2024-08-04 09:00:00,176.45136
2024-08-04 10:00:00,289.59296
2024-08-04 11:00:00,522.329944
2024-08-04 12:00:00,558.0670719999999
2024-08-04 13:00:00,547.962416
2024-08-04 14:00:00,740.5824640000001
2024-08-04 15:00:00,620.8900719999999
2024-08-04 16:00:00,534.194504
2024-08-04 17:00:00,388.739952
2024-08-05 08:00:00,31.921824000000004
2024-08-05 09:00:00,146.76588
2024-08-05 10:00:00,298.599912
2024-08-05 11:00:00,485.939216
2024-08-05 12:00:00,561.6057999999999
2024-08-05 13:00:00,616.24848
2024-08-05 14:00:00,622.4112399999999
2024-08-05 15:00:00,583.583616
2024-08-05 16:00:00,442.52848
2024-08-05 17:00:00,418.358696
2024-08-06 08:00:00,37.643232
2024-08-06 09:00:00,184.604504
2024-08-06 10:00:00,364.43291199999993
2024-08-06 11:00:00,505.45536799999996
2024-08-06 12:00:00,629.314632
2024-08-06 13:00:00,623.92656
2024-08-06 14:00:00,670.2994800000001
2024-08-06 15:00:00,653.478912
2024-08-06 16:00:00,495.801352
2024-08-06 17:00:00,366.46835999999996
2024-08-07 08:00:00,37.597823999999996
2024-08-07 09:00:00,170.14239999999998
2024-08-07 10:00:00,253.9752
2024-08-07 11:00:00,455.16979200000003
2024-08-07 12:00:00,422.806272
2024-08-07 13:00:00,520.8600319999999
2024-08-07 14:00:00,658.262576
2024-08-07 15:00:00,621.812336
2024-08-07 16:00:00,391.58207999999996
2024-08-07 17:00:00,194.31871999999998
2024-08-08 08:00:00,15.44904
2024-08-08 09:00:00,186.9296
2024-08-08 10:00:00,374.73192800000004
2024-08-08 11:00:00,479.296576
2024-08-08 12:00:00,663.90968
2024-08-08 13:00:00,686.59648
2024-08-08 14:00:00,657.5474
2024-08-08 15:00:00,641.63224
2024-08-08 16:00:00,538.02976
2024-08-08 17:00:00,381.537968
2024-08-09 08:00:00,30.848544
2024-08-09 09:00:00,90.75889600000001
2024-08-09 10:00:00,253.070136
2024-08-09 11:00:00,455.908704
2024-08-09 12:00:00,620.382672
2024-08-09 13:00:00,604.56968
2024-08-09 14:00:00,411.07862400000005
2024-08-09 15:00:00,438.886896
2024-08-09 16:00:00,415.66896
2024-08-09 17:00:00,367.26816
2024-08-10 08:00:00,18.988111999999997
2024-08-10 09:00:00,161.759808
2024-08-10 10:00:00,335.180528
2024-08-10 11:00:00,395.676024
2024-08-10 12:00:00,427.52492
2024-08-10 13:00:00,606.1802879999999
2024-08-10 14:00:00,711.455296
2024-08-10 15:00:00,347.651904
2024-08-10 16:00:00,331.10688
2024-08-10 17:00:00,393.45344
2024-08-11 08:00:00,28.277831999999997
2024-08-11 09:00:00,60.00736
2024-08-11 10:00:00,96.011776
2024-08-11 11:00:00,101.033488
2024-08-11 12:00:00,259.034752
2024-08-11 13:00:00,325.954448
2024-08-11 14:00:00,295.68863999999996
2024-08-11 15:00:00,350.491624
2024-08-11 16:00:00,411.09376
2024-08-11 17:00:00,296.058096
2024-08-12 08:00:00,40.17748
2024-08-12 09:00:00,195.74287999999999
2024-08-12 10:00:00,305.38944000000004
2024-08-12 11:00:00,456.59808
2024-08-12 12:00:00,588.150904
2024-08-12 13:00:00,700.677432
2024-08-12 14:00:00,526.8016
2024-08-12 15:00:00,530.808168
2024-08-12 16:00:00,423.65457599999996
2024-08-12 17:00:00,273.2994
2024-08-13 08:00:00,39.275168
2024-08-13 09:00:00,172.205712
2024-08-13 10:00:00,342.58788000000004
2024-08-13 11:00:00,505.88640000000004
2024-08-13 12:00:00,670.907328
2024-08-13 13:00:00,698.651616
2024-08-13 14:00:00,641.7440399999999
2024-08-13 15:00:00,557.9336
2024-08-13 16:00:00,516.425184
2024-08-13 17:00:00,382.50048
2024-08-14 08:00:00,26.55336
2024-08-14 09:00:00,75.71027199999999
2024-08-14 10:00:00,199.49832800000001
2024-08-14 11:00:00,368.6562
2024-08-14 12:00:00,521.2838399999999
2024-08-14 13:00:00,696.17344
2024-08-14 14:00:00,387.45408
2024-08-14 15:00:00,572.452464
2024-08-14 16:00:00,266.602752
2024-08-14 17:00:00,228.1752
2024-08-15 08:00:00,36.876456
2024-08-15 09:00:00,189.0108
2024-08-15 10:00:00,384.19295999999997
2024-08-15 11:00:00,524.8635039999999
2024-08-15 12:00:00,546.226592
2024-08-15 13:00:00,568.057864
2024-08-15 14:00:00,530.82296
2024-08-15 15:00:00,494.41056
2024-08-15 16:00:00,283.00742399999996
2024-08-15 17:00:00,321.56913599999996
2024-08-16 08:00:00,29.345264
2024-08-16 09:00:00,149.90694399999998
2024-08-16 10:00:00,179.35506400000003
2024-08-16 11:00:00,444.742464
2024-08-16 12:00:00,456.48456
2024-08-16 13:00:00,423.65939199999997
2024-08-16 14:00:00,639.3618399999999
2024-08-16 15:00:00,657.5284800000001
2024-08-16 16:00:00,491.21824000000004
2024-08-16 17:00:00,378.576816
2024-08-17 08:00:00,29.146432
2024-08-17 09:00:00,192.565008
2024-08-17 10:00:00,357.66849599999995
2024-08-17 11:00:00,505.68
2024-08-17 12:00:00,606.914728
2024-08-17 13:00:00,736.848
2024-08-17 14:00:00,484.30418399999996
2024-08-17 15:00:00,630.2898720000001
2024-08-17 16:00:00,482.74896
2024-08-17 17:00:00,361.4064
2024-08-18 08:00:00,28.368648
2024-08-18 09:00:00,204.607072
2024-08-18 10:00:00,392.7018
2024-08-18 11:00:00,543.38412
2024-08-18 12:00:00,631.842
2024-08-18 13:00:00,703.8068
2024-08-18 14:00:00,566.903744
2024-08-18 15:00:00,475.43551999999994
2024-08-18 16:00:00,442.94334399999997
2024-08-18 17:00:00,387.832136
2024-08-19 08:00:00,35.090751999999995
2024-08-19 09:00:00,184.49683199999998
2024-08-19 10:00:00,367.16668
2024-08-19 11:00:00,559.460616
2024-08-19 12:00:00,662.7421439999999
2024-08-19 13:00:00,735.705232
2024-08-19 14:00:00,728.321616
2024-08-19 15:00:00,687.7055359999999
2024-08-19 16:00:00,489.8216
2024-08-19 17:00:00,395.153832
2024-08-20 08:00:00,29.47392
2024-08-20 09:00:00,173.18336
2024-08-20 10:00:00,376.5768
2024-08-20 11:00:00,470.589248
2024-08-20 12:00:00,594.543456
2024-08-20 13:00:00,634.3029760000001
2024-08-20 14:00:00,593.07664
2024-08-20 15:00:00,353.47375999999997
2024-08-20 16:00:00,284.597392
2024-08-20 17:00:00,248.458128
2024-08-21 08:00:00,13.859072000000001
2024-08-21 09:00:00,159.983736
2024-08-21 10:00:00,279.43154400000003
2024-08-21 11:00:00,462.985472
2024-08-21 12:00:00,638.901912
2024-08-21 13:00:00,582.2440799999999
2024-08-21 14:00:00,551.416176
2024-08-21 15:00:00,663.0128719999999
2024-08-21 16:00:00,545.514168
2024-08-21 17:00:00,401.500288
2024-08-22 08:00:00,34.30368
2024-08-22 09:00:00,138.890344
2024-08-22 10:00:00,345.125568
2024-08-22 11:00:00,529.2784
2024-08-22 12:00:00,659.137024
2024-08-22 13:00:00,713.7484000000001
2024-08-22 14:00:00,719.6263280000001
2024-08-22 15:00:00,682.6776319999999
2024-08-22 16:00:00,459.231744
2024-08-22 17:00:00,328.293648
2024-08-23 08:00:00,37.68864
2024-08-23 09:00:00,199.43228
2024-08-23 10:00:00,372.04287999999997
2024-08-23 11:00:00,555.631896
2024-08-23 12:00:00,656.88348
2024-08-23 13:00:00,722.9827359999999
2024-08-23 14:00:00,591.616704
2024-08-23 15:00:00,642.61952
2024-08-23 16:00:00,577.096464
2024-08-23 17:00:00,283.121632
2024-08-24 08:00:00,27.718144000000002
2024-08-24 09:00:00,111.84472
2024-08-24 10:00:00,159.832032
2024-08-24 11:00:00,69.632136
2024-08-24 12:00:00,153.570544
2024-08-24 13:00:00,271.620336
2024-08-24 14:00:00,226.16796000000002
2024-08-24 15:00:00,337.426848
2024-08-24 16:00:00,437.76236
2024-08-24 17:00:00,345.24940799999996
2024-08-25 08:00:00,38.90124000000001
2024-08-25 09:00:00,97.883136
2024-08-25 10:00:00,246.80624
2024-08-25 11:00:00,459.967216
2024-08-25 12:00:00,539.5213440000001
2024-08-25 13:00:00,469.97279999999995
2024-08-25 14:00:00,483.204416
2024-08-25 15:00:00,508.752264
2024-08-25 16:00:00,527.0031839999999
2024-08-25 17:00:00,392.12766400000004
2024-08-26 08:00:00,33.566832
2024-08-26 09:00:00,88.974912
2024-08-26 10:00:00,305.28211200000004
2024-08-26 11:00:00,476.045776
2024-08-26 12:00:00,686.0391999999999
2024-08-26 13:00:00,673.122344
2024-08-26 14:00:00,742.2694399999999
2024-08-26 15:00:00,587.5464959999999
2024-08-26 16:00:00,484.951936
2024-08-26 17:00:00,378.26928000000004
2024-08-27 08:00:00,36.293375999999995
2024-08-27 09:00:00,177.663616
2024-08-27 10:00:00,369.71056
2024-08-27 11:00:00,452.51273599999996
2024-08-27 12:00:00,422.630832
2024-08-27 13:00:00,477.056448
2024-08-27 14:00:00,688.559344
2024-08-27 15:00:00,685.463688
2024-08-27 16:00:00,588.025344
2024-08-27 17:00:00,416.180832
2024-08-28 08:00:00,31.934552
2024-08-28 09:00:00,192.5712
2024-08-28 10:00:00,298.479168
2024-08-28 11:00:00,518.957712
2024-08-28 12:00:00,499.11132
2024-08-28 13:00:00,690.8091039999999
2024-08-28 14:00:00,640.3236640000001
2024-08-28 15:00:00,468.864776
2024-08-28 16:00:00,413.64624
2024-08-28 17:00:00,333.14748799999995
2024-08-29 08:00:00,35.429247999999994
2024-08-29 09:00:00,135.60824
2024-08-29 10:00:00,330.391704
2024-08-29 11:00:00,354.718696
2024-08-29 12:00:00,296.54519999999997
2024-08-29 13:00:00,354.57455999999996
2024-08-29 14:00:00,675.649712
2024-08-29 15:00:00,638.581648
2024-08-29 16:00:00,605.3773920000001
2024-08-29 17:00:00,446.26982399999997
2024-08-30 08:00:00,34.193599999999996
2024-08-30 09:00:00,162.48599199999998
2024-08-30 10:00:00,232.246784
2024-08-30 11:00:00,405.86496
2024-08-30 12:00:00,606.220536
2024-08-30 13:00:00,621.732528
2024-08-30 14:00:00,676.215936
2024-08-30 15:00:00,617.857712
2024-08-30 16:00:00,556.248
2024-08-30 17:00:00,348.083968
2024-08-31 08:00:00,36.713744
2024-08-31 09:00:00,216.05435999999997
2024-08-31 10:00:00,408.414688
2024-08-31 11:00:00,572.16832
2024-08-31 12:00:00,646.8369600000001
2024-08-31 13:00:00,733.838
2024-08-31 14:00:00,723.92048
2024-08-31 15:00:00,581.661688
2024-08-31 16:00:00,486.44352
2024-08-31 17:00:00,319.03247999999996
2024-09-01 08:00:00,38.87028
2024-09-01 09:00:00,207.83448
2024-09-01 10:00:00,394.39084
2024-09-01 11:00:00,488.180376
2024-09-01 12:00:00,640.3236640000001
2024-09-01 13:00:00,709.2592000000001
2024-09-01 14:00:00,693.35092
2024-09-01 15:00:00,322.81063199999994
2024-09-01 16:00:00,562.8359439999999
2024-09-01 17:00:00,393.70662400000003
2024-09-02 08:00:00,37.567552
2024-09-02 09:00:00,218.32992
2024-09-02 10:00:00,385.788432
2024-09-02 11:00:00,488.180376
2024-09-02 12:00:00,604.489184
2024-09-02 13:00:00,750.470056
2024-09-02 14:00:00,601.966976
2024-09-02 15:00:00,569.178272
2024-09-02 16:00:00,545.191152
2024-09-02 17:00:00,386.529408
2024-09-03 08:00:00,38.467800000000004
2024-09-03 09:00:00,170.09768
2024-09-03 10:00:00,271.325184
2024-09-03 11:00:00,487.71632
2024-09-03 12:00:00,649.964952
2024-09-03 13:00:00,616.75072
2024-09-03 14:00:00,680.4264959999999
2024-09-03 15:00:00,644.162016
2024-09-03 16:00:00,562.9904
2024-09-03 17:00:00,409.25852
2024-09-04 08:00:00,42.072576
2024-09-04 09:00:00,62.830223999999994
2024-09-04 10:00:00,209.68864
2024-09-04 11:00:00,413.278848
2024-09-04 12:00:00,530.19
2024-09-04 13:00:00,630.122688
2024-09-04 14:00:00,464.676576
2024-09-04 15:00:00,545.0170880000001
2024-09-04 16:00:00,542.660344
2024-09-04 17:00:00,373.95036
2024-09-05 08:00:00,40.403832
2024-09-05 09:00:00,215.31716799999998
2024-09-05 10:00:00,395.557344
2024-09-05 11:00:00,557.705872
2024-09-05 12:00:00,682.1158800000001
2024-09-05 13:00:00,700.886928
2024-09-05 14:00:00,680.16024
2024-09-05 15:00:00,683.7990719999999
2024-09-05 16:00:00,533.4628160000001
2024-09-05 17:00:00,373.51279200000005
2024-09-06 08:00:00,48.549408
2024-09-06 09:00:00,191.63895999999997
2024-09-06 10:00:00,352.738632
2024-09-06 11:00:00,486.891064
2024-09-06 12:00:00,532.432192
2024-09-06 13:00:00,640.729584
2024-09-06 14:00:00,554.907776
2024-09-06 15:00:00,381.96452800000003
2024-09-06 16:00:00,497.62489600000004
2024-09-06 17:00:00,338.9088
2024-09-07 08:00:00,49.341296
2024-09-07 09:00:00,131.27384
2024-09-07 10:00:00,353.976
2024-09-07 11:00:00,528.630304
2024-09-07 12:00:00,499.19284799999997
2024-09-07 13:00:00,747.563256
2024-09-07 14:00:00,735.817032
2024-09-07 15:00:00,592.5881599999999
2024-09-07 16:00:00,571.09332
2024-09-07 17:00:00,351.715232
2024-09-08 08:00:00,40.064304
2024-09-08 09:00:00,183.63408
2024-09-08 10:00:00,331.490784
2024-09-08 11:00:00,473.52804
2024-09-08 12:00:00,548.6084480000001
2024-09-08 13:00:00,543.247552
2024-09-08 14:00:00,512.18332
2024-09-08 15:00:00,536.895936
2024-09-08 16:00:00,460.356624
2024-09-08 17:00:00,303.55316799999997
2024-09-09 08:00:00,23.387184
2024-09-09 09:00:00,150.0184
2024-09-09 10:00:00,376.40824000000003
2024-09-09 11:00:00,497.58912
2024-09-09 12:00:00,695.0262
2024-09-09 13:00:00,707.9750479999999
2024-09-09 14:00:00,544.4935200000001
2024-09-09 15:00:00,427.41312
2024-09-09 16:00:00,196.75286400000002
2024-09-09 17:00:00,301.39216
2024-09-10 08:00:00,8.62408
2024-09-10 09:00:00,182.641296
2024-09-10 10:00:00,208.76156
2024-09-10 11:00:00,306.361928
2024-09-10 12:00:00,316.545704
2024-09-10 13:00:00,379.88608
2024-09-10 14:00:00,548.763248
2024-09-10 15:00:00,383.502552
2024-09-10 16:00:00,295.577872
2024-09-10 17:00:00,316.879728
2024-09-11 08:00:00,54.028296
2024-09-11 09:00:00,222.255648
2024-09-11 10:00:00,356.94093599999997
2024-09-11 11:00:00,514.9514879999999
2024-09-11 12:00:00,691.359504
2024-09-11 13:00:00,729.070848
2024-09-11 14:00:00,641.3708
2024-09-11 15:00:00,563.66464
2024-09-11 16:00:00,496.540952
2024-09-11 17:00:00,406.875976
2024-09-12 08:00:00,24.185951999999997
2024-09-12 09:00:00,109.63968
2024-09-12 10:00:00,265.744128
2024-09-12 11:00:00,555.810432
2024-09-12 12:00:00,670.8220160000001
2024-09-12 13:00:00,716.210064
2024-09-12 14:00:00,531.8707840000001
2024-09-12 15:00:00,607.353328
2024-09-12 16:00:00,383.050536
2024-09-12 17:00:00,232.906576
2024-09-13 08:00:00,30.873312
2024-09-13 09:00:00,156.847488
2024-09-13 10:00:00,400.27151999999995
2024-09-13 11:00:00,518.53528
2024-09-13 12:00:00,685.4760719999999
2024-09-13 13:00:00,691.6563759999999
2024-09-13 14:00:00,754.532352
2024-09-13 15:00:00,677.6111999999999
2024-09-13 16:00:00,517.690416
2024-09-13 17:00:00,377.116192
2024-09-14 08:00:00,46.44
2024-09-14 09:00:00,58.433215999999994
2024-09-14 10:00:00,131.91024
2024-09-14 11:00:00,174.247008
2024-09-14 12:00:00,321.82919999999996
2024-09-14 13:00:00,528.912384
2024-09-14 14:00:00,571.825696
2024-09-14 15:00:00,584.645888
2024-09-14 16:00:00,547.646968
2024-09-14 17:00:00,399.45795999999996
2024-09-15 08:00:00,48.804311999999996
2024-09-15 09:00:00,166.69379999999998
2024-09-15 10:00:00,377.64835999999997
2024-09-15 11:00:00,452.824056
2024-09-15 12:00:00,392.01964799999996
2024-09-15 13:00:00,463.82552
2024-09-15 14:00:00,479.68048
2024-09-15 15:00:00,471.274496
2024-09-15 16:00:00,515.99656
2024-09-15 17:00:00,367.865344
2024-09-16 08:00:00,39.654944
2024-09-16 09:00:00,209.616056
2024-09-16 10:00:00,385.57171199999993
2024-09-16 11:00:00,553.328128
2024-09-16 12:00:00,639.74368
2024-09-16 13:00:00,716.8932480000001
2024-09-16 14:00:00,587.794176
2024-09-16 15:00:00,342.0306
2024-09-16 16:00:00,475.727232
2024-09-16 17:00:00,389.482304
2024-09-17 08:00:00,47.14864
2024-09-17 09:00:00,200.28092800000002
2024-09-17 10:00:00,306.463408
2024-09-17 11:00:00,476.76507999999995
2024-09-17 12:00:00,586.952064
2024-09-17 13:00:00,312.98152
2024-09-17 14:00:00,491.310432
2024-09-17 15:00:00,564.063336
2024-09-17 16:00:00,537.2674559999999
2024-09-17 17:00:00,398.77580800000004
2024-09-18 08:00:00,40.242152000000004
2024-09-18 09:00:00,159.99852800000002
2024-09-18 10:00:00,346.11216
2024-09-18 11:00:00,576.004608
2024-09-18 12:00:00,716.8134399999999
2024-09-18 13:00:00,758.563344
2024-09-18 14:00:00,714.368976
2024-09-18 15:00:00,668.613192
2024-09-18 16:00:00,520.6443439999999
2024-09-18 17:00:00,398.938176
2024-09-19 08:00:00,58.409824
2024-09-19 09:00:00,203.07352
2024-09-19 10:00:00,418.20768000000004
2024-09-19 11:00:00,535.5832320000001
2024-09-19 12:00:00,663.79272
2024-09-19 13:00:00,546.4044399999999
2024-09-19 14:00:00,696.1528
2024-09-19 15:00:00,582.00672
2024-09-19 16:00:00,511.788408
2024-09-19 17:00:00,359.472432
2024-09-20 08:00:00,55.36336
2024-09-20 09:00:00,208.51353600000002
2024-09-20 10:00:00,301.6364
2024-09-20 11:00:00,359.3596
2024-09-20 12:00:00,666.13536
2024-09-20 13:00:00,732.8218239999999
2024-09-20 14:00:00,647.8964800000001
2024-09-20 15:00:00,623.495184
2024-09-20 16:00:00,540.856752
2024-09-20 17:00:00,348.360544
2024-09-21 08:00:00,37.839999999999996
2024-09-21 09:00:00,69.186312
2024-09-21 10:00:00,108.1278
2024-09-21 11:00:00,230.738688
2024-09-21 12:00:00,345.125568
2024-09-21 13:00:00,251.33327999999997
2024-09-21 14:00:00,205.123072
2024-09-21 15:00:00,285.530664
2024-09-21 16:00:00,298.118656
2024-09-21 17:00:00,188.323488
2024-09-22 08:00:00,41.478144
2024-09-22 09:00:00,236.292912
2024-09-22 10:00:00,432.31512000000004
2024-09-22 11:00:00,599.996544
2024-09-22 12:00:00,709.151872
2024-09-22 13:00:00,739.48476
2024-09-22 14:00:00,768.09696
2024-09-22 15:00:00,689.901632
2024-09-22 16:00:00,529.38848
2024-09-22 17:00:00,374.047712
2024-09-23 08:00:00,58.699127999999995
2024-09-23 09:00:00,243.966864
2024-09-23 10:00:00,416.663808
2024-09-23 11:00:00,546.814144
2024-09-23 12:00:00,649.4376
2024-09-23 13:00:00,743.82432
2024-09-23 14:00:00,714.2134880000001
2024-09-23 15:00:00,540.81444
2024-09-23 16:00:00,465.33052
2024-09-23 17:00:00,242.25684
2024-09-24 08:00:00,61.99430400000001
2024-09-24 09:00:00,242.06076000000002
2024-09-24 10:00:00,429.685584
2024-09-24 11:00:00,584.07244
2024-09-24 12:00:00,658.9258080000001
2024-09-24 13:00:00,757.867432
2024-09-24 14:00:00,658.01696
2024-09-24 15:00:00,265.534288
2024-09-24 16:00:00,415.786608
2024-09-24 17:00:00,318.50100000000003
2024-09-25 08:00:00,63.614544
2024-09-25 09:00:00,208.50871999999998
2024-09-25 10:00:00,397.930944
2024-09-25 11:00:00,496.206584
2024-09-25 12:00:00,610.7148960000001
2024-09-25 13:00:00,589.47496
2024-09-25 14:00:00,493.01392000000004
2024-09-25 15:00:00,365.39817600000003
2024-09-25 16:00:00,525.100176
2024-09-25 17:00:00,409.56468
2024-09-26 08:00:00,26.76664
2024-09-26 09:00:00,105.822312
2024-09-26 10:00:00,60.224079999999994
2024-09-26 11:00:00,86.68628
2024-09-26 12:00:00,89.189568
2024-09-26 13:00:00,276.63379199999997
2024-09-26 14:00:00,337.11828
2024-09-26 15:00:00,319.06687999999997
2024-09-26 16:00:00,184.49683199999998
2024-09-26 17:00:00,92.434176
2024-09-27 08:00:00,67.536144
2024-09-27 09:00:00,200.80656
2024-09-27 10:00:00,373.25376
2024-09-27 11:00:00,494.24544
2024-09-27 12:00:00,327.940704
2024-09-27 13:00:00,462.231424
2024-09-27 14:00:00,773.4771199999999
2024-09-27 15:00:00,657.1865439999999
2024-09-27 16:00:00,540.81444
2024-09-27 17:00:00,387.37152
2024-09-28 08:00:00,58.52678399999999
2024-09-28 09:00:00,238.85674400000002
2024-09-28 10:00:00,443.42976
2024-09-28 11:00:00,604.6364159999999
2024-09-28 12:00:00,704.800272
2024-09-28 13:00:00,780.163104
2024-09-28 14:00:00,715.891176
2024-09-28 15:00:00,455.014992
2024-09-28 16:00:00,357.44352
2024-09-28 17:00:00,310.731072
2024-09-29 08:00:00,51.76512
2024-09-29 09:00:00,210.891264
2024-09-29 10:00:00,406.71051199999994
2024-09-29 11:00:00,524.435568
2024-09-29 12:00:00,564.415936
2024-09-29 13:00:00,324.446352
2024-09-29 14:00:00,635.664528
2024-09-29 15:00:00,629.27232
2024-09-29 16:00:00,232.4322
2024-09-29 17:00:00,295.56892799999997
2024-09-30 08:00:00,48.294847999999995
2024-09-30 09:00:00,202.18944
2024-09-30 10:00:00,397.89448
2024-09-30 11:00:00,634.110336
2024-09-30 12:00:00,563.603064
2024-09-30 13:00:00,479.94536
2024-09-30 14:00:00,412.11888
2024-09-30 15:00:00,520.0144799999999
2024-09-30 16:00:00,352.465152
2024-09-30 17:00:00,272.93235200000004
2024-10-01 08:00:00,57.64304799999999
2024-10-01 09:00:00,187.48
2024-10-01 10:00:00,309.093976
2024-10-01 11:00:00,320.25574400000005
2024-10-01 12:00:00,557.5049759999999
2024-10-01 13:00:00,707.996032
2024-10-01 14:00:00,659.301456
2024-10-01 15:00:00,511.54451199999994
2024-10-01 16:00:00,467.03641600000003
2024-10-01 17:00:00,355.29524
2024-10-02 08:00:00,57.573904
2024-10-02 09:00:00,246.00816000000003
2024-10-02 10:00:00,386.417264
2024-10-02 11:00:00,457.356944
2024-10-02 12:00:00,416.51795200000004
2024-10-02 13:00:00,448.934792
2024-10-02 14:00:00,725.9913600000001
2024-10-02 15:00:00,655.207168
2024-10-02 16:00:00,342.57583999999997
2024-10-02 17:00:00,362.07892
2024-10-03 08:00:00,57.64304799999999
2024-10-03 09:00:00,231.009072
2024-10-03 10:00:00,244.253072
2024-10-03 11:00:00,520.4376
2024-10-03 12:00:00,700.350976
2024-10-03 13:00:00,752.313208
2024-10-03 14:00:00,506.37832000000003
2024-10-03 15:00:00,301.62883199999993
2024-10-03 16:00:00,269.021416
2024-10-03 17:00:00,273.89108
2024-10-04 08:00:00,63.10645600000001
2024-10-04 09:00:00,191.56121599999997
2024-10-04 10:00:00,341.1104
2024-10-04 11:00:00,391.70248
2024-10-04 12:00:00,625.4539199999999
2024-10-04 13:00:00,666.6548
2024-10-04 14:00:00,545.514168
2024-10-04 15:00:00,408.120224
2024-10-04 16:00:00,206.53828800000002
2024-10-04 17:00:00,235.651008
2024-10-05 08:00:00,52.606888
2024-10-05 09:00:00,240.01671199999998
2024-10-05 10:00:00,421.27065600000003
2024-10-05 11:00:00,528.05376
2024-10-05 12:00:00,602.496048
2024-10-05 13:00:00,662.7046479999999
2024-10-05 14:00:00,445.592832
2024-10-05 15:00:00,168.985872
2024-10-05 16:00:00,217.37015999999997
2024-10-05 17:00:00,277.444256
2024-10-06 08:00:00,22.485216
2024-10-06 09:00:00,50.821184
2024-10-06 10:00:00,202.229344
2024-10-06 11:00:00,143.959872
2024-10-06 12:00:00,331.19460000000004
2024-10-06 13:00:00,473.24045600000005
2024-10-06 14:00:00,457.443632
2024-10-06 15:00:00,475.006896
2024-10-06 16:00:00,369.656552
2024-10-06 17:00:00,288.54032
2024-10-07 08:00:00,56.98704
2024-10-07 09:00:00,208.93012
2024-10-07 10:00:00,392.97459200000003
2024-10-07 11:00:00,557.705872
2024-10-07 12:00:00,702.567712
2024-10-07 13:00:00,730.300648
2024-10-07 14:00:00,714.6256
2024-10-07 15:00:00,644.7942879999999
2024-10-07 16:00:00,553.1024639999999
2024-10-07 17:00:00,385.94563999999997
2024-10-08 08:00:00,64.5258
2024-10-08 09:00:00,235.074464
2024-10-08 10:00:00,175.74272
2024-10-08 11:00:00,567.44176
2024-10-08 12:00:00,610.240176
2024-10-08 13:00:00,668.25784
2024-10-08 14:00:00,584.514136
2024-10-08 15:00:00,601.187472
2024-10-08 16:00:00,455.53924800000004
2024-10-08 17:00:00,303.212952
2024-10-09 08:00:00,57.66609599999999
2024-10-09 09:00:00,247.25688
2024-10-09 10:00:00,431.90128799999997
2024-10-09 11:00:00,614.1504239999999
2024-10-09 12:00:00,720.735728
2024-10-09 13:00:00,630.5251679999999
2024-10-09 14:00:00,639.624656
2024-10-09 15:00:00,651.750312
2024-10-09 16:00:00,512.16784
2024-10-09 17:00:00,294.83896
2024-10-10 08:00:00,51.68256
2024-10-10 09:00:00,214.639488
2024-10-10 10:00:00,422.617072
2024-10-10 11:00:00,564.512256
2024-10-10 12:00:00,592.002672
2024-10-10 13:00:00,514.304768
2024-10-10 14:00:00,620.798224
2024-10-10 15:00:00,602.1658080000001
2024-10-10 16:00:00,447.478984
2024-10-10 17:00:00,323.978168
2024-10-11 08:00:00,49.11803999999999
2024-10-11 09:00:00,256.16785600000003
2024-10-11 10:00:00,443.249504
2024-10-11 11:00:00,596.8135120000001
2024-10-11 12:00:00,716.5609440000001
2024-10-11 13:00:00,758.78144
2024-10-11 14:00:00,658.597632
2024-10-11 15:00:00,580.122976
2024-10-11 16:00:00,530.910336
2024-10-11 17:00:00,364.535424
2024-10-12 08:00:00,57.573904
2024-10-12 09:00:00,230.06376
2024-10-12 10:00:00,315.358904
2024-10-12 11:00:00,530.392272
2024-10-12 12:00:00,631.1134079999999
2024-10-12 13:00:00,728.971088
2024-10-12 14:00:00,458.57436
2024-10-12 15:00:00,368.16393600000004
2024-10-12 16:00:00,153.43776
2024-10-12 17:00:00,201.33632
2024-10-13 08:00:00,62.98089600000001
2024-10-13 09:00:00,247.4048
2024-10-13 10:00:00,424.496
2024-10-13 11:00:00,577.277064
2024-10-13 12:00:00,704.005632
2024-10-13 13:00:00,749.095776
2024-10-13 14:00:00,722.5320959999999
2024-10-13 15:00:00,554.171616
2024-10-13 16:00:00,503.07523199999997
2024-10-13 17:00:00,316.49376
2024-10-14 08:00:00,43.982808
2024-10-14 09:00:00,55.08403199999999
2024-10-14 10:00:00,159.64008
2024-10-14 11:00:00,135.445184
2024-10-14 12:00:00,229.09712
2024-10-14 13:00:00,269.259808
2024-10-14 14:00:00,323.990208
2024-10-14 15:00:00,260.746152
2024-10-14 16:00:00,231.11296
2024-10-14 17:00:00,160.78456799999998
2024-10-15 08:00:00,64.6548
2024-10-15 09:00:00,130.51084799999998
2024-10-15 10:00:00,107.07
2024-10-15 11:00:00,403.400544
2024-10-15 12:00:00,417.704064
2024-10-15 13:00:00,744.628248
2024-10-15 14:00:00,721.77048
2024-10-15 15:00:00,567.748608
2024-10-15 16:00:00,483.20304
2024-10-15 17:00:00,384.34913600000004
2024-10-16 08:00:00,71.23724
2024-10-16 09:00:00,139.742432
2024-10-16 10:00:00,238.116456
2024-10-16 11:00:00,162.68104000000002
2024-10-16 12:00:00,478.176168
2024-10-16 13:00:00,265.10016
2024-10-16 14:00:00,318.962304
2024-10-16 15:00:00,469.361856
2024-10-16 16:00:00,407.238552
2024-10-16 17:00:00,347.375328
2024-10-17 08:00:00,55.08403199999999
2024-10-17 09:00:00,225.19134400000002
2024-10-17 10:00:00,366.60767999999996
2024-10-17 11:00:00,209.94147999999998
2024-10-17 12:00:00,490.463848
2024-10-17 13:00:00,529.115
2024-10-17 14:00:00,703.182096
2024-10-17 15:00:00,620.21652
2024-10-17 16:00:00,545.782144
2024-10-17 17:00:00,341.03472
2024-10-18 08:00:00,56.964336
2024-10-18 09:00:00,236.31423999999998
2024-10-18 10:00:00,420.07628800000003
2024-10-18 11:00:00,549.9541760000001
2024-10-18 12:00:00,649.579328
2024-10-18 13:00:00,606.32064
2024-10-18 14:00:00,527.395
2024-10-18 15:00:00,230.832256
2024-10-18 16:00:00,239.027712
2024-10-18 17:00:00,351.33236
2024-10-19 08:00:00,55.216128000000005
2024-10-19 09:00:00,249.70478400000002
2024-10-19 10:00:00,457.356944
2024-10-19 11:00:00,606.763024
2024-10-19 12:00:00,652.754448
2024-10-19 13:00:00,766.4375039999999
2024-10-19 14:00:00,541.465288
2024-10-19 15:00:00,385.91089600000004
2024-10-19 16:00:00,553.4409599999999
2024-10-19 17:00:00,392.65536000000003
2024-10-20 08:00:00,44.970432
2024-10-20 09:00:00,87.404208
2024-10-20 10:00:00,251.912576
2024-10-20 11:00:00,416.688576
2024-10-20 12:00:00,327.89426399999996
2024-10-20 13:00:00,299.690736
2024-10-20 14:00:00,362.446656
2024-10-20 15:00:00,359.472432
2024-10-20 16:00:00,277.00255999999996
2024-10-20 17:00:00,114.19596
2024-10-21 08:00:00,79.66008000000001
2024-10-21 09:00:00,148.7542
2024-10-21 10:00:00,446.684
2024-10-21 11:00:00,573.752784
2024-10-21 12:00:00,618.686064
2024-10-21 13:00:00,730.058472
2024-10-21 14:00:00,763.293
2024-10-21 15:00:00,701.2728960000001
2024-10-21 16:00:00,570.198576
2024-10-21 17:00:00,410.44704
2024-10-22 08:00:00,76.7808
2024-10-22 09:00:00,276.495504
2024-10-22 10:00:00,465.687936
2024-10-22 11:00:00,535.548832
2024-10-22 12:00:00,628.6806399999999
2024-10-22 13:00:00,657.249152
2024-10-22 14:00:00,590.182912
2024-10-22 15:00:00,672.9094079999999
2024-10-22 16:00:00,521.440016
2024-10-22 17:00:00,345.54249599999997
2024-10-23 08:00:00,29.380351999999995
2024-10-23 09:00:00,221.90064
2024-10-23 10:00:00,412.453936
2024-10-23 11:00:00,562.606496
2024-10-23 12:00:00,700.61964
2024-10-23 13:00:00,770.423432
2024-10-23 14:00:00,738.495072
2024-10-23 15:00:00,646.392512
2024-10-23 16:00:00,544.6896
2024-10-23 17:00:00,398.69599999999997
2024-10-24 08:00:00,71.979936
2024-10-24 09:00:00,271.12703999999997
2024-10-24 10:00:00,425.614
2024-10-24 11:00:00,580.473168
2024-10-24 12:00:00,628.1653279999999
2024-10-24 13:00:00,718.1048159999999
2024-10-24 14:00:00,680.162304
2024-10-24 15:00:00,658.1146560000001
2024-10-24 16:00:00,552.684848
2024-10-24 17:00:00,345.40111199999996
2024-10-25 08:00:00,62.04384
2024-10-25 09:00:00,173.811848
2024-10-25 10:00:00,395.630272
2024-10-25 11:00:00,577.416384
2024-10-25 12:00:00,595.971744
2024-10-25 13:00:00,654.397392
2024-10-25 14:00:00,725.555168
2024-10-25 15:00:00,389.691456
2024-10-25 16:00:00,493.71396
2024-10-25 17:00:00,339.08217599999995
2024-10-26 08:00:00,76.90464000000001
2024-10-26 09:00:00,247.503872
2024-10-26 10:00:00,449.320416
2024-10-26 11:00:00,563.818752
2024-10-26 12:00:00,705.29288
2024-10-26 13:00:00,792.778272
2024-10-26 14:00:00,759.427472
2024-10-26 15:00:00,617.594208
2024-10-26 16:00:00,513.68832
2024-10-26 17:00:00,276.099904
2024-10-27 08:00:00,74.281296
2024-10-27 09:00:00,240.625248
2024-10-27 10:00:00,445.36166399999996
2024-10-27 11:00:00,577.9530239999999
2024-10-27 12:00:00,724.018176
2024-10-27 13:00:00,782.87176
2024-10-27 14:00:00,745.417728
2024-10-27 15:00:00,708.6069759999999
2024-10-27 16:00:00,558.326448
2024-10-27 17:00:00,384.89953599999996
2024-10-28 08:00:00,75.19564799999999
2024-10-28 09:00:00,213.28
2024-10-28 10:00:00,434.507776
2024-10-28 11:00:00,548.886744
2024-10-28 12:00:00,742.602432
2024-10-28 13:00:00,685.443048
2024-10-28 14:00:00,562.530816
2024-10-28 15:00:00,630.617704
2024-10-28 16:00:00,542.8932319999999
2024-10-28 17:00:00,383.31748000000005
2024-10-29 08:00:00,82.78600800000001
2024-10-29 09:00:00,272.66884799999997
2024-10-29 10:00:00,383.53247999999996
2024-10-29 11:00:00,580.7229120000001
2024-10-29 12:00:00,597.0842399999999
2024-10-29 13:00:00,625.178032
2024-10-29 14:00:00,735.882048
2024-10-29 15:00:00,485.4528
2024-10-29 16:00:00,483.7672
2024-10-29 17:00:00,303.55316799999997
2024-10-30 08:00:00,73.36832
2024-10-30 09:00:00,272.66884799999997
2024-10-30 10:00:00,472.753352
2024-10-30 11:00:00,570.4328399999999
2024-10-30 12:00:00,666.502408
2024-10-30 13:00:00,741.1548799999999
2024-10-30 14:00:00,720.123752
2024-10-30 15:00:00,645.203304
2024-10-30 16:00:00,471.266928
2024-10-30 17:00:00,364.730128
2024-10-31 08:00:00,72.18220799999999
2024-10-31 09:00:00,226.655408
2024-10-31 10:00:00,409.247168
2024-10-31 11:00:00,539.352784
2024-10-31 12:00:00,629.090688
2024-10-31 13:00:00,443.97052799999994
2024-10-31 14:00:00,649.964952
2024-10-31 15:00:00,663.855328
2024-10-31 16:00:00,521.493336
2024-10-31 17:00:00,323.71466399999997
2024-11-01 08:00:00,70.06867199999999
2024-11-01 09:00:00,268.80332
2024-11-01 10:00:00,465.605376
2024-11-01 11:00:00,623.060368
2024-11-01 12:00:00,697.202688
2024-11-01 13:00:00,731.8603439999999
2024-11-01 14:00:00,655.924752
2024-11-01 15:00:00,542.6235360000001
2024-11-01 16:00:00,306.935376
2024-11-01 17:00:00,286.991976
2024-11-02 08:00:00,12.972240000000001
2024-11-02 09:00:00,216.44858399999998
2024-11-02 10:00:00,396.592096
2024-11-02 11:00:00,536.51616
2024-11-02 12:00:00,577.746968
2024-11-02 13:00:00,364.51272
2024-11-02 14:00:00,240.67684800000004
2024-11-02 15:00:00,456.387552
2024-11-02 16:00:00,401.606928
2024-11-02 17:00:00,338.9088
2024-11-03 08:00:00,107.839872
2024-11-03 09:00:00,258.73272000000003
2024-11-03 10:00:00,442.8312
2024-11-03 11:00:00,549.22524
2024-11-03 12:00:00,676.8083039999999
2024-11-03 13:00:00,753.656872
2024-11-03 14:00:00,676.646624
2024-11-03 15:00:00,350.633696
2024-11-03 16:00:00,476.50329600000003
2024-11-03 17:00:00,393.70662400000003
2024-11-04 08:00:00,74.70028799999999
2024-11-04 09:00:00,19.835383999999998
2024-11-04 10:00:00,32.797648
2024-11-04 11:00:00,104.22649600000001
2024-11-04 12:00:00,327.798976
2024-11-04 13:00:00,541.465288
2024-11-04 14:00:00,606.154144
2024-11-04 15:00:00,691.098408
2024-11-04 16:00:00,538.8037599999999
2024-11-04 17:00:00,384.19295999999997
2024-11-05 08:00:00,75.02949599999998
2024-11-05 09:00:00,272.22783999999996
2024-11-05 10:00:00,465.140976
2024-11-05 11:00:00,625.76352
2024-11-05 12:00:00,701.46072
2024-11-05 13:00:00,726.148912
2024-11-05 14:00:00,755.9916
2024-11-05 15:00:00,585.02876
2024-11-05 16:00:00,438.07712
2024-11-05 17:00:00,327.0064
2024-11-06 08:00:00,80.969344
2024-11-06 09:00:00,103.69536
2024-11-06 10:00:00,316.41808
2024-11-06 11:00:00,457.49798400000003
2024-11-06 12:00:00,655.3027999999999
2024-11-06 13:00:00,723.9652
2024-11-06 14:00:00,649.7987999999999
2024-11-06 15:00:00,468.62638400000003
2024-11-06 16:00:00,345.406272
2024-11-06 17:00:00,181.610672
2024-11-07 08:00:00,80.011992
2024-11-07 09:00:00,266.380528
2024-11-07 10:00:00,476.50329600000003
2024-11-07 11:00:00,598.87648
2024-11-07 12:00:00,694.183744
2024-11-07 13:00:00,739.374336
2024-11-07 14:00:00,726.329168
2024-11-07 15:00:00,517.901632
2024-11-07 16:00:00,472.009968
2024-11-07 17:00:00,300.90849599999996
2024-11-08 08:00:00,73.48012
2024-11-08 09:00:00,59.60109599999999
2024-11-08 10:00:00,59.50615199999999
2024-11-08 11:00:00,271.52952
2024-11-08 12:00:00,609.576256
2024-11-08 13:00:00,801.3136
2024-11-08 14:00:00,769.6903679999999
2024-11-08 15:00:00,686.04092
2024-11-08 16:00:00,576.4752
2024-11-08 17:00:00,394.87278399999997
2024-11-09 08:00:00,82.626048
2024-11-09 09:00:00,266.691504
2024-11-09 10:00:00,416.17876800000005
2024-11-09 11:00:00,558.092184
2024-11-09 12:00:00,623.315616
2024-11-09 13:00:00,625.9448080000001
2024-11-09 14:00:00,485.42528
2024-11-09 15:00:00,403.1078
2024-11-09 16:00:00,393.45344
2024-11-09 17:00:00,325.163936
2024-11-10 08:00:00,83.119688
2024-11-10 09:00:00,24.185951999999997
2024-11-10 10:00:00,7.780248000000001
2024-11-10 11:00:00,80.011992
2024-11-10 12:00:00,401.171424
2024-11-10 13:00:00,743.1776
2024-11-10 14:00:00,739.6116959999999
2024-11-10 15:00:00,601.513584
2024-11-10 16:00:00,414.996096
2024-11-10 17:00:00,307.780928
2024-11-11 08:00:00,84.482272
2024-11-11 09:00:00,268.824992
2024-11-11 10:00:00,470.12691199999995
2024-11-11 11:00:00,629.899776
2024-11-11 12:00:00,694.719696
2024-11-11 13:00:00,748.5612
2024-11-11 14:00:00,601.20364
2024-11-11 15:00:00,333.38347200000004
2024-11-11 16:00:00,435.179952
2024-11-11 17:00:00,226.838416
2024-11-12 08:00:00,44.98832
2024-11-12 09:00:00,263.295192
2024-11-12 10:00:00,367.762488
2024-11-12 11:00:00,517.688352
2024-11-12 12:00:00,683.2318160000001
2024-11-12 13:00:00,749.095776
2024-11-12 14:00:00,706.21824
2024-11-12 15:00:00,528.27908
2024-11-12 16:00:00,322.550224
2024-11-12 17:00:00,288.47083200000003
2024-11-13 08:00:00,79.27824000000001
2024-11-13 09:00:00,245.55751999999998
2024-11-13 10:00:00,391.01276
2024-11-13 11:00:00,565.496784
2024-11-13 12:00:00,636.658688
2024-11-13 13:00:00,550.9504000000001
2024-11-13 14:00:00,347.04612
2024-11-13 15:00:00,181.59072
2024-11-13 16:00:00,379.264128
2024-11-13 17:00:00,280.90248799999995
2024-11-14 08:00:00,69.79932
2024-11-14 09:00:00,233.56636799999998
2024-11-14 10:00:00,451.15737600000006
2024-11-14 11:00:00,613.5721599999999
2024-11-14 12:00:00,687.409008
2024-11-14 13:00:00,720.211472
2024-11-14 14:00:00,550.845824
2024-11-14 15:00:00,490.76966400000003
2024-11-14 16:00:00,482.671904
2024-11-14 17:00:00,341.047104
2024-11-15 08:00:00,63.741824
2024-11-15 09:00:00,236.402304
2024-11-15 10:00:00,440.480304
2024-11-15 11:00:00,608.0372
2024-11-15 12:00:00,719.4309360000001
2024-11-15 13:00:00,761.0002400000001
2024-11-15 14:00:00,426.56516
2024-11-15 15:00:00,400.361304
2024-11-15 16:00:00,387.20330399999995
2024-11-15 17:00:00,194.41916799999998
2024-11-16 08:00:00,74.16708799999999
2024-11-16 09:00:00,264.778176
2024-11-16 10:00:00,282.988848
2024-11-16 11:00:00,349.074
2024-11-16 12:00:00,199.871568
2024-11-16 13:00:00,339.159576
2024-11-16 14:00:00,423.464
2024-11-16 15:00:00,614.651976
2024-11-16 16:00:00,464.58576
2024-11-16 17:00:00,278.29531199999997
2024-11-17 08:00:00,63.792736
2024-11-17 09:00:00,219.191296
2024-11-17 10:00:00,318.759
2024-11-17 11:00:00,577.5536400000001
2024-11-17 12:00:00,621.4559519999999
2024-11-17 13:00:00,680.998912
2024-11-17 14:00:00,543.506928
2024-11-17 15:00:00,222.21540000000002
2024-11-17 16:00:00,388.47919999999993
2024-11-17 17:00:00,336.303
2024-11-18 08:00:00,37.99135999999999
2024-11-18 09:00:00,145.79064
2024-11-18 10:00:00,354.039296
2024-11-18 11:00:00,547.24896
2024-11-18 12:00:00,542.7632
2024-11-18 13:00:00,528.9330239999999
2024-11-18 14:00:00,145.88352
2024-11-18 15:00:00,499.517928
2024-11-18 16:00:00,251.173664
2024-11-18 17:00:00,88.40284
2024-11-19 08:00:00,31.195296000000003
2024-11-19 09:00:00,80.29992
2024-11-19 10:00:00,146.31695999999997
2024-11-19 11:00:00,269.49132
2024-11-19 12:00:00,178.16448
2024-11-19 13:00:00,174.16100799999998
2024-11-19 14:00:00,177.165504
2024-11-19 15:00:00,129.23667199999997
2024-11-19 16:00:00,250.919104
2024-11-19 17:00:00,108.229968
2024-11-20 08:00:00,20.763840000000002
2024-11-20 09:00:00,63.741824
2024-11-20 10:00:00,93.66500799999999
2024-11-20 11:00:00,309.432816
2024-11-20 12:00:00,186.4566
2024-11-20 13:00:00,444.760352
2024-11-20 14:00:00,382.119672
2024-11-20 15:00:00,255.0072
2024-11-20 16:00:00,386.76092000000006
2024-11-20 17:00:00,302.126256
2024-11-21 08:00:00,39.76571200000001
2024-11-21 09:00:00,230.06376
2024-11-21 10:00:00,440.353368
2024-11-21 11:00:00,601.966976
2024-11-21 12:00:00,555.2008639999999
2024-11-21 13:00:00,450.997416
2024-11-21 14:00:00,205.9872
2024-11-21 15:00:00,297.8696
2024-11-21 16:00:00,314.42047199999996
2024-11-21 17:00:00,174.176832
2024-11-22 08:00:00,43.965264
2024-11-22 09:00:00,196.29672
2024-11-22 10:00:00,287.924904
2024-11-22 11:00:00,395.033432
2024-11-22 12:00:00,417.19287999999995
2024-11-22 13:00:00,513.6401599999999
2024-11-22 14:00:00,287.153656
2024-11-22 15:00:00,258.30272
2024-11-22 16:00:00,402.81024
2024-11-22 17:00:00,209.87096
2024-11-23 08:00:00,77.52384
2024-11-23 09:00:00,244.287472
2024-11-23 10:00:00,462.516944
2024-11-23 11:00:00,584.07244
2024-11-23 12:00:00,697.731072
2024-11-23 13:00:00,602.767808
2024-11-23 14:00:00,543.427808
2024-11-23 15:00:00,693.581744
2024-11-23 16:00:00,353.00936
2024-11-23 17:00:00,219.103232
2024-11-24 08:00:00,76.57061599999999
2024-11-24 09:00:00,192.96060799999998
2024-11-24 10:00:00,267.75756
2024-11-24 11:00:00,516.214656
2024-11-24 12:00:00,595.594032
2024-11-24 13:00:00,585.490752
2024-11-24 14:00:00,392.28693599999997
2024-11-24 15:00:00,540.0142960000001
2024-11-24 16:00:00,437.99593600000003
2024-11-24 17:00:00,236.593568
2024-11-25 08:00:00,43.0516
2024-11-25 09:00:00,217.12936
2024-11-25 10:00:00,376.341504
2024-11-25 11:00:00,524.850088
2024-11-25 12:00:00,665.632432
2024-11-25 13:00:00,728.385944
2024-11-25 14:00:00,509.867856
2024-11-25 15:00:00,340.28479999999996
2024-11-25 16:00:00,333.92424
2024-11-25 17:00:00,379.423744
2024-11-26 08:00:00,74.760144
2024-11-26 09:00:00,202.434024
2024-11-26 10:00:00,436.48233600000003
2024-11-26 11:00:00,471.77536
2024-11-26 12:00:00,660.3313919999999
2024-11-26 13:00:00,567.9612000000001
2024-11-26 14:00:00,481.697696
2024-11-26 15:00:00,215.42827999999997
2024-11-26 16:00:00,186.98395200000002
2024-11-26 17:00:00,396.431792
2024-11-27 08:00:00,11.24708
2024-11-27 09:00:00,18.117792
2024-11-27 10:00:00,72.41337599999999
2024-11-27 11:00:00,136.79469600000002
2024-11-27 12:00:00,218.26524799999999
2024-11-27 13:00:00,190.61452799999998
2024-11-27 14:00:00,400.96639999999996
2024-11-27 15:00:00,246.292992
2024-11-27 16:00:00,126.821792
2024-11-27 17:00:00,143.102968
2024-11-28 08:00:00,42.325416
2024-11-28 09:00:00,56.737296
2024-11-28 10:00:00,326.541312
2024-11-28 11:00:00,424.639792
2024-11-28 12:00:00,465.2256
2024-11-28 13:00:00,408.479704
2024-11-28 14:00:00,581.266432
2024-11-28 15:00:00,225.586944
2024-11-28 16:00:00,223.56216
2024-11-28 17:00:00,262.43588
2024-11-29 08:00:00,26.798632
2024-11-29 09:00:00,20.739072
2024-11-29 10:00:00,44.880992
2024-11-29 11:00:00,99.13735999999999
2024-11-29 12:00:00,126.62227200000001
2024-11-29 13:00:00,92.20403999999999
2024-11-29 14:00:00,154.06315199999997
2024-11-29 15:00:00,194.204512
2024-11-29 16:00:00,156.332176
2024-11-29 17:00:00,208.832768
2024-11-30 08:00:00,27.641088
2024-11-30 09:00:00,116.35180799999999
2024-11-30 10:00:00,390.59239199999996
2024-11-30 11:00:00,553.7196
2024-11-30 12:00:00,668.4215839999999
2024-11-30 13:00:00,553.9074240000001
2024-11-30 14:00:00,347.63745600000004
2024-11-30 15:00:00,536.0896
2024-11-30 16:00:00,439.283872
2024-11-30 17:00:00,397.01727999999997
2024-12-01 08:00:00,67.053168
2024-12-01 09:00:00,210.55070399999997
2024-12-01 10:00:00,363.332112
2024-12-01 11:00:00,431.08635200000003
2024-12-01 12:00:00,488.90105600000004
2024-12-01 13:00:00,382.27481600000004
2024-12-01 14:00:00,460.544448
2024-12-01 15:00:00,409.935168
2024-12-01 16:00:00,481.49129600000003
2024-12-01 17:00:00,284.52756000000005
2024-12-02 08:00:00,44.755776
2024-12-02 09:00:00,239.512752
2024-12-02 10:00:00,358.250544
2024-12-02 11:00:00,403.844992
2024-12-02 12:00:00,229.09712
2024-12-02 13:00:00,344.39904
2024-12-02 14:00:00,628.65484
2024-12-02 15:00:00,585.50692
2024-12-02 16:00:00,412.59531999999996
2024-12-02 17:00:00,196.53408
2024-12-03 08:00:00,28.49352
2024-12-03 09:00:00,129.34055999999998
2024-12-03 10:00:00,212.084256
2024-12-03 11:00:00,324.900432
2024-12-03 12:00:00,390.486096
2024-12-03 13:00:00,457.356944
2024-12-03 14:00:00,568.337536
2024-12-03 15:00:00,369.5076
2024-12-03 16:00:00,185.350984
2024-12-03 17:00:00,251.16299999999998
2024-12-04 08:00:00,50.760296
2024-12-04 09:00:00,68.048704
2024-12-04 10:00:00,161.03328000000002
2024-12-04 11:00:00,430.588928
2024-12-04 12:00:00,327.22862399999997
2024-12-04 13:00:00,314.033472
2024-12-04 14:00:00,313.777536
2024-12-04 15:00:00,207.836544
2024-12-04 16:00:00,223.98012
2024-12-04 17:00:00,229.144592
2024-12-05 08:00:00,47.3
2024-12-05 09:00:00,217.19472
2024-12-05 10:00:00,415.50384
2024-12-05 11:00:00,453.241328
2024-12-05 12:00:00,449.320416
2024-12-05 13:00:00,607.198528
2024-12-05 14:00:00,696.344064
2024-12-05 15:00:00,532.55672
2024-12-05 16:00:00,519.137968
2024-12-05 17:00:00,406.075488
2024-12-06 08:00:00,57.481712
2024-12-06 09:00:00,232.34104
2024-12-06 10:00:00,404.55947999999995
2024-12-06 11:00:00,532.1198400000001
2024-12-06 12:00:00,618.5808
2024-12-06 13:00:00,724.321928
2024-12-06 14:00:00,724.722688
2024-12-06 15:00:00,672.08484
2024-12-06 16:00:00,536.11712
2024-12-06 17:00:00,339.38352
2024-12-07 08:00:00,66.034584
2024-12-07 09:00:00,235.73288
2024-12-07 10:00:00,443.430448
2024-12-07 11:00:00,587.18564
2024-12-07 12:00:00,680.71408
2024-12-07 13:00:00,757.037016
2024-12-07 14:00:00,718.668288
2024-12-07 15:00:00,581.311152
2024-12-07 16:00:00,482.802624
2024-12-07 17:00:00,312.37676799999997
2024-12-08 08:00:00,67.695416
2024-12-08 09:00:00,250.55411999999998
2024-12-08 10:00:00,430.846584
2024-12-08 11:00:00,598.0749599999999
2024-12-08 12:00:00,688.4988000000001
2024-12-08 13:00:00,617.308
2024-12-08 14:00:00,428.1424
2024-12-08 15:00:00,455.38169600000003
2024-12-08 16:00:00,543.288488
2024-12-08 17:00:00,402.01559999999995
2024-12-09 08:00:00,28.414056000000002
2024-12-09 09:00:00,57.712192
2024-12-09 10:00:00,71.43710399999999
2024-12-09 11:00:00,300.29032800000004
2024-12-09 12:00:00,183.45107199999998
2024-12-09 13:00:00,611.2742400000001
2024-12-09 14:00:00,694.478208
2024-12-09 15:00:00,580.284656
2024-12-09 16:00:00,288.91975199999996
2024-12-09 17:00:00,242.319792
2024-12-10 08:00:00,30.1602
2024-12-10 09:00:00,86.68628
2024-12-10 10:00:00,332.046
2024-12-10 11:00:00,253.274472
2024-12-10 12:00:00,423.13203999999996
2024-12-10 13:00:00,492.998784
2024-12-10 14:00:00,514.304768
2024-12-10 15:00:00,298.603008
2024-12-10 16:00:00,268.62444
2024-12-10 17:00:00,289.12512
2024-12-11 08:00:00,24.137791999999997
2024-12-11 09:00:00,154.290192
2024-12-11 10:00:00,353.277336
2024-12-11 11:00:00,389.738584
2024-12-11 12:00:00,295.339824
2024-12-11 13:00:00,404.912424
2024-12-11 14:00:00,257.37048
2024-12-11 15:00:00,484.752416
2024-12-11 16:00:00,479.68736
2024-12-11 17:00:00,297.513216
2024-12-12 08:00:00,37.855135999999995
2024-12-12 09:00:00,60.840184
2024-12-12 10:00:00,281.016352
2024-12-12 11:00:00,452.214144
2024-12-12 12:00:00,551.0075039999999
2024-12-12 13:00:00,707.4415039999999
2024-12-12 14:00:00,651.778864
2024-12-12 15:00:00,440.604488
2024-12-12 16:00:00,338.6336
2024-12-12 17:00:00,259.36224000000004
2024-12-13 08:00:00,29.298479999999998
2024-12-13 09:00:00,103.144272
2024-12-13 10:00:00,166.15716
2024-12-13 11:00:00,221.497128
2024-12-13 12:00:00,305.120088
2024-12-13 13:00:00,368.30359999999996
2024-12-13 14:00:00,409.099248
2024-12-13 15:00:00,383.31748000000005
2024-12-13 16:00:00,316.56600000000003
2024-12-13 17:00:00,155.05077599999998
2024-12-14 08:00:00,44.773664000000004
2024-12-14 09:00:00,207.05738399999998
2024-12-14 10:00:00,389.27039999999994
2024-12-14 11:00:00,516.6364
2024-12-14 12:00:00,617.5157760000001
2024-12-14 13:00:00,676.5375760000001
2024-12-14 14:00:00,511.585792
2024-12-14 15:00:00,618.761744
2024-12-14 16:00:00,363.922416
2024-12-14 17:00:00,296.90949600000005
2024-12-15 08:00:00,54.07164
2024-12-15 09:00:00,221.137992
2024-12-15 10:00:00,393.947424
2024-12-15 11:00:00,535.2519599999999
2024-12-15 12:00:00,557.705184
2024-12-15 13:00:00,466.182264
2024-12-15 14:00:00,505.51178400000003
2024-12-15 15:00:00,460.3236
2024-12-15 16:00:00,321.29256
2024-12-15 17:00:00,362.10816
2024-12-16 08:00:00,57.550855999999996
2024-12-16 09:00:00,223.10395200000002
2024-12-16 10:00:00,365.92449600000003
2024-12-16 11:00:00,493.54368
2024-12-16 12:00:00,454.02668
2024-12-16 13:00:00,387.893024
2024-12-16 14:00:00,619.622432
2024-12-16 15:00:00,658.9980479999999
2024-12-16 16:00:00,318.128448
2024-12-16 17:00:00,267.134232
2024-12-17 08:00:00,49.800192
2024-12-17 09:00:00,201.7818
2024-12-17 10:00:00,343.99243199999995
2024-12-17 11:00:00,337.186392
2024-12-17 12:00:00,368.96063999999996
2024-12-17 13:00:00,575.063424
2024-12-17 14:00:00,521.8497199999999
2024-12-17 15:00:00,321.031808
2024-12-17 16:00:00,147.768296
2024-12-17 17:00:00,377.49528000000004
2024-12-18 08:00:00,39.639120000000005
2024-12-18 09:00:00,84.07772800000001
2024-12-18 10:00:00,256.2714
2024-12-18 11:00:00,342.67766399999994
2024-12-18 12:00:00,228.912736
2024-12-18 13:00:00,376.622896
2024-12-18 14:00:00,516.187136
2024-12-18 15:00:00,257.203296
2024-12-18 16:00:00,217.63332
2024-12-18 17:00:00,165.972432
2024-12-19 08:00:00,40.42
2024-12-19 09:00:00,102.9936
2024-12-19 10:00:00,272.255016
2024-12-19 11:00:00,450.63208799999995
2024-12-19 12:00:00,567.134568
2024-12-19 13:00:00,497.62489600000004
2024-12-19 14:00:00,603.2576639999999
2024-12-19 15:00:00,331.821368
2024-12-19 16:00:00,357.01008
2024-12-19 17:00:00,157.03737600000002
2024-12-20 08:00:00,29.263391999999996
2024-12-20 09:00:00,126.56723199999999
2024-12-20 10:00:00,288.158136
2024-12-20 11:00:00,372.95104
2024-12-20 12:00:00,438.66295199999996
2024-12-20 13:00:00,333.68963199999996
2024-12-20 14:00:00,519.59136
2024-12-20 15:00:00,450.312512
2024-12-20 16:00:00,453.50723999999997
2024-12-20 17:00:00,353.58452800000003
2024-12-21 08:00:00,50.882072
2024-12-21 09:00:00,219.42865600000002
2024-12-21 10:00:00,387.36051199999997
2024-12-21 11:00:00,487.28803999999997
2024-12-21 12:00:00,538.8037599999999
2024-12-21 13:00:00,534.268464
2024-12-21 14:00:00,286.995072
2024-12-21 15:00:00,317.528512
2024-12-21 16:00:00,552.245904
2024-12-21 17:00:00,374.557176
2024-12-22 08:00:00,45.634696000000005
2024-12-22 09:00:00,210.635672
2024-12-22 10:00:00,382.27481600000004
2024-12-22 11:00:00,440.353368
2024-12-22 12:00:00,567.815344
2024-12-22 13:00:00,594.886768
2024-12-22 14:00:00,676.5241599999999
2024-12-22 15:00:00,548.716464
2024-12-22 16:00:00,229.610712
2024-12-22 17:00:00,313.36336
2024-12-23 08:00:00,47.33783999999999
2024-12-23 09:00:00,220.423504
2024-12-23 10:00:00,401.964
2024-12-23 11:00:00,520.0076
2024-12-23 12:00:00,622.730472
2024-12-23 13:00:00,644.2156799999999
2024-12-23 14:00:00,497.58912
2024-12-23 15:00:00,477.1538
2024-12-23 16:00:00,457.52343999999994
2024-12-23 17:00:00,201.33632
2024-12-24 08:00:00,35.47156
2024-12-24 09:00:00,107.199
2024-12-24 10:00:00,135.974256
2024-12-24 11:00:00,413.468736
2024-12-24 12:00:00,490.466256
2024-12-24 13:00:00,301.862064
2024-12-24 14:00:00,241.47251999999997
2024-12-24 15:00:00,492.35516
2024-12-24 16:00:00,303.200224
2024-12-24 17:00:00,250.14819999999997
2024-12-25 08:00:00,39.670767999999995
2024-12-25 09:00:00,201.33632
2024-12-25 10:00:00,206.806608
2024-12-25 11:00:00,309.533952
2024-12-25 12:00:00,571.3606080000001
2024-12-25 13:00:00,518.324064
2024-12-25 14:00:00,643.862736
2024-12-25 15:00:00,572.452464
2024-12-25 16:00:00,353.18824
2024-12-25 17:00:00,275.89109599999995
2024-12-26 08:00:00,46.62576
2024-12-26 09:00:00,134.956016
2024-12-26 10:00:00,320.398848
2024-12-26 11:00:00,489.42256
2024-12-26 12:00:00,461.665888
2024-12-26 13:00:00,575.66852
2024-12-26 14:00:00,491.168016
2024-12-26 15:00:00,451.412624
2024-12-26 16:00:00,481.57248000000004
2024-12-26 17:00:00,411.44876800000003
2024-12-27 08:00:00,28.49352
2024-12-27 09:00:00,107.07
2024-12-27 10:00:00,208.593
2024-12-27 11:00:00,377.26961600000004
2024-12-27 12:00:00,461.85439999999994
2024-12-27 13:00:00,715.9740800000001
2024-12-27 14:00:00,652.717296
2024-12-27 15:00:00,687.9931200000001
2024-12-27 16:00:00,534.7080960000001
2024-12-27 17:00:00,364.08959999999996
2024-12-28 08:00:00,43.877544
2024-12-28 09:00:00,204.50112000000001
2024-12-28 10:00:00,404.338288
2024-12-28 11:00:00,549.6745040000001
2024-12-28 12:00:00,643.78912
2024-12-28 13:00:00,698.8786560000001
2024-12-28 14:00:00,724.800432
2024-12-28 15:00:00,646.6580799999999
2024-12-28 16:00:00,470.81216
2024-12-28 17:00:00,326.19972
2024-12-29 08:00:00,41.36256
2024-12-29 09:00:00,216.93155999999996
2024-12-29 10:00:00,407.39025599999997
2024-12-29 11:00:00,563.75408
2024-12-29 12:00:00,653.325488
2024-12-29 13:00:00,663.9936160000001
2024-12-29 14:00:00,670.691296
2024-12-29 15:00:00,496.780032
2024-12-29 16:00:00,442.888992
2024-12-29 17:00:00,348.22776000000005
2024-12-30 08:00:00,28.527576000000003
2024-12-30 09:00:00,151.793784
2024-12-30 10:00:00,278.22926400000006
2024-12-30 11:00:00,401.04896
2024-12-30 12:00:00,578.1222720000001
2024-12-30 13:00:00,697.57352
2024-12-30 14:00:00,601.053312
2024-12-30 15:00:00,543.956192
2024-12-30 16:00:00,261.16858399999995
2024-12-30 17:00:00,314.76344
2024-12-31 08:00:00,34.56511999999999
2024-12-31 09:00:00,152.28398399999998
2024-12-31 10:00:00,339.02232
2024-12-31 11:00:00,426.158208
2024-12-31 12:00:00,486.74073599999997
2024-12-31 13:00:00,582.153264
2024-12-31 14:00:00,587.18564
2024-12-31 15:00:00,271.21648
2024-12-31 16:00:00,300.419328
2024-12-31 17:00:00,294.08903999999995
2025-01-01 08:00:00,37.142711999999996
2025-01-01 09:00:00,193.970592
2025-01-01 10:00:00,392.28693599999997
2025-01-01 11:00:00,541.298448
2025-01-01 12:00:00,612.1442159999999
2025-01-01 13:00:00,611.4771999999999
2025-01-01 14:00:00,573.913088
2025-01-01 15:00:00,448.87356
2025-01-01 16:00:00,488.566
2025-01-01 17:00:00,375.73055999999997
2025-01-02 08:00:00,33.593664000000004
2025-01-02 09:00:00,181.641288
2025-01-02 10:00:00,398.74106400000005
2025-01-02 11:00:00,565.7496239999999
2025-01-02 12:00:00,656.9175359999999
2025-01-02 13:00:00,708.898344
2025-01-02 14:00:00,519.137968
2025-01-02 15:00:00,403.20033599999994
2025-01-02 16:00:00,489.77378400000003
2025-01-02 17:00:00,338.198784
2025-01-03 08:00:00,37.915679999999995
2025-01-03 09:00:00,207.140976
2025-01-03 10:00:00,401.11776
2025-01-03 11:00:00,558.092184
2025-01-03 12:00:00,655.0028319999999
2025-01-03 13:00:00,690.7540640000001
2025-01-03 14:00:00,719.4309360000001
2025-01-03 15:00:00,488.72905599999996
2025-01-03 16:00:00,509.6745279999999
2025-01-03 17:00:00,414.82684800000004
2025-01-04 08:00:00,37.961088
2025-01-04 09:00:00,186.682608
2025-01-04 10:00:00,359.680896
2025-01-04 11:00:00,473.389752
2025-01-04 12:00:00,563.06264
2025-01-04 13:00:00,669.549216
2025-01-04 14:00:00,585.750816
2025-01-04 15:00:00,402.911376
2025-01-04 16:00:00,541.298448
2025-01-04 17:00:00,424.00064
2025-01-05 08:00:00,37.961088
2025-01-05 09:00:00,201.25513600000002
2025-01-05 10:00:00,374.494224
2025-01-05 11:00:00,409.42535999999996
2025-01-05 12:00:00,654.7008
2025-01-05 13:00:00,720.615672
2025-01-05 14:00:00,692.7750639999999
2025-01-05 15:00:00,464.193256
2025-01-05 16:00:00,508.38349600000004
2025-01-05 17:00:00,400.59694399999995
2025-01-06 08:00:00,30.172239999999995
2025-01-06 09:00:00,154.1808
2025-01-06 10:00:00,318.63
2025-01-06 11:00:00,385.0392
2025-01-06 12:00:00,609.689088
2025-01-06 13:00:00,680.16024
2025-01-06 14:00:00,708.96852
2025-01-06 15:00:00,650.9525759999999
2025-01-06 16:00:00,452.10956799999997
2025-01-06 17:00:00,385.10112
2025-01-07 08:00:00,29.380351999999995
2025-01-07 09:00:00,158.1454
2025-01-07 10:00:00,389.37153600000005
2025-01-07 11:00:00,508.815216
2025-01-07 12:00:00,668.6586
2025-01-07 13:00:00,642.1103999999999
2025-01-07 14:00:00,592.5881599999999
2025-01-07 15:00:00,637.65216
2025-01-07 16:00:00,407.08272
2025-01-07 17:00:00,444.567368
2025-01-08 08:00:00,33.67416
2025-01-08 09:00:00,178.37397600000003
2025-01-08 10:00:00,351.61787999999996
2025-01-08 11:00:00,468.32676
2025-01-08 12:00:00,644.8926720000001
2025-01-08 13:00:00,738.495072
2025-01-08 14:00:00,668.4367199999999
2025-01-08 15:00:00,660.64856
2025-01-08 16:00:00,586.1072
2025-01-08 17:00:00,377.64491999999996
2025-01-09 08:00:00,33.566832
2025-01-09 09:00:00,203.649032
2025-01-09 10:00:00,390.59239199999996
2025-01-09 11:00:00,536.8635999999999
2025-01-09 12:00:00,644.0529680000001
2025-01-09 13:00:00,713.66928
2025-01-09 14:00:00,702.46176
2025-01-09 15:00:00,726.41448
2025-01-09 16:00:00,621.273632
2025-01-09 17:00:00,439.88483999999994
2025-01-10 08:00:00,15.51096
2025-01-10 09:00:00,39.639120000000005
2025-01-10 10:00:00,71.52275999999999
2025-01-10 11:00:00,88.792592
2025-01-10 12:00:00,94.00247199999998
2025-01-10 13:00:00,119.82689599999999
2025-01-10 14:00:00,62.167680000000004
2025-01-10 15:00:00,62.930672
2025-01-10 16:00:00,171.55073599999997
2025-01-10 17:00:00,81.16336
2025-01-11 08:00:00,4.336119999999999
2025-01-11 09:00:00,10.452096
2025-01-11 10:00:00,36.538992
2025-01-11 11:00:00,23.480064000000002
2025-01-11 12:00:00,38.218399999999995
2025-01-11 13:00:00,114.382752
2025-01-11 14:00:00,58.127055999999996
2025-01-11 15:00:00,81.32504
2025-01-11 16:00:00,144.19448
2025-01-11 17:00:00,151.90489599999998
2025-01-12 08:00:00,9.539463999999999
2025-01-12 09:00:00,79.309888
2025-01-12 10:00:00,158.84544
2025-01-12 11:00:00,296.152008
2025-01-12 12:00:00,359.0328
2025-01-12 13:00:00,468.740592
2025-01-12 14:00:00,374.368664
2025-01-12 15:00:00,509.13719999999995
2025-01-12 16:00:00,340.464024
2025-01-12 17:00:00,256.831432
2025-01-13 08:00:00,6.93504
2025-01-13 09:00:00,9.531896
2025-01-13 10:00:00,47.5838
2025-01-13 11:00:00,77.74056
2025-01-13 12:00:00,155.722264
2025-01-13 13:00:00,199.28057600000002
2025-01-13 14:00:00,204.843744
2025-01-13 15:00:00,265.74688000000003
2025-01-13 16:00:00,303.22224
2025-01-13 17:00:00,247.18464
2025-01-14 08:00:00,22.512047999999997
2025-01-14 09:00:00,127.28
2025-01-14 10:00:00,221.938136
2025-01-14 11:00:00,466.47432
2025-01-14 12:00:00,508.134096
2025-01-14 13:00:00,472.03955199999996
2025-01-14 14:00:00,489.35720000000003
2025-01-14 15:00:00,593.2926719999999
2025-01-14 16:00:00,489.613824
2025-01-14 17:00:00,286.995072
2025-01-15 08:00:00,18.197256
2025-01-15 09:00:00,118.585056
2025-01-15 10:00:00,213.71
2025-01-15 11:00:00,411.07862400000005
2025-01-15 12:00:00,418.71852
2025-01-15 13:00:00,449.28463999999997
2025-01-15 14:00:00,500.62319999999994
2025-01-15 15:00:00,324.25233599999996
2025-01-15 16:00:00,237.924504
2025-01-15 17:00:00,241.99299200000002
2025-01-16 08:00:00,11.24708
2025-01-16 09:00:00,158.59088
2025-01-16 10:00:00,330.793152
2025-01-16 11:00:00,493.802368
2025-01-16 12:00:00,615.332408
2025-01-16 13:00:00,673.980624
2025-01-16 14:00:00,646.923648
2025-01-16 15:00:00,667.743216
2025-01-16 16:00:00,384.90504
2025-01-16 17:00:00,346.81564000000003
2025-01-17 08:00:00,19.874944
2025-01-17 09:00:00,150.39129599999998
2025-01-17 10:00:00,325.42744
2025-01-17 11:00:00,467.69414399999994
2025-01-17 12:00:00,552.02196
2025-01-17 13:00:00,440.805384
2025-01-17 14:00:00,507.87506399999995
2025-01-17 15:00:00,443.173824
2025-01-17 16:00:00,418.04428
2025-01-17 17:00:00,327.65656
2025-01-18 08:00:00,13.87008
2025-01-18 09:00:00,107.285
2025-01-18 10:00:00,316.50752
2025-01-18 11:00:00,384.988288
2025-01-18 12:00:00,408.120224
2025-01-18 13:00:00,512.3756159999999
2025-01-18 14:00:00,585.121984
2025-01-18 15:00:00,520.425216
2025-01-18 16:00:00,455.908704
2025-01-18 17:00:00,314.89072
2025-01-19 08:00:00,15.585263999999999
2025-01-19 09:00:00,34.52384
2025-01-19 10:00:00,86.1032
2025-01-19 11:00:00,233.171456
2025-01-19 12:00:00,338.552072
2025-01-19 13:00:00,286.532736
2025-01-19 14:00:00,455.059712
2025-01-19 15:00:00,620.454912
2025-01-19 16:00:00,367.24992799999995
2025-01-19 17:00:00,267.97427999999996
2025-01-20 08:00:00,22.49416
2025-01-20 09:00:00,108.95787200000001
2025-01-20 10:00:00,330.024312
2025-01-20 11:00:00,475.82079999999996
2025-01-20 12:00:00,606.75408
2025-01-20 13:00:00,399.58764800000006
2025-01-20 14:00:00,478.387728
2025-01-20 15:00:00,325.352448
2025-01-20 16:00:00,252.048456
2025-01-20 17:00:00,331.686864
2025-01-21 08:00:00,7.792631999999999
2025-01-21 09:00:00,81.73268
2025-01-21 10:00:00,260.83112
2025-01-21 11:00:00,171.0368
2025-01-21 12:00:00,253.17230399999997
2025-01-21 13:00:00,399.67296
2025-01-21 14:00:00,290.3274
2025-01-21 15:00:00,213.366
2025-01-21 16:00:00,170.968
2025-01-21 17:00:00,122.635656
2025-01-22 08:00:00,21.663400000000003
2025-01-22 09:00:00,98.11843199999998
2025-01-22 10:00:00,203.77940800000002
2025-01-22 11:00:00,246.651096
2025-01-22 12:00:00,229.304208
2025-01-22 13:00:00,474.85759999999993
2025-01-22 14:00:00,388.36568
2025-01-22 15:00:00,374.190128
2025-01-22 16:00:00,222.61615999999998
2025-01-22 17:00:00,144.738
2025-01-23 08:00:00,6.943296
2025-01-23 09:00:00,57.85048
2025-01-23 10:00:00,222.29452
2025-01-23 11:00:00,337.971744
2025-01-23 12:00:00,259.557632
2025-01-23 13:00:00,464.116544
2025-01-23 14:00:00,616.841192
2025-01-23 15:00:00,323.92071999999996
2025-01-23 16:00:00,291.204256
2025-01-23 17:00:00,309.15830400000004
2025-01-24 08:00:00,15.597648000000001
2025-01-24 09:00:00,140.814336
2025-01-24 10:00:00,362.6964
2025-01-24 11:00:00,398.70288
2025-01-24 12:00:00,441.73728
2025-01-24 13:00:00,501.236208
2025-01-24 14:00:00,441.62719999999996
2025-01-24 15:00:00,456.78384
2025-01-24 16:00:00,362.960248
2025-01-24 17:00:00,356.8656
2025-01-25 08:00:00,14.719415999999997
2025-01-25 09:00:00,157.733632
2025-01-25 10:00:00,332.762896
2025-01-25 11:00:00,482.55288
2025-01-25 12:00:00,630.552
2025-01-25 13:00:00,539.752512
2025-01-25 14:00:00,383.51424799999995
2025-01-25 15:00:00,381.42719999999997
2025-01-25 16:00:00,347.097032
2025-01-25 17:00:00,349.63919200000004
2025-01-26 08:00:00,15.585263999999999
2025-01-26 09:00:00,152.712608
2025-01-26 10:00:00,291.64939200000003
2025-01-26 11:00:00,459.221424
2025-01-26 12:00:00,552.7099599999999
2025-01-26 13:00:00,613.9884
2025-01-26 14:00:00,491.39161600000006
2025-01-26 15:00:00,558.6167839999999
2025-01-26 16:00:00,358.88832
2025-01-26 17:00:00,325.760432
2025-01-27 08:00:00,17.31008
2025-01-27 09:00:00,170.38698399999998
2025-01-27 10:00:00,325.2348
2025-01-27 11:00:00,451.96268
2025-01-27 12:00:00,420.081792
2025-01-27 13:00:00,432.252856
2025-01-27 14:00:00,613.524
2025-01-27 15:00:00,392.870016
2025-01-27 16:00:00,322.81097600000004
2025-01-27 17:00:00,381.42719999999997
2025-01-28 08:00:00,21.603199999999998
2025-01-28 09:00:00,137.684624
2025-01-28 10:00:00,238.68095999999997
2025-01-28 11:00:00,481.445888
2025-01-28 12:00:00,504.33152
2025-01-28 13:00:00,586.2059280000001
2025-01-28 14:00:00,706.01872
2025-01-28 15:00:00,673.122344
2025-01-28 16:00:00,468.93185600000004
2025-01-28 17:00:00,276.076512
2025-01-29 08:00:00,12.073711999999999
2025-01-29 09:00:00,76.53999999999999
2025-01-29 10:00:00,202.066976
2025-01-29 11:00:00,234.608
2025-01-29 12:00:00,316.464864
2025-01-29 13:00:00,554.2872
2025-01-29 14:00:00,394.14144
2025-01-29 15:00:00,489.12672
2025-01-29 16:00:00,583.296376
2025-01-29 17:00:00,395.42112
2025-01-30 08:00:00,19.914504
2025-01-30 09:00:00,128.7936
2025-01-30 10:00:00,314.928216
2025-01-30 11:00:00,414.129216
2025-01-30 12:00:00,637.87232
2025-01-30 13:00:00,717.479424
2025-01-30 14:00:00,723.92048
2025-01-30 15:00:00,637.676928
2025-01-30 16:00:00,556.70208
2025-01-30 17:00:00,452.00224
2025-01-31 08:00:00,25.159472
2025-01-31 09:00:00,168.357728
2025-01-31 10:00:00,382.896424
2025-01-31 11:00:00,560.50156
2025-01-31 12:00:00,693.068496
2025-01-31 13:00:00,593.213896
2025-01-31 14:00:00,687.4434080000001
2025-01-31 15:00:00,416.01158399999997
2025-01-31 16:00:00,256.08392
2025-01-31 17:00:00,156.246864
2025-02-01 08:00:00,21.629
2025-02-01 09:00:00,138.18308000000002
2025-02-01 10:00:00,283.23584
2025-02-01 11:00:00,307.231216
2025-02-01 12:00:00,520.013792
2025-02-01 13:00:00,665.512032
2025-02-01 14:00:00,630.81
2025-02-01 15:00:00,569.785776
2025-02-01 16:00:00,473.52804
2025-02-01 17:00:00,429.160296
2025-02-02 08:00:00,24.22448
2025-02-02 09:00:00,73.12924
2025-02-02 10:00:00,209.26724
2025-02-02 11:00:00,392.76475200000004
2025-02-02 12:00:00,266.99904
2025-02-02 13:00:00,400.9836
2025-02-02 14:00:00,615.5030320000001
2025-02-02 15:00:00,641.895744
2025-02-02 16:00:00,478.29244
2025-02-02 17:00:00,242.131968
2025-02-03 08:00:00,23.35932
2025-02-03 09:00:00,165.18329599999998
2025-02-03 10:00:00,335.89536
2025-02-03 11:00:00,546.6270079999999
2025-02-03 12:00:00,622.14464
2025-02-03 13:00:00,740.169664
2025-02-03 14:00:00,666.776576
2025-02-03 15:00:00,727.786696
2025-02-03 16:00:00,596.355648
2025-02-03 17:00:00,475.83421599999997
2025-02-04 08:00:00,20.747328000000003
2025-02-04 09:00:00,149.22100799999998
2025-02-04 10:00:00,380.810752
2025-02-04 11:00:00,505.02295999999996
2025-02-04 12:00:00,615.922368
2025-02-04 13:00:00,745.885224
2025-02-04 14:00:00,681.280992
2025-02-04 15:00:00,637.277888
2025-02-04 16:00:00,587.9149199999999
2025-02-04 17:00:00,276.383016
2025-02-05 08:00:00,10.406687999999999
2025-02-05 09:00:00,56.19068
2025-02-05 10:00:00,134.48198399999998
2025-02-05 11:00:00,265.421112
2025-02-05 12:00:00,290.72368800000004
2025-02-05 13:00:00,287.80415999999997
2025-02-05 14:00:00,409.99296
2025-02-05 15:00:00,320.307
2025-02-05 16:00:00,313.09504
2025-02-05 17:00:00,251.6704
2025-02-06 08:00:00,23.40576
2025-02-06 09:00:00,162.81176
2025-02-06 10:00:00,377.01780800000006
2025-02-06 11:00:00,480.01312800000005
2025-02-06 12:00:00,707.66304
2025-02-06 13:00:00,791.325216
2025-02-06 14:00:00,798.27092
2025-02-06 15:00:00,708.09648
2025-02-06 16:00:00,559.701072
2025-02-06 17:00:00,409.25852
2025-02-07 08:00:00,22.503103999999997
2025-02-07 09:00:00,153.50896799999998
2025-02-07 10:00:00,374.70887999999997
2025-02-07 11:00:00,529.1002080000001
2025-02-07 12:00:00,673.1392000000001
2025-02-07 13:00:00,750.38784
2025-02-07 14:00:00,801.292272
2025-02-07 15:00:00,729.58444
2025-02-07 16:00:00,617.262592
2025-02-07 17:00:00,387.37152
2025-02-08 08:00:00,23.377895999999996
2025-02-08 09:00:00,178.021376
2025-02-08 10:00:00,347.800512
2025-02-08 11:00:00,539.64828
2025-02-08 12:00:00,665.0221760000001
2025-02-08 13:00:00,724.315392
2025-02-08 14:00:00,725.637384
2025-02-08 15:00:00,684.6267359999999
2025-02-08 16:00:00,572.578024
2025-02-08 17:00:00,442.88658399999997
2025-02-09 08:00:00,22.467328
2025-02-09 09:00:00,169.530768
2025-02-09 10:00:00,380.65664
2025-02-09 11:00:00,525.9333439999999
2025-02-09 12:00:00,637.4787839999999
2025-02-09 13:00:00,722.6889600000001
2025-02-09 14:00:00,654.627872
2025-02-09 15:00:00,688.8321359999999
2025-02-09 16:00:00,447.842936
2025-02-09 17:00:00,478.24944
2025-02-10 08:00:00,23.40576
2025-02-10 09:00:00,163.60296
2025-02-10 10:00:00,361.5526
2025-02-10 11:00:00,549.1616
2025-02-10 12:00:00,680.16024
2025-02-10 13:00:00,735.4479200000001
2025-02-10 14:00:00,755.6716799999999
2025-02-10 15:00:00,476.50226399999997
2025-02-10 16:00:00,430.17888
2025-02-10 17:00:00,400.8202
2025-02-11 08:00:00,22.40472
2025-02-11 09:00:00,173.672184
2025-02-11 10:00:00,375.406512
2025-02-11 11:00:00,561.992112
2025-02-11 12:00:00,693.0396
2025-02-11 13:00:00,769.8823199999999
2025-02-11 14:00:00,776.512576
2025-02-11 15:00:00,594.374552
2025-02-11 16:00:00,533.43048
2025-02-11 17:00:00,440.064752
2025-02-12 08:00:00,24.214848
2025-02-12 09:00:00,173.88168
2025-02-12 10:00:00,369.46116
2025-02-12 11:00:00,547.423712
2025-02-12 12:00:00,698.327224
2025-02-12 13:00:00,769.7667359999999
2025-02-12 14:00:00,782.156928
2025-02-12 15:00:00,738.3450879999999
2025-02-12 16:00:00,612.30624
2025-02-12 17:00:00,455.02428
2025-02-13 08:00:00,24.166688
2025-02-13 09:00:00,159.85508
2025-02-13 10:00:00,354.303488
2025-02-13 11:00:00,511.370792
2025-02-13 12:00:00,678.2097600000001
2025-02-13 13:00:00,703.7744640000001
2025-02-13 14:00:00,711.719488
2025-02-13 15:00:00,680.110704
2025-02-13 16:00:00,520.9449999999999
2025-02-13 17:00:00,348.33439999999996
2025-02-14 08:00:00,22.386832000000002
2025-02-14 09:00:00,177.520512
2025-02-14 10:00:00,359.94440000000003
2025-02-14 11:00:00,551.522816
2025-02-14 12:00:00,693.2628559999999
2025-02-14 13:00:00,745.159728
2025-02-14 14:00:00,685.377
2025-02-14 15:00:00,421.33292
2025-02-14 16:00:00,439.020024
2025-02-14 17:00:00,407.92379999999997
2025-02-15 08:00:00,23.303592
2025-02-15 09:00:00,161.369712
2025-02-15 10:00:00,366.719824
2025-02-15 11:00:00,546.2547999999999
2025-02-15 12:00:00,672.919728
2025-02-15 13:00:00,695.1208
2025-02-15 14:00:00,547.095192
2025-02-15 15:00:00,242.090688
2025-02-15 16:00:00,544.8320160000001
2025-02-15 17:00:00,452.51273599999996
2025-02-16 08:00:00,19.025952
2025-02-16 09:00:00,178.94914400000002
2025-02-16 10:00:00,365.21448000000004
2025-02-16 11:00:00,568.510912
2025-02-16 12:00:00,714.29536
2025-02-16 13:00:00,784.415632
2025-02-16 14:00:00,787.8095360000001
2025-02-16 15:00:00,739.1803199999999
2025-02-16 16:00:00,561.133144
2025-02-16 17:00:00,474.94187999999997
2025-02-17 08:00:00,22.512047999999997
2025-02-17 09:00:00,159.983736
2025-02-17 10:00:00,384.437544
2025-02-17 11:00:00,515.3670400000001
2025-02-17 12:00:00,691.076392
2025-02-17 13:00:00,496.697472
2025-02-17 14:00:00,366.860864
2025-02-17 15:00:00,660.828816
2025-02-17 16:00:00,362.485184
2025-02-17 17:00:00,387.832136
2025-02-18 08:00:00,11.206831999999999
2025-02-18 09:00:00,107.45700000000001
2025-02-18 10:00:00,235.8378
2025-02-18 11:00:00,211.825224
2025-02-18 12:00:00,508.340152
2025-02-18 13:00:00,650.75856
2025-02-18 14:00:00,588.8702079999999
2025-02-18 15:00:00,542.402688
2025-02-18 16:00:00,417.705096
2025-02-18 17:00:00,349.642976
2025-02-19 08:00:00,20.772096
2025-02-19 09:00:00,118.395168
2025-02-19 10:00:00,292.03020000000004
2025-02-19 11:00:00,456.308776
2025-02-19 12:00:00,393.866928
2025-02-19 13:00:00,337.23799199999996
2025-02-19 14:00:00,363.98812
2025-02-19 15:00:00,488.379552
2025-02-19 16:00:00,370.201104
2025-02-19 17:00:00,322.41743999999994
2025-02-20 08:00:00,24.185951999999997
2025-02-20 09:00:00,150.51238399999997
2025-02-20 10:00:00,321.309072
2025-02-20 11:00:00,501.616328
2025-02-20 12:00:00,647.7987840000001
2025-02-20 13:00:00,662.77104
2025-02-20 14:00:00,731.560032
2025-02-20 15:00:00,655.0028319999999
2025-02-20 16:00:00,591.404112
2025-02-20 17:00:00,426.80492799999996
2025-02-21 08:00:00,25.954800000000002
2025-02-21 09:00:00,185.50028
2025-02-21 10:00:00,378.497008
2025-02-21 11:00:00,538.8037599999999
2025-02-21 12:00:00,637.53864
2025-02-21 13:00:00,632.618064
2025-02-21 14:00:00,598.0749599999999
2025-02-21 15:00:00,537.985728
2025-02-21 16:00:00,275.089232
2025-02-21 17:00:00,319.291856
2025-02-22 08:00:00,25.059711999999998
2025-02-22 09:00:00,178.58966400000003
2025-02-22 10:00:00,364.91864000000004
2025-02-22 11:00:00,550.797664
2025-02-22 12:00:00,694.15072
2025-02-22 13:00:00,748.542624
2025-02-22 14:00:00,750.873568
2025-02-22 15:00:00,593.073888
2025-02-22 16:00:00,354.325504
2025-02-22 17:00:00,401.443872
2025-02-23 08:00:00,24.185951999999997
2025-02-23 09:00:00,122.389696
2025-02-23 10:00:00,280.1106
2025-02-23 11:00:00,456.22656
2025-02-23 12:00:00,524.619264
2025-02-23 13:00:00,475.14518400000003
2025-02-23 14:00:00,369.31152
2025-02-23 15:00:00,705.204472
2025-02-23 16:00:00,384.210848
2025-02-23 17:00:00,423.29200000000003
2025-02-24 08:00:00,23.340744
2025-02-24 09:00:00,170.8992
2025-02-24 10:00:00,363.074112
2025-02-24 11:00:00,546.9771999999999
2025-02-24 12:00:00,597.4110400000001
2025-02-24 13:00:00,614.37024
2025-02-24 14:00:00,609.689088
2025-02-24 15:00:00,713.8516
2025-02-24 16:00:00,507.15851200000003
2025-02-24 17:00:00,381.188808
2025-02-25 08:00:00,24.176319999999997
2025-02-25 09:00:00,152.28398399999998
2025-02-25 10:00:00,275.742144
2025-02-25 11:00:00,446.81471999999997
2025-02-25 12:00:00,388.70899199999997
2025-02-25 13:00:00,619.195872
2025-02-25 14:00:00,642.737856
2025-02-25 15:00:00,604.460976
2025-02-25 16:00:00,573.686048
2025-02-25 17:00:00,353.75928
2025-02-26 08:00:00,12.092975999999998
2025-02-26 09:00:00,115.96068
2025-02-26 10:00:00,328.905968
2025-02-26 11:00:00,546.04668
2025-02-26 12:00:00,593.8189920000001
2025-02-26 13:00:00,575.024208
2025-02-26 14:00:00,762.006784
2025-02-26 15:00:00,676.477376
2025-02-26 16:00:00,531.83088
2025-02-26 17:00:00,426.52387999999996
2025-02-27 08:00:00,17.2688
2025-02-27 09:00:00,131.963216
2025-02-27 10:00:00,273.188976
2025-02-27 11:00:00,469.007536
2025-02-27 12:00:00,569.751032
2025-02-27 13:00:00,505.43438399999997
2025-02-27 14:00:00,678.978256
2025-02-27 15:00:00,571.6764000000001
2025-02-27 16:00:00,390.96288
2025-02-27 17:00:00,270.08884800000004
2025-02-28 08:00:00,19.827472
2025-02-28 09:00:00,170.250072
2025-02-28 10:00:00,359.972608
2025-02-28 11:00:00,546.803136
2025-02-28 12:00:00,642.0065119999999
2025-02-28 13:00:00,700.600032
2025-02-28 14:00:00,754.1856
2025-02-28 15:00:00,644.003776
2025-02-28 16:00:00,538.95168
2025-02-28 17:00:00,438.79263999999995
2025-03-01 08:00:00,27.63008
2025-03-01 09:00:00,176.026176
2025-03-01 10:00:00,337.186392
2025-03-01 11:00:00,550.4027520000001
2025-03-01 12:00:00,678.473952
2025-03-01 13:00:00,677.646976
2025-03-01 14:00:00,568.24672
2025-03-01 15:00:00,603.547656
2025-03-01 16:00:00,612.7156
2025-03-01 17:00:00,479.232936
2025-03-02 08:00:00,29.333568
2025-03-02 09:00:00,197.150184
2025-03-02 10:00:00,378.88435200000004
2025-03-02 11:00:00,566.509864
2025-03-02 12:00:00,698.8786560000001
2025-03-02 13:00:00,789.10848
2025-03-02 14:00:00,749.511672
2025-03-02 15:00:00,609.991808
2025-03-02 16:00:00,604.434488
2025-03-02 17:00:00,441.198576
2025-03-03 08:00:00,29.368655999999998
2025-03-03 09:00:00,198.48249600000003
2025-03-03 10:00:00,407.35104
2025-03-03 11:00:00,593.3312
2025-03-03 12:00:00,732.698672
2025-03-03 13:00:00,793.1436
2025-03-03 14:00:00,811.007176
2025-03-03 15:00:00,747.7514239999999
2025-03-03 16:00:00,615.996672
2025-03-03 17:00:00,432.932256
2025-03-04 08:00:00,30.184279999999994
2025-03-04 09:00:00,198.937264
2025-03-04 10:00:00,400.59694399999995
2025-03-04 11:00:00,493.679216
2025-03-04 12:00:00,554.81696
2025-03-04 13:00:00,465.72783999999996
2025-03-04 14:00:00,411.616296
2025-03-04 15:00:00,356.242272
2025-03-04 16:00:00,608.626128
2025-03-04 17:00:00,469.394536
2025-03-05 08:00:00,27.597056
2025-03-05 09:00:00,157.95448
2025-03-05 10:00:00,319.421544
2025-03-05 11:00:00,475.53321600000004
2025-03-05 12:00:00,666.4518400000001
2025-03-05 13:00:00,658.951952
2025-03-05 14:00:00,433.451008
2025-03-05 15:00:00,445.14907200000005
2025-03-05 16:00:00,389.247008
2025-03-05 17:00:00,296.60780800000003
2025-03-06 08:00:00,25.903200000000002
2025-03-06 09:00:00,26.755976
2025-03-06 10:00:00,74.078336
2025-03-06 11:00:00,260.498816
2025-03-06 12:00:00,283.29363199999995
2025-03-06 13:00:00,358.31039999999996
2025-03-06 14:00:00,572.373
2025-03-06 15:00:00,415.66896
2025-03-06 16:00:00,510.69758400000006
2025-03-06 17:00:00,379.499424
2025-03-07 08:00:00,29.403744
2025-03-07 09:00:00,152.16152
2025-03-07 10:00:00,333.82516799999996
2025-03-07 11:00:00,568.802624
2025-03-07 12:00:00,684.075648
2025-03-07 13:00:00,776.56968
2025-03-07 14:00:00,759.7480800000001
2025-03-07 15:00:00,721.39896
2025-03-07 16:00:00,612.900672
2025-03-07 17:00:00,315.979136
2025-03-08 08:00:00,30.972383999999998
2025-03-08 09:00:00,182.420448
2025-03-08 10:00:00,396.04032
2025-03-08 11:00:00,554.9631599999999
2025-03-08 12:00:00,541.519296
2025-03-08 13:00:00,675.3985919999999
2025-03-08 14:00:00,789.433216
2025-03-08 15:00:00,683.7897839999999
2025-03-08 16:00:00,328.126464
2025-03-08 17:00:00,326.27712
2025-03-09 08:00:00,25.830960000000005
2025-03-09 09:00:00,146.589408
2025-03-09 10:00:00,145.223728
2025-03-09 11:00:00,48.256319999999995
2025-03-09 12:00:00,214.99656
2025-03-09 13:00:00,324.38339999999994
2025-03-09 14:00:00,463.17398399999996
2025-03-09 15:00:00,434.57347999999996
2025-03-09 16:00:00,445.477248
2025-03-09 17:00:00,304.62335199999995
2025-03-10 08:00:00,28.38
2025-03-10 09:00:00,172.191264
2025-03-10 10:00:00,330.70439999999996
2025-03-10 11:00:00,515.1609840000001
2025-03-10 12:00:00,517.47576
2025-03-10 13:00:00,655.966032
2025-03-10 14:00:00,639.621216
2025-03-10 15:00:00,532.48104
2025-03-10 16:00:00,322.02872
2025-03-10 17:00:00,338.610552
2025-03-11 08:00:00,11.233664
2025-03-11 09:00:00,73.723328
2025-03-11 10:00:00,167.14409600000002
2025-03-11 11:00:00,406.37958399999997
2025-03-11 12:00:00,342.16992000000005
2025-03-11 13:00:00,373.886032
2025-03-11 14:00:00,356.677776
2025-03-11 15:00:00,621.784128
2025-03-11 16:00:00,628.870528
2025-03-11 17:00:00,416.34319999999997
2025-03-12 08:00:00,29.321871999999995
2025-03-12 09:00:00,132.069168
2025-03-12 10:00:00,395.309664
2025-03-12 11:00:00,486.692576
2025-03-12 12:00:00,679.60296
2025-03-12 13:00:00,535.1105759999999
2025-03-12 14:00:00,386.14
2025-03-12 15:00:00,262.63367999999997
2025-03-12 16:00:00,442.68328
2025-03-12 17:00:00,225.34752
2025-03-13 08:00:00,17.32384
2025-03-13 09:00:00,113.15570399999999
2025-03-13 10:00:00,196.15224
2025-03-13 11:00:00,415.325304
2025-03-13 12:00:00,499.924536
2025-03-13 13:00:00,619.9636800000001
2025-03-13 14:00:00,650.420752
2025-03-13 15:00:00,654.9333439999999
2025-03-13 16:00:00,630.0119199999999
2025-03-13 17:00:00,411.454272
2025-03-14 08:00:00,21.629
2025-03-14 09:00:00,157.29056
2025-03-14 10:00:00,398.903088
2025-03-14 11:00:00,577.452848
2025-03-14 12:00:00,709.5165119999999
2025-03-14 13:00:00,721.1560959999999
2025-03-14 14:00:00,719.4309360000001
2025-03-14 15:00:00,730.898864
2025-03-14 16:00:00,441.987712
2025-03-14 17:00:00,444.036576
2025-03-15 08:00:00,20.689536
2025-03-15 09:00:00,72.89532
2025-03-15 10:00:00,220.60169600000003
2025-03-15 11:00:00,444.21752
2025-03-15 12:00:00,488.42496
2025-03-15 13:00:00,727.128624
2025-03-15 14:00:00,550.6201599999999
2025-03-15 15:00:00,430.76815200000004
2025-03-15 16:00:00,343.16064
2025-03-15 17:00:00,331.521056
2025-03-16 08:00:00,25.019808000000005
2025-03-16 09:00:00,153.68544
2025-03-16 10:00:00,359.097472
2025-03-16 11:00:00,477.02479999999997
2025-03-16 12:00:00,705.29288
2025-03-16 13:00:00,722.1781199999999
2025-03-16 14:00:00,653.659512
2025-03-16 15:00:00,596.992048
2025-03-16 16:00:00,560.98832
2025-03-16 17:00:00,313.777536
2025-03-17 08:00:00,37.083543999999996
2025-03-17 09:00:00,173.25319199999998
2025-03-17 10:00:00,274.22441599999996
2025-03-17 11:00:00,320.985712
2025-03-17 12:00:00,611.965336
2025-03-17 13:00:00,716.47632
2025-03-17 14:00:00,749.292544
2025-03-17 15:00:00,717.2193599999999
2025-03-17 16:00:00,608.7854
2025-03-17 17:00:00,389.85038399999996
2025-03-18 08:00:00,39.70241600000001
2025-03-18 09:00:00,204.66624000000002
2025-03-18 10:00:00,407.70329599999997
2025-03-18 11:00:00,569.8188
2025-03-18 12:00:00,654.8556
2025-03-18 13:00:00,734.073984
2025-03-18 14:00:00,710.3551839999999
2025-03-18 15:00:00,691.9257279999999
2025-03-18 16:00:00,487.3792
2025-03-18 17:00:00,478.84284
2025-03-19 08:00:00,6.053712
2025-03-19 09:00:00,46.551455999999995
2025-03-19 10:00:00,83.453368
2025-03-19 11:00:00,111.84472
2025-03-19 12:00:00,173.85897599999998
2025-03-19 13:00:00,79.27824000000001
2025-03-19 14:00:00,145.63068
2025-03-19 15:00:00,125.861344
2025-03-19 16:00:00,84.51598399999999
2025-03-19 17:00:00,49.21608
2025-03-20 08:00:00,3.4702719999999996
2025-03-20 09:00:00,13.00836
2025-03-20 10:00:00,43.3096
2025-03-20 11:00:00,42.39284
2025-03-20 12:00:00,54.50508
2025-03-20 13:00:00,74.37417599999999
2025-03-20 14:00:00,79.563072
2025-03-20 15:00:00,107.194528
2025-03-20 16:00:00,64.047296
2025-03-20 17:00:00,72.61564800000001
2025-03-21 08:00:00,24.301536000000002
2025-03-21 09:00:00,69.994368
2025-03-21 10:00:00,161.550656
2025-03-21 11:00:00,364.135352
2025-03-21 12:00:00,641.44992
2025-03-21 13:00:00,680.694816
2025-03-21 14:00:00,520.8600319999999
2025-03-21 15:00:00,425.831752
2025-03-21 16:00:00,568.2109439999999
2025-03-21 17:00:00,406.502392
2025-03-22 08:00:00,7.80192
2025-03-22 09:00:00,41.412096000000005
2025-03-22 10:00:00,150.996736
2025-03-22 11:00:00,333.7488
2025-03-22 12:00:00,474.66496
2025-03-22 13:00:00,539.4621759999999
2025-03-22 14:00:00,708.52992
2025-03-22 15:00:00,674.834776
2025-03-22 16:00:00,502.1247599999999
2025-03-22 17:00:00,447.23096
2025-03-23 08:00:00,36.293375999999995
2025-03-23 09:00:00,118.05564
2025-03-23 10:00:00,292.119984
2025-03-23 11:00:00,460.35456
2025-03-23 12:00:00,592.71888
2025-03-23 13:00:00,689.9539199999999
2025-03-23 14:00:00,717.9032319999999
2025-03-23 15:00:00,699.165552
2025-03-23 16:00:00,566.656064
2025-03-23 17:00:00,397.282848
2025-03-24 08:00:00,23.350032
2025-03-24 09:00:00,69.437088
2025-03-24 10:00:00,304.072608
2025-03-24 11:00:00,503.9489919999999
2025-03-24 12:00:00,506.936288
2025-03-24 13:00:00,720.4192479999999
2025-03-24 14:00:00,503.356968
2025-03-24 15:00:00,537.7063999999999
2025-03-24 16:00:00,554.43168
2025-03-24 17:00:00,446.996352
2025-03-25 08:00:00,37.915679999999995
2025-03-25 09:00:00,200.40236000000002
2025-03-25 10:00:00,413.300864
2025-03-25 11:00:00,579.609728
2025-03-25 12:00:00,699.18688
2025-03-25 13:00:00,782.35576
2025-03-25 14:00:00,745.19344
2025-03-25 15:00:00,658.35752
2025-03-25 16:00:00,513.46816
2025-03-25 17:00:00,267.303136
2025-03-26 08:00:00,40.484672
2025-03-26 09:00:00,221.72176
2025-03-26 10:00:00,431.58239999999995
2025-03-26 11:00:00,610.2818
2025-03-26 12:00:00,712.5788
2025-03-26 13:00:00,778.8820479999999
2025-03-26 14:00:00,771.035408
2025-03-26 15:00:00,720.508344
2025-03-26 16:00:00,594.33912
2025-03-26 17:00:00,444.02144
2025-03-27 08:00:00,43.912632
2025-03-27 09:00:00,224.678784
2025-03-27 10:00:00,424.966592
2025-03-27 11:00:00,598.3591039999999
2025-03-27 12:00:00,699.4042880000001
2025-03-27 13:00:00,760.7903999999999
2025-03-27 14:00:00,713.8292399999999
2025-03-27 15:00:00,567.119776
2025-03-27 16:00:00,502.257888
2025-03-27 17:00:00,457.170496
2025-03-28 08:00:00,41.263488
2025-03-28 09:00:00,218.632984
2025-03-28 10:00:00,364.684032
2025-03-28 11:00:00,471.459912
2025-03-28 12:00:00,660.3551279999999
2025-03-28 13:00:00,741.99424
2025-03-28 14:00:00,553.6569920000001
2025-03-28 15:00:00,678.465008
2025-03-28 16:00:00,450.97368
2025-03-28 17:00:00,279.94032000000004
2025-03-29 08:00:00,43.912632
2025-03-29 09:00:00,167.21152
2025-03-29 10:00:00,258.73272000000003
2025-03-29 11:00:00,444.9984
2025-03-29 12:00:00,645.9969120000001
2025-03-29 13:00:00,771.352576
2025-03-29 14:00:00,696.936432
2025-03-29 15:00:00,375.12374400000004
2025-03-29 16:00:00,312.935424
2025-03-29 17:00:00,477.54251999999997
2025-03-30 08:00:00,40.42
2025-03-30 09:00:00,221.00624000000002
2025-03-30 10:00:00,391.01276
2025-03-30 11:00:00,551.522816
2025-03-30 12:00:00,685.470912
2025-03-30 13:00:00,730.894736
2025-03-30 14:00:00,727.4223999999999
2025-03-30 15:00:00,521.054392
2025-03-30 16:00:00,285.954816
2025-03-30 17:00:00,413.45910399999997
2025-03-31 08:00:00,45.61646399999999
2025-03-31 09:00:00,58.667136
2025-03-31 10:00:00,205.82208
2025-03-31 11:00:00,474.586528
2025-03-31 12:00:00,550.3484000000001
2025-03-31 13:00:00,700.00388
2025-03-31 14:00:00,782.42112
2025-03-31 15:00:00,608.875872
2025-03-31 16:00:00,333.92424
2025-03-31 17:00:00,142.873176
2025-04-01 08:00:00,45.689392
2025-04-01 09:00:00,219.69388
2025-04-01 10:00:00,422.960384
2025-04-01 11:00:00,599.338816
2025-04-01 12:00:00,727.07152
2025-04-01 13:00:00,785.11808
2025-04-01 14:00:00,787.6688399999999
2025-04-01 15:00:00,690.185776
2025-04-01 16:00:00,552.468128
2025-04-01 17:00:00,419.885712
2025-04-02 08:00:00,45.78055199999999
2025-04-02 09:00:00,200.38
2025-04-02 10:00:00,439.32239999999996
2025-04-02 11:00:00,535.016664
2025-04-02 12:00:00,733.901296
2025-04-02 13:00:00,621.52888
2025-04-02 14:00:00,521.226048
2025-04-02 15:00:00,519.3368
2025-04-02 16:00:00,586.348
2025-04-02 17:00:00,407.25644
2025-04-03 08:00:00,44.12316
2025-04-03 09:00:00,163.99718399999998
2025-04-03 10:00:00,434.860032
2025-04-03 11:00:00,524.8635039999999
2025-04-03 12:00:00,703.645808
2025-04-03 13:00:00,777.32992
2025-04-03 14:00:00,685.195024
2025-04-03 15:00:00,533.274648
2025-04-03 16:00:00,449.283952
2025-04-03 17:00:00,281.5296
2025-04-04 08:00:00,30.220399999999998
2025-04-04 09:00:00,151.61112
2025-04-04 10:00:00,367.8048
2025-04-04 11:00:00,571.972928
2025-04-04 12:00:00,668.9520319999999
2025-04-04 13:00:00,629.842672
2025-04-04 14:00:00,489.626208
2025-04-04 15:00:00,421.27065600000003
2025-04-04 16:00:00,492.864624
2025-04-04 17:00:00,400.75965599999995
2025-04-05 08:00:00,45.707623999999996
2025-04-05 09:00:00,149.04144
2025-04-05 10:00:00,246.452264
2025-04-05 11:00:00,260.85175999999996
2025-04-05 12:00:00,423.776352
2025-04-05 13:00:00,661.686752
2025-04-05 14:00:00,647.49572
2025-04-05 15:00:00,684.0784
2025-04-05 16:00:00,581.87428
2025-04-05 17:00:00,397.209232
2025-04-06 08:00:00,48.314112
2025-04-06 09:00:00,223.33718399999998
2025-04-06 10:00:00,422.94800000000004
2025-04-06 11:00:00,596.945952
2025-04-06 12:00:00,505.249312
2025-04-06 13:00:00,692.472
2025-04-06 14:00:00,768.72992
2025-04-06 15:00:00,626.2176
2025-04-06 16:00:00,477.47337600000003
2025-04-06 17:00:00,401.80060000000003
2025-04-07 08:00:00,35.485664
2025-04-07 09:00:00,142.35408
2025-04-07 10:00:00,213.194688
2025-04-07 11:00:00,351.33923999999996
2025-04-07 12:00:00,426.884736
2025-04-07 13:00:00,440.351648
2025-04-07 14:00:00,637.4777520000001
2025-04-07 15:00:00,624.769704
2025-04-07 16:00:00,540.0142960000001
2025-04-07 17:00:00,269.391904
2025-04-08 08:00:00,40.63018400000001
2025-04-08 09:00:00,68.82751999999999
2025-04-08 10:00:00,153.570544
2025-04-08 11:00:00,156.75047999999998
2025-04-08 12:00:00,240.403368
2025-04-08 13:00:00,303.826992
2025-04-08 14:00:00,557.218768
2025-04-08 15:00:00,486.245376
2025-04-08 16:00:00,585.98508
2025-04-08 17:00:00,371.74016
2025-04-09 08:00:00,37.855135999999995
2025-04-09 09:00:00,234.135
2025-04-09 10:00:00,431.54972
2025-04-09 11:00:00,556.951824
2025-04-09 12:00:00,658.1146560000001
2025-04-09 13:00:00,490.5096
2025-04-09 14:00:00,445.05206400000003
2025-04-09 15:00:00,366.570872
2025-04-09 16:00:00,528.4356
2025-04-09 17:00:00,358.659904
2025-04-10 08:00:00,47.50812
2025-04-10 09:00:00,238.58463999999998
2025-04-10 10:00:00,416.857136
2025-04-10 11:00:00,592.6046719999999
2025-04-10 12:00:00,689.11456
2025-04-10 13:00:00,675.13784
2025-04-10 14:00:00,632.2971120000001
2025-04-10 15:00:00,437.328232
2025-04-10 16:00:00,430.88063999999997
2025-04-10 17:00:00,380.4984
2025-04-11 08:00:00,34.66144
2025-04-11 09:00:00,7.7709600000000005
2025-04-11 10:00:00,9.490272
2025-04-11 11:00:00,98.86044
2025-04-11 12:00:00,305.663264
2025-04-11 13:00:00,391.70248
2025-04-11 14:00:00,610.934368
2025-04-11 15:00:00,723.3288
2025-04-11 16:00:00,612.30624
2025-04-11 17:00:00,428.1424
2025-04-12 08:00:00,52.35508
2025-04-12 09:00:00,234.694344
2025-04-12 10:00:00,407.9152
2025-04-12 11:00:00,509.26964
2025-04-12 12:00:00,711.994
2025-04-12 13:00:00,738.649184
2025-04-12 14:00:00,721.6404479999999
2025-04-12 15:00:00,677.3738400000001
2025-04-12 16:00:00,396.06096
2025-04-12 17:00:00,184.719744
2025-04-13 08:00:00,47.50812
2025-04-13 09:00:00,188.615544
2025-04-13 10:00:00,340.741632
2025-04-13 11:00:00,488.180376
2025-04-13 12:00:00,630.9400320000001
2025-04-13 13:00:00,281.07552000000004
2025-04-13 14:00:00,487.78787200000005
2025-04-13 15:00:00,380.184672
2025-04-13 16:00:00,355.177248
2025-04-13 17:00:00,451.96268
2025-04-14 08:00:00,31.909095999999998
2025-04-14 09:00:00,179.29968
2025-04-14 10:00:00,351.61787999999996
2025-04-14 11:00:00,573.147344
2025-04-14 12:00:00,707.770368
2025-04-14 13:00:00,762.6634799999999
2025-04-14 14:00:00,705.984664
2025-04-14 15:00:00,531.83088
2025-04-14 16:00:00,266.165184
2025-04-14 17:00:00,266.583488
2025-04-15 08:00:00,41.346048
2025-04-15 09:00:00,103.185896
2025-04-15 10:00:00,208.59816
2025-04-15 11:00:00,360.058608
2025-04-15 12:00:00,357.638912
2025-04-15 13:00:00,490.788928
2025-04-15 14:00:00,565.8714
2025-04-15 15:00:00,461.665888
2025-04-15 16:00:00,442.52848
2025-04-15 17:00:00,278.004976
2025-04-16 08:00:00,53.490624000000004
2025-04-16 09:00:00,224.189616
2025-04-16 10:00:00,407.224448
2025-04-16 11:00:00,478.100144
2025-04-16 12:00:00,484.90583999999996
2025-04-16 13:00:00,384.34913600000004
2025-04-16 14:00:00,454.166688
2025-04-16 15:00:00,406.71051199999994
2025-04-16 16:00:00,478.84284
2025-04-16 17:00:00,396.76272
2025-04-17 08:00:00,42.274848000000006
2025-04-17 09:00:00,106.554688
2025-04-17 10:00:00,217.72104
2025-04-17 11:00:00,257.661504
2025-04-17 12:00:00,697.268736
2025-04-17 13:00:00,507.793536
2025-04-17 14:00:00,668.1474159999999
2025-04-17 15:00:00,649.741696
2025-04-17 16:00:00,444.8608
2025-04-17 17:00:00,391.98112
2025-04-18 08:00:00,58.48
2025-04-18 09:00:00,239.318736
2025-04-18 10:00:00,441.086432
2025-04-18 11:00:00,524.385
2025-04-18 12:00:00,697.70596
2025-04-18 13:00:00,754.9509999999999
2025-04-18 14:00:00,769.7258
2025-04-18 15:00:00,728.42
2025-04-18 16:00:00,526.993208
2025-04-18 17:00:00,298.724096
2025-04-19 08:00:00,59.339999999999996
2025-04-19 09:00:00,188.615544
2025-04-19 10:00:00,257.036112
2025-04-19 11:00:00,514.1100640000001
2025-04-19 12:00:00,654.496464
2025-04-19 13:00:00,652.5215599999999
2025-04-19 14:00:00,429.99312
2025-04-19 15:00:00,269.8938
2025-04-19 16:00:00,564.6715280000001
2025-04-19 17:00:00,365.80616
2025-04-20 08:00:00,56.145959999999995
2025-04-20 09:00:00,179.80536
2025-04-20 10:00:00,425.67591999999996
2025-04-20 11:00:00,565.5187999999999
2025-04-20 12:00:00,698.6137759999999
2025-04-20 13:00:00,741.4610399999999
2025-04-20 14:00:00,582.0397439999999
2025-04-20 15:00:00,489.547432
2025-04-20 16:00:00,397.444872
2025-04-20 17:00:00,303.09014399999995
2025-04-21 08:00:00,55.04
2025-04-21 09:00:00,231.586992
2025-04-21 10:00:00,409.6008
2025-04-21 11:00:00,529.853224
2025-04-21 12:00:00,658.410496
2025-04-21 13:00:00,716.333904
2025-04-21 14:00:00,717.694768
2025-04-21 15:00:00,415.93211999999994
2025-04-21 16:00:00,384.201216
2025-04-21 17:00:00,257.79359999999997
2025-04-22 08:00:00,37.976223999999995
2025-04-22 09:00:00,44.684224
2025-04-22 10:00:00,177.80671999999998
2025-04-22 11:00:00,502.63628800000004
2025-04-22 12:00:00,693.616832
2025-04-22 13:00:00,653.2897120000001
2025-04-22 14:00:00,692.199552
2025-04-22 15:00:00,513.8482799999999
2025-04-22 16:00:00,368.1144
2025-04-22 17:00:00,375.798672
2025-04-23 08:00:00,34.413759999999996
2025-04-23 09:00:00,78.51043200000001
2025-04-23 10:00:00,129.3612
2025-04-23 11:00:00,80.171952
2025-04-23 12:00:00,246.59020800000002
2025-04-23 13:00:00,328.05388000000005
2025-04-23 14:00:00,481.250496
2025-04-23 15:00:00,592.249664
2025-04-23 16:00:00,305.2656
2025-04-23 17:00:00,303.692832
2025-04-24 08:00:00,32.849936
2025-04-24 09:00:00,94.18375999999999
2025-04-24 10:00:00,440.174144
2025-04-24 11:00:00,564.974592
2025-04-24 12:00:00,709.189712
2025-04-24 13:00:00,743.9688
2025-04-24 14:00:00,741.4610399999999
2025-04-24 15:00:00,614.7417599999999
2025-04-24 16:00:00,412.80343999999997
2025-04-24 17:00:00,307.58416
2025-04-25 08:00:00,51.7032
2025-04-25 09:00:00,233.942016
2025-04-25 10:00:00,412.1292
2025-04-25 11:00:00,501.71402399999994
2025-04-25 12:00:00,634.353888
2025-04-25 13:00:00,735.145888
2025-04-25 14:00:00,726.41448
2025-04-25 15:00:00,619.34448
2025-04-25 16:00:00,501.32014399999997
2025-04-25 17:00:00,275.8106
2025-04-26 08:00:00,58.36304
2025-04-26 09:00:00,124.50048
2025-04-26 10:00:00,347.65981600000003
2025-04-26 11:00:00,544.4487999999999
2025-04-26 12:00:00,712.3607039999999
2025-04-26 13:00:00,644.844512
2025-04-26 14:00:00,732.460968
2025-04-26 15:00:00,396.43935999999997
2025-04-26 16:00:00,494.063808
2025-04-26 17:00:00,330.97272
2025-04-27 08:00:00,43.172
2025-04-27 09:00:00,191.7972
2025-04-27 10:00:00,400.9836
2025-04-27 11:00:00,551.522816
2025-04-27 12:00:00,649.66464
2025-04-27 13:00:00,745.417728
2025-04-27 14:00:00,689.094608
2025-04-27 15:00:00,540.990912
2025-04-27 16:00:00,469.89849599999997
2025-04-27 17:00:00,304.25079999999997
2025-04-28 08:00:00,58.38643199999999
2025-04-28 09:00:00,196.21759999999998
2025-04-28 10:00:00,384.036784
2025-04-28 11:00:00,568.712496
2025-04-28 12:00:00,676.81656
2025-04-28 13:00:00,693.4819839999999
2025-04-28 14:00:00,397.12185600000004
2025-04-28 15:00:00,262.002096
2025-04-28 16:00:00,424.324
2025-04-28 17:00:00,407.88768
2025-04-29 08:00:00,59.48241599999999
2025-04-29 09:00:00,237.924504
2025-04-29 10:00:00,432.252856
2025-04-29 11:00:00,599.093888
2025-04-29 12:00:00,603.005168
2025-04-29 13:00:00,721.8805600000001
2025-04-29 14:00:00,685.429632
2025-04-29 15:00:00,576.8766479999999
2025-04-29 16:00:00,323.526496
2025-04-29 17:00:00,357.814008
2025-04-30 08:00:00,61.944767999999996
2025-04-30 09:00:00,245.06044
2025-04-30 10:00:00,437.89824
2025-04-30 11:00:00,567.639904
2025-04-30 12:00:00,615.490304
2025-04-30 13:00:00,679.3256959999999
2025-04-30 14:00:00,334.96243200000004
2025-04-30 15:00:00,440.40256
2025-04-30 16:00:00,497.42228
2025-04-30 17:00:00,370.257864
2025-05-01 08:00:00,54.136655999999995
2025-05-01 09:00:00,207.224568
2025-05-01 10:00:00,409.080672
2025-05-01 11:00:00,556.3395039999999
2025-05-01 12:00:00,687.4200159999999
2025-05-01 13:00:00,605.6746079999999
2025-05-01 14:00:00,401.12808
2025-05-01 15:00:00,269.15110400000003
2025-05-01 16:00:00,368.16393600000004
2025-05-01 17:00:00,368.810656
2025-05-02 08:00:00,52.501968
2025-05-02 09:00:00,241.79760000000002
2025-05-02 10:00:00,432.04198399999996
2025-05-02 11:00:00,597.7632960000001
2025-05-02 12:00:00,636.37248
2025-05-02 13:00:00,580.6891999999999
2025-05-02 14:00:00,695.2749120000001
2025-05-02 15:00:00,658.655424
2025-05-02 16:00:00,557.705872
2025-05-02 17:00:00,336.688968
2025-05-03 08:00:00,42.156856
2025-05-03 09:00:00,35.344623999999996
2025-05-03 10:00:00,61.969536
2025-05-03 11:00:00,144.07545599999997
2025-05-03 12:00:00,439.599664
2025-05-03 13:00:00,610.1872
2025-05-03 14:00:00,663.0692879999999
2025-05-03 15:00:00,685.476072
2025-05-03 16:00:00,582.754576
2025-05-03 17:00:00,435.857632
2025-05-04 08:00:00,38.9322
2025-05-04 09:00:00,72.326688
2025-05-04 10:00:00,366.805136
2025-05-04 11:00:00,407.206904
2025-05-04 12:00:00,644.7942879999999
2025-05-04 13:00:00,701.1528400000001
2025-05-04 14:00:00,769.269312
2025-05-04 15:00:00,706.96816
2025-05-04 16:00:00,502.142992
2025-05-04 17:00:00,413.139184
2025-05-05 08:00:00,13.820544
2025-05-05 09:00:00,205.289568
2025-05-05 10:00:00,410.208992
2025-05-05 11:00:00,289.74088
2025-05-05 12:00:00,521.06884
2025-05-05 13:00:00,635.855104
2025-05-05 14:00:00,552.651136
2025-05-05 15:00:00,598.708952
2025-05-05 16:00:00,371.761144
2025-05-05 17:00:00,226.01487999999998
2025-05-06 08:00:00,56.328624000000005
2025-05-06 09:00:00,236.94719999999998
2025-05-06 10:00:00,429.30168
2025-05-06 11:00:00,593.779776
2025-05-06 12:00:00,691.606496
2025-05-06 13:00:00,737.051648
2025-05-06 14:00:00,762.149888
2025-05-06 15:00:00,698.3048640000001
2025-05-06 16:00:00,578.0820239999999
2025-05-06 17:00:00,428.91296
2025-05-07 08:00:00,33.687576
2025-05-07 09:00:00,184.828448
2025-05-07 10:00:00,311.32756800000004
2025-05-07 11:00:00,378.115512
2025-05-07 12:00:00,582.741504
2025-05-07 13:00:00,668.11164
2025-05-07 14:00:00,679.036736
2025-05-07 15:00:00,675.96172
2025-05-07 16:00:00,491.62931999999995
2025-05-07 17:00:00,399.16108799999995
2025-05-08 08:00:00,50.03961600000001
2025-05-08 09:00:00,197.365184
2025-05-08 10:00:00,350.34336
2025-05-08 11:00:00,471.19744
2025-05-08 12:00:00,607.1276640000001
2025-05-08 13:00:00,658.9258080000001
2025-05-08 14:00:00,507.349776
2025-05-08 15:00:00,633.515904
2025-05-08 16:00:00,569.36128
2025-05-08 17:00:00,403.73215999999996
2025-05-09 08:00:00,53.447967999999996
2025-05-09 09:00:00,220.9168
2025-05-09 10:00:00,399.13253599999996
2025-05-09 11:00:00,545.975472
2025-05-09 12:00:00,594.7244000000001
2025-05-09 13:00:00,590.5361999999999
2025-05-09 14:00:00,705.1896800000001
2025-05-09 15:00:00,654.57696
2025-05-09 16:00:00,544.346976
2025-05-09 17:00:00,393.88034400000004
2025-05-10 08:00:00,52.914768
2025-05-10 09:00:00,192.70742399999997
2025-05-10 10:00:00,330.950016
2025-05-10 11:00:00,548.2035599999999
2025-05-10 12:00:00,659.869056
2025-05-10 13:00:00,694.2277760000001
2025-05-10 14:00:00,682.8847199999999
2025-05-10 15:00:00,516.3698
2025-05-10 16:00:00,371.74016
2025-05-10 17:00:00,279.877712
2025-05-11 08:00:00,40.355328
2025-05-11 09:00:00,162.48496
2025-05-11 10:00:00,418.71852
2025-05-11 11:00:00,561.992112
2025-05-11 12:00:00,576.5329919999999
2025-05-11 13:00:00,706.8587679999999
2025-05-11 14:00:00,724.8561599999999
2025-05-11 15:00:00,624.10028
2025-05-11 16:00:00,362.06068799999997
2025-05-11 17:00:00,249.902928
2025-05-12 08:00:00,51.4968
2025-05-12 09:00:00,228.15043200000002
2025-05-12 10:00:00,304.788128
2025-05-12 11:00:00,494.959584
2025-05-12 12:00:00,574.62104
2025-05-12 13:00:00,697.966368
2025-05-12 14:00:00,491.01872000000003
2025-05-12 15:00:00,282.75905600000004
2025-05-12 16:00:00,324.29568
2025-05-12 17:00:00,230.55396
2025-05-13 08:00:00,56.87352
2025-05-13 09:00:00,213.01064799999997
2025-05-13 10:00:00,406.24163999999996
2025-05-13 11:00:00,537.985728
2025-05-13 12:00:00,586.2210640000001
2025-05-13 13:00:00,616.982232
2025-05-13 14:00:00,704.2780799999999
2025-05-13 15:00:00,583.4584
2025-05-13 16:00:00,399.29524799999996
2025-05-13 17:00:00,140.93508
2025-05-14 08:00:00,49.05921599999999
2025-05-14 09:00:00,134.052672
2025-05-14 10:00:00,286.532736
2025-05-14 11:00:00,294.600224
2025-05-14 12:00:00,367.66547999999995
2025-05-14 13:00:00,468.864776
2025-05-14 14:00:00,479.02344
2025-05-14 15:00:00,426.253152
2025-05-14 16:00:00,400.190336
2025-05-14 17:00:00,331.79212799999993
2025-05-15 08:00:00,53.234688
2025-05-15 09:00:00,228.57768000000002
2025-05-15 10:00:00,413.308088
2025-05-15 11:00:00,543.4594559999999
2025-05-15 12:00:00,645.900248
2025-05-15 13:00:00,675.1460960000001
2025-05-15 14:00:00,635.03776
2025-05-15 15:00:00,594.9301119999999
2025-05-15 16:00:00,333.340128
2025-05-15 17:00:00,189.634816
2025-05-16 08:00:00,56.76
2025-05-16 09:00:00,166.49256
2025-05-16 10:00:00,237.156696
2025-05-16 11:00:00,505.043256
2025-05-16 12:00:00,663.955776
2025-05-16 13:00:00,610.9749599999999
2025-05-16 14:00:00,683.2098
2025-05-16 15:00:00,632.9462400000001
2025-05-16 16:00:00,534.501696
2025-05-16 17:00:00,239.84368
2025-05-17 08:00:00,56.623776
2025-05-17 09:00:00,222.56112000000002
2025-05-17 10:00:00,385.37219200000004
2025-05-17 11:00:00,528.767904
2025-05-17 12:00:00,652.6398959999999
2025-05-17 13:00:00,732.953576
2025-05-17 14:00:00,737.53944
2025-05-17 15:00:00,631.3776
2025-05-17 16:00:00,491.99568
2025-05-17 17:00:00,363.944088
2025-05-18 08:00:00,37.94595199999999
2025-05-18 09:00:00,185.00526399999998
2025-05-18 10:00:00,350.19028
2025-05-18 11:00:00,540.326304
2025-05-18 12:00:00,519.1620479999999
2025-05-18 13:00:00,239.364144
2025-05-18 14:00:00,233.559144
2025-05-18 15:00:00,308.331328
2025-05-18 16:00:00,357.83912000000004
2025-05-18 17:00:00,329.454992
2025-05-19 08:00:00,24.041472
2025-05-19 09:00:00,139.282848
2025-05-19 10:00:00,94.734504
2025-05-19 11:00:00,261.17168
2025-05-19 12:00:00,234.694344
2025-05-19 13:00:00,337.9456
2025-05-19 14:00:00,354.6984
2025-05-19 15:00:00,283.75872
2025-05-19 16:00:00,364.9324
2025-05-19 17:00:00,381.41206399999993
2025-05-20 08:00:00,53.021408
2025-05-20 09:00:00,209.782208
2025-05-20 10:00:00,262.324768
2025-05-20 11:00:00,413.306712
2025-05-20 12:00:00,338.376632
2025-05-20 13:00:00,521.4696
2025-05-20 14:00:00,684.329864
2025-05-20 15:00:00,460.544448
2025-05-20 16:00:00,516.634336
2025-05-20 17:00:00,370.22656
2025-05-21 08:00:00,43.912632
2025-05-21 09:00:00,216.813568
2025-05-21 10:00:00,388.261104
2025-05-21 11:00:00,550.2314399999999
2025-05-21 12:00:00,582.038368
2025-05-21 13:00:00,672.6328319999999
2025-05-21 14:00:00,458.377248
2025-05-21 15:00:00,605.2060799999999
2025-05-21 16:00:00,519.533568
2025-05-21 17:00:00,388.782952
2025-05-22 08:00:00,51.806400000000004
2025-05-22 09:00:00,190.482432
2025-05-22 10:00:00,389.165136
2025-05-22 11:00:00,544.74464
2025-05-22 12:00:00,667.625224
2025-05-22 13:00:00,662.36856
2025-05-22 14:00:00,510.54175200000003
2025-05-22 15:00:00,427.37184
2025-05-22 16:00:00,329.00848
2025-05-22 17:00:00,316.365104
2025-05-23 08:00:00,57.251232
2025-05-23 09:00:00,171.92638399999998
2025-05-23 10:00:00,377.799376
2025-05-23 11:00:00,520.601688
2025-05-23 12:00:00,623.339696
2025-05-23 13:00:00,723.724056
2025-05-23 14:00:00,718.838568
2025-05-23 15:00:00,568.0902
2025-05-23 16:00:00,401.73696
2025-05-23 17:00:00,214.12452
2025-05-24 08:00:00,43.754736
2025-05-24 09:00:00,180.468936
2025-05-24 10:00:00,379.016792
2025-05-24 11:00:00,511.16748800000005
2025-05-24 12:00:00,643.4712639999999
2025-05-24 13:00:00,724.490832
2025-05-24 14:00:00,731.596496
2025-05-24 15:00:00,679.56168
2025-05-24 16:00:00,526.344768
2025-05-24 17:00:00,388.897504
2025-05-25 08:00:00,52.56492
2025-05-25 09:00:00,211.05638399999998
2025-05-25 10:00:00,381.85032
2025-05-25 11:00:00,535.42912
2025-05-25 12:00:00,650.435544
2025-05-25 13:00:00,705.8536
2025-05-25 14:00:00,698.341328
2025-05-25 15:00:00,635.04464
2025-05-25 16:00:00,415.298816
2025-05-25 17:00:00,268.19478399999997
2025-05-26 08:00:00,58.26947199999999
2025-05-26 09:00:00,227.71424
2025-05-26 10:00:00,410.611128
2025-05-26 11:00:00,532.77516
2025-05-26 12:00:00,641.193984
2025-05-26 13:00:00,718.3710719999999
2025-05-26 14:00:00,724.352544
2025-05-26 15:00:00,661.5739199999999
2025-05-26 16:00:00,550.109664
2025-05-26 17:00:00,400.92374399999994
2025-05-27 08:00:00,30.89808
2025-05-27 09:00:00,192.78585599999997
2025-05-27 10:00:00,399.207872
2025-05-27 11:00:00,529.755184
2025-05-27 12:00:00,595.9610799999999
2025-05-27 13:00:00,594.636336
2025-05-27 14:00:00,393.40184
2025-05-27 15:00:00,296.4248
2025-05-27 16:00:00,421.725768
2025-05-27 17:00:00,292.93526399999996
2025-05-28 08:00:00,54.07164
2025-05-28 09:00:00,230.551552
2025-05-28 10:00:00,410.44704
2025-05-28 11:00:00,563.686656
2025-05-28 12:00:00,650.192336
2025-05-28 13:00:00,688.414864
2025-05-28 14:00:00,689.2703919999999
2025-05-28 15:00:00,556.493616
2025-05-28 16:00:00,468.372168
2025-05-28 17:00:00,379.351504
2025-05-29 08:00:00,39.983464
2025-05-29 09:00:00,71.00882399999999
2025-05-29 10:00:00,94.92542399999999
2025-05-29 11:00:00,186.531936
2025-05-29 12:00:00,285.878448
2025-05-29 13:00:00,617.268096
2025-05-29 14:00:00,540.194208
2025-05-29 15:00:00,329.669304
2025-05-29 16:00:00,264.22708800000004
2025-05-29 17:00:00,186.09712
2025-05-30 08:00:00,18.919999999999998
2025-05-30 09:00:00,158.552352
2025-05-30 10:00:00,274.6926
2025-05-30 11:00:00,440.72592
2025-05-30 12:00:00,510.326752
2025-05-30 13:00:00,625.5794800000001
2025-05-30 14:00:00,463.549632
2025-05-30 15:00:00,162.742272
2025-05-30 16:00:00,300.77158399999996
2025-05-30 17:00:00,188.558096
2025-05-31 08:00:00,27.376896
2025-05-31 09:00:00,141.96054399999997
2025-05-31 10:00:00,375.27235199999996
2025-05-31 11:00:00,557.71688
2025-05-31 12:00:00,656.492352
2025-05-31 13:00:00,725.3226239999999
2025-05-31 14:00:00,703.362352
2025-05-31 15:00:00,617.189664
2025-05-31 16:00:00,539.337648
2025-05-31 17:00:00,377.0928
2025-06-01 08:00:00,49.520864
2025-06-01 09:00:00,155.834752
2025-06-01 10:00:00,401.871808
2025-06-01 11:00:00,444.8608
2025-06-01 12:00:00,599.0113279999999
2025-06-01 13:00:00,626.166
2025-06-01 14:00:00,675.699248
2025-06-01 15:00:00,617.308
2025-06-01 16:00:00,424.472608
2025-06-01 17:00:00,197.08792
2025-06-02 08:00:00,53.616528
2025-06-02 09:00:00,130.267984
2025-06-02 10:00:00,251.894344
2025-06-02 11:00:00,374.35456
2025-06-02 12:00:00,506.984448
2025-06-02 13:00:00,601.7956639999999
2025-06-02 14:00:00,662.671968
2025-06-02 15:00:00,433.24736
2025-06-02 16:00:00,550.0418960000001
2025-06-02 17:00:00,425.44199999999995
2025-06-03 08:00:00,57.825024
2025-06-03 09:00:00,228.678472
2025-06-03 10:00:00,365.724288
2025-06-03 11:00:00,458.857472
2025-06-03 12:00:00,654.7008
2025-06-03 13:00:00,674.8454399999999
2025-06-03 14:00:00,685.17232
2025-06-03 15:00:00,622.24784
2025-06-03 16:00:00,529.97328
2025-06-03 17:00:00,356.68809600000003
2025-06-04 08:00:00,46.36569599999999
2025-06-04 09:00:00,218.99796800000001
2025-06-04 10:00:00,398.67192
2025-06-04 11:00:00,533.795808
2025-06-04 12:00:00,633.366608
2025-06-04 13:00:00,683.773272
2025-06-04 14:00:00,711.324576
2025-06-04 15:00:00,648.67392
2025-06-04 16:00:00,525.360928
2025-06-04 17:00:00,268.26496
2025-06-05 08:00:00,40.161312
2025-06-05 09:00:00,176.31100800000002
2025-06-05 10:00:00,367.36619999999994
2025-06-05 11:00:00,545.38104
2025-06-05 12:00:00,527.982208
2025-06-05 13:00:00,601.4320560000001
2025-06-05 14:00:00,588.61496
2025-06-05 15:00:00,474.040256
2025-06-05 16:00:00,524.435568
2025-06-05 17:00:00,354.12048
2025-06-06 08:00:00,39.48088
2025-06-06 09:00:00,58.339648
2025-06-06 10:00:00,130.79052
2025-06-06 11:00:00,174.03647999999998
2025-06-06 12:00:00,114.364176
2025-06-06 13:00:00,301.75852000000003
2025-06-06 14:00:00,399.065112
2025-06-06 15:00:00,257.244576
2025-06-06 16:00:00,236.868768
2025-06-06 17:00:00,301.75129599999997
2025-06-07 08:00:00,32.41856
2025-06-07 09:00:00,207.24452
2025-06-07 10:00:00,342.879592
2025-06-07 11:00:00,528.173816
2025-06-07 12:00:00,611.3918879999999
2025-06-07 13:00:00,667.59908
2025-06-07 14:00:00,724.800432
2025-06-07 15:00:00,646.923648
2025-06-07 16:00:00,565.496784
2025-06-07 17:00:00,411.79207999999994
2025-06-08 08:00:00,44.380128
2025-06-08 09:00:00,66.246488
2025-06-08 10:00:00,245.2032
2025-06-08 11:00:00,513.474696
2025-06-08 12:00:00,559.77572
2025-06-08 13:00:00,639.276528
2025-06-08 14:00:00,611.1411119999999
2025-06-08 15:00:00,658.6812239999999
2025-06-08 16:00:00,502.77664
2025-06-08 17:00:00,376.957952
2025-06-09 08:00:00,44.523232
2025-06-09 09:00:00,181.201656
2025-06-09 10:00:00,320.72496
2025-06-09 11:00:00,392.7448
2025-06-09 12:00:00,605.024448
2025-06-09 13:00:00,671.803104
2025-06-09 14:00:00,685.4544000000001
2025-06-09 15:00:00,577.25952
2025-06-09 16:00:00,490.62312
2025-06-09 17:00:00,305.902688
2025-06-10 08:00:00,12.96192
2025-06-10 09:00:00,82.22976
2025-06-10 10:00:00,215.90609600000002
2025-06-10 11:00:00,182.23744000000002
2025-06-10 12:00:00,275.13980000000004
2025-06-10 13:00:00,412.29741600000006
2025-06-10 14:00:00,553.13824
2025-06-10 15:00:00,518.299296
2025-06-10 16:00:00,493.341408
2025-06-10 17:00:00,411.96064
2025-06-11 08:00:00,40.274488
2025-06-11 09:00:00,53.941608
2025-06-11 10:00:00,255.23596
2025-06-11 11:00:00,478.770256
2025-06-11 12:00:00,525.224016
2025-06-11 13:00:00,547.428184
2025-06-11 14:00:00,731.195392
2025-06-11 15:00:00,529.823296
2025-06-11 16:00:00,521.6539839999999
2025-06-11 17:00:00,408.263328
2025-06-12 08:00:00,43.649471999999996
2025-06-12 09:00:00,193.552632
2025-06-12 10:00:00,369.38513600000005
2025-06-12 11:00:00,492.300464
2025-06-12 12:00:00,644.18816
2025-06-12 13:00:00,667.90008
2025-06-12 14:00:00,680.158864
2025-06-12 15:00:00,642.028872
2025-06-12 16:00:00,527.248456
2025-06-12 17:00:00,384.634656
2025-06-13 08:00:00,51.83048
2025-06-13 09:00:00,203.280608
2025-06-13 10:00:00,376.187392
2025-06-13 11:00:00,540.226544
2025-06-13 12:00:00,656.8074559999999
2025-06-13 13:00:00,689.0086080000001
2025-06-13 14:00:00,666.2592000000001
2025-06-13 15:00:00,594.539328
2025-06-13 16:00:00,488.40948
2025-06-13 17:00:00,391.17788
2025-06-14 08:00:00,20.656512
2025-06-14 09:00:00,149.78448
2025-06-14 10:00:00,277.2812
2025-06-14 11:00:00,426.569632
2025-06-14 12:00:00,613.56528
2025-06-14 13:00:00,634.5148800000001
2025-06-14 14:00:00,651.537376
2025-06-14 15:00:00,555.1189919999999
2025-06-14 16:00:00,423.149584
2025-06-14 17:00:00,311.985984
2025-06-15 08:00:00,42.005152
2025-06-15 09:00:00,177.234304
2025-06-15 10:00:00,349.21297599999997
2025-06-15 11:00:00,469.971424
2025-06-15 12:00:00,606.7902
2025-06-15 13:00:00,672.087936
2025-06-15 14:00:00,664.593552
2025-06-15 15:00:00,611.8119119999999
2025-06-15 16:00:00,461.375208
2025-06-15 17:00:00,386.94496
2025-06-16 08:00:00,48.294847999999995
2025-06-16 09:00:00,92.76854399999999
2025-06-16 10:00:00,375.64628
2025-06-16 11:00:00,543.5110559999999
2025-06-16 12:00:00,647.3392
2025-06-16 13:00:00,714.691992
2025-06-16 14:00:00,711.7703999999999
2025-06-16 15:00:00,594.997536
2025-06-16 16:00:00,429.160296
2025-06-16 17:00:00,361.34448
2025-06-17 08:00:00,26.809296
2025-06-17 09:00:00,178.021376
2025-06-17 10:00:00,352.178944
2025-06-17 11:00:00,493.639656
2025-06-17 12:00:00,308.95396800000003
2025-06-17 13:00:00,218.721392
2025-06-17 14:00:00,358.68708
2025-06-17 15:00:00,511.35083999999995
2025-06-17 16:00:00,484.61
2025-06-17 17:00:00,268.60758400000003
2025-06-18 08:00:00,31.870912
2025-06-18 09:00:00,29.321871999999995
2025-06-18 10:00:00,184.23436
2025-06-18 11:00:00,248.407904
2025-06-18 12:00:00,447.89212799999996
2025-06-18 13:00:00,390.899584
2025-06-18 14:00:00,675.979264
2025-06-18 15:00:00,587.893592
2025-06-18 16:00:00,450.92104800000004
2025-06-18 17:00:00,277.054848
2025-06-19 08:00:00,18.153912000000002
2025-06-19 09:00:00,93.36504
2025-06-19 10:00:00,329.454992
2025-06-19 11:00:00,497.68819199999996
2025-06-19 12:00:00,479.863832
2025-06-19 13:00:00,331.38552
2025-06-19 14:00:00,426.045376
2025-06-19 15:00:00,368.177008
2025-06-19 16:00:00,323.28604
2025-06-19 17:00:00,122.35564
2025-06-20 08:00:00,36.01886399999999
2025-06-20 09:00:00,204.08832
2025-06-20 10:00:00,258.198144
2025-06-20 11:00:00,489.8216
2025-06-20 12:00:00,411.392352
2025-06-20 13:00:00,497.954448
2025-06-20 14:00:00,175.175808
2025-06-20 15:00:00,373.886032
2025-06-20 16:00:00,446.86632000000003
2025-06-20 17:00:00,362.55192000000005
2025-06-21 08:00:00,45.434143999999996
2025-06-21 09:00:00,187.23232
2025-06-21 10:00:00,354.718696
2025-06-21 11:00:00,407.570856
2025-06-21 12:00:00,499.805856
2025-06-21 13:00:00,646.8369600000001
2025-06-21 14:00:00,694.135584
2025-06-21 15:00:00,660.3313919999999
2025-06-21 16:00:00,565.7286399999999
2025-06-21 17:00:00,400.517824
2025-06-22 08:00:00,46.087056000000004
2025-06-22 09:00:00,197.254072
2025-06-22 10:00:00,374.355936
2025-06-22 11:00:00,486.78614400000004
2025-06-22 12:00:00,615.585248
2025-06-22 13:00:00,652.5215599999999
2025-06-22 14:00:00,629.1887280000001
2025-06-22 15:00:00,639.260704
2025-06-22 16:00:00,546.6916799999999
2025-06-22 17:00:00,409.437744
2025-06-23 08:00:00,43.579296
2025-06-23 09:00:00,122.783232
2025-06-23 10:00:00,147.03248
2025-06-23 11:00:00,451.15737600000006
2025-06-23 12:00:00,541.65552
2025-06-23 13:00:00,711.7016
2025-06-23 14:00:00,717.5145120000001
2025-06-23 15:00:00,660.626544
2025-06-23 16:00:00,566.709728
2025-06-23 17:00:00,409.10337599999997
2025-06-24 08:00:00,42.690400000000004
2025-06-24 09:00:00,171.856552
2025-06-24 10:00:00,297.0268
2025-06-24 11:00:00,373.581936
2025-06-24 12:00:00,586.593616
2025-06-24 13:00:00,660.6024639999999
2025-06-24 14:00:00,687.4289600000001
2025-06-24 15:00:00,618.95232
2025-06-24 16:00:00,512.427216
2025-06-24 17:00:00,384.473664
2025-06-25 08:00:00,9.361616
2025-06-25 09:00:00,61.127424
2025-06-25 10:00:00,133.70592
2025-06-25 11:00:00,312.295928
2025-06-25 12:00:00,334.61292799999995
2025-06-25 13:00:00,516.1981440000001
2025-06-25 14:00:00,645.2476800000001
2025-06-25 15:00:00,548.4288799999999
2025-06-25 16:00:00,514.3109599999999
2025-06-25 17:00:00,391.820472
2025-06-26 08:00:00,23.781408
2025-06-26 09:00:00,192.55056
2025-06-26 10:00:00,283.1808
2025-06-26 11:00:00,388.261104
2025-06-26 12:00:00,491.925504
2025-06-26 13:00:00,679.865088
2025-06-26 14:00:00,690.9814479999999
2025-06-26 15:00:00,634.2534400000001
2025-06-26 16:00:00,526.2264319999999
2025-06-26 17:00:00,392.337504
2025-06-27 08:00:00,42.6044
2025-06-27 09:00:00,189.09508
2025-06-27 10:00:00,328.250648
2025-06-27 11:00:00,439.22332800000004
2025-06-27 12:00:00,594.130656
2025-06-27 13:00:00,672.3562559999999
2025-06-27 14:00:00,667.5646800000001
2025-06-27 15:00:00,530.258112
2025-06-27 16:00:00,462.67690400000004
2025-06-27 17:00:00,290.1726
2025-06-28 08:00:00,41.786024000000005
2025-06-28 09:00:00,168.372864
2025-06-28 10:00:00,349.61924
2025-06-28 11:00:00,504.88948800000003
2025-06-28 12:00:00,402.54776799999996
2025-06-28 13:00:00,424.22424
2025-06-28 14:00:00,334.455032
2025-06-28 15:00:00,548.3841600000001
2025-06-28 16:00:00,506.12307200000004
2025-06-28 17:00:00,241.76664
2025-06-29 08:00:00,43.807368000000004
2025-06-29 09:00:00,109.947904
2025-06-29 10:00:00,302.731008
2025-06-29 11:00:00,448.62278399999997
2025-06-29 12:00:00,634.49596
2025-06-29 13:00:00,671.78728
2025-06-29 14:00:00,491.058624
2025-06-29 15:00:00,430.062264
2025-06-29 16:00:00,513.47332
2025-06-29 17:00:00,311.1996
2025-06-30 08:00:00,40.387664
2025-06-30 09:00:00,185.155248
2025-06-30 10:00:00,221.80500800000002
2025-06-30 11:00:00,315.85048
2025-06-30 12:00:00,541.478016
2025-06-30 13:00:00,608.5015999999999
2025-06-30 14:00:00,625.76352
2025-06-30 15:00:00,544.967896
2025-06-30 16:00:00,536.5708559999999
2025-06-30 17:00:00,368.242368
2025-07-01 08:00:00,45.434143999999996
2025-07-01 09:00:00,188.018016
2025-07-01 10:00:00,373.592256
2025-07-01 11:00:00,471.266928
2025-07-01 12:00:00,572.578024
2025-07-01 13:00:00,704.935808
2025-07-01 14:00:00,701.5622
2025-07-01 15:00:00,624.300488
2025-07-01 16:00:00,563.7816
2025-07-01 17:00:00,420.322592
2025-07-02 08:00:00,33.218016
2025-07-02 09:00:00,158.504192
2025-07-02 10:00:00,319.942704
2025-07-02 11:00:00,383.433408
2025-07-02 12:00:00,403.68055999999996
2025-07-02 13:00:00,613.823624
2025-07-02 14:00:00,518.952896
2025-07-02 15:00:00,570.342712
2025-07-02 16:00:00,427.443392
2025-07-02 17:00:00,245.458104
2025-07-03 08:00:00,28.516223999999998
2025-07-03 09:00:00,166.82796
2025-07-03 10:00:00,306.361928
2025-07-03 11:00:00,498.9376
2025-07-03 12:00:00,498.55644800000005
2025-07-03 13:00:00,570.159016
2025-07-03 14:00:00,511.76707999999996
2025-07-03 15:00:00,450.71396
2025-07-03 16:00:00,364.17904
2025-07-03 17:00:00,294.25209599999994
2025-07-04 08:00:00,37.99135999999999
2025-07-04 09:00:00,197.444992
2025-07-04 10:00:00,372.43332
2025-07-04 11:00:00,521.062992
2025-07-04 12:00:00,594.9015599999999
2025-07-04 13:00:00,637.1568
2025-07-04 14:00:00,481.836672
2025-07-04 15:00:00,585.619408
2025-07-04 16:00:00,522.1190720000001
2025-07-04 17:00:00,396.9244
2025-07-05 08:00:00,32.61464
2025-07-05 09:00:00,141.846336
2025-07-05 10:00:00,373.429888
2025-07-05 11:00:00,420.25172799999996
2025-07-05 12:00:00,328.741536
2025-07-05 13:00:00,594.045344
2025-07-05 14:00:00,598.604032
2025-07-05 15:00:00,613.398096
2025-07-05 16:00:00,531.8068
2025-07-05 17:00:00,335.41100800000004
2025-07-06 08:00:00,37.567552
2025-07-06 09:00:00,200.803464
2025-07-06 10:00:00,376.65592
2025-07-06 11:00:00,533.899008
2025-07-06 12:00:00,645.203304
2025-07-06 13:00:00,713.3761920000001
2025-07-06 14:00:00,710.31872
2025-07-06 15:00:00,668.4367199999999
2025-07-06 16:00:00,532.77516
2025-07-06 17:00:00,399.1862
2025-07-07 08:00:00,42.7076
2025-07-07 09:00:00,165.08388
2025-07-07 10:00:00,346.39079999999996
2025-07-07 11:00:00,452.315968
2025-07-07 12:00:00,448.186592
2025-07-07 13:00:00,371.6748
2025-07-07 14:00:00,579.1583999999999
2025-07-07 15:00:00,594.510432
2025-07-07 16:00:00,352.002816
2025-07-07 17:00:00,413.645896
2025-07-08 08:00:00,25.562640000000002
2025-07-08 09:00:00,151.24303999999998
2025-07-08 10:00:00,231.96264
2025-07-08 11:00:00,329.05354400000004
2025-07-08 12:00:00,541.65552
2025-07-08 13:00:00,676.81312
2025-07-08 14:00:00,696.364704
2025-07-08 15:00:00,535.64928
2025-07-08 16:00:00,563.037184
2025-07-08 17:00:00,439.9416
2025-07-09 08:00:00,26.71332
2025-07-09 09:00:00,79.246592
2025-07-09 10:00:00,315.6544
2025-07-09 11:00:00,487.486528
2025-07-09 12:00:00,654.129416
2025-07-09 13:00:00,723.4237439999999
2025-07-09 14:00:00,731.195392
2025-07-09 15:00:00,680.998912
2025-07-09 16:00:00,584.432608
2025-07-09 17:00:00,429.75232
2025-07-10 08:00:00,18.950272
2025-07-10 09:00:00,131.53940799999998
2025-07-10 10:00:00,300.78156
2025-07-10 11:00:00,436.74859200000003
2025-07-10 12:00:00,600.1424
2025-07-10 13:00:00,658.597632
2025-07-10 14:00:00,630.681344
2025-07-10 15:00:00,636.08352
2025-07-10 16:00:00,505.30435200000005
2025-07-10 17:00:00,407.25644
2025-07-11 08:00:00,29.403744
2025-07-11 09:00:00,164.45952
2025-07-11 10:00:00,339.4592
2025-07-11 11:00:00,528.19824
2025-07-11 12:00:00,605.769552
2025-07-11 13:00:00,721.20804
2025-07-11 14:00:00,712.790016
2025-07-11 15:00:00,681.55516
2025-07-11 16:00:00,574.9860239999999
2025-07-11 17:00:00,442.161432
2025-07-12 08:00:00,13.837056
2025-07-12 09:00:00,94.63784
2025-07-12 10:00:00,144.017664
2025-07-12 11:00:00,221.99008
2025-07-12 12:00:00,284.022912
2025-07-12 13:00:00,447.842936
2025-07-12 14:00:00,460.541696
2025-07-12 15:00:00,447.842936
2025-07-12 16:00:00,299.451312
2025-07-12 17:00:00,264.03651199999996
2025-07-13 08:00:00,39.40176
2025-07-13 09:00:00,169.77087999999998
2025-07-13 10:00:00,348.51156
2025-07-13 11:00:00,463.830336
2025-07-13 12:00:00,604.6364159999999
2025-07-13 13:00:00,666.9527039999999
2025-07-13 14:00:00,595.48464
2025-07-13 15:00:00,568.4796080000001
2025-07-13 16:00:00,494.788272
2025-07-13 17:00:00,409.438432
2025-07-14 08:00:00,32.575424
2025-07-14 09:00:00,161.43472799999998
2025-07-14 10:00:00,314.50888000000003
2025-07-14 11:00:00,241.504512
2025-07-14 12:00:00,502.05355199999997
2025-07-14 13:00:00,650.1548399999999
2025-07-14 14:00:00,657.72456
2025-07-14 15:00:00,621.224784
2025-07-14 16:00:00,552.58956
2025-07-14 17:00:00,384.15993599999996
2025-07-15 08:00:00,23.98368
2025-07-15 09:00:00,108.17148800000001
2025-07-15 10:00:00,281.29430399999995
2025-07-15 11:00:00,356.26704
2025-07-15 12:00:00,349.076064
2025-07-15 13:00:00,261.383584
2025-07-15 14:00:00,234.980208
2025-07-15 15:00:00,348.083968
2025-07-15 16:00:00,419.885712
2025-07-15 17:00:00,306.685632
2025-07-16 08:00:00,28.970992
2025-07-16 09:00:00,128.88992
2025-07-16 10:00:00,313.061672
2025-07-16 11:00:00,502.348704
2025-07-16 12:00:00,564.426256
2025-07-16 13:00:00,631.3211839999999
2025-07-16 14:00:00,663.702936
2025-07-16 15:00:00,664.539888
2025-07-16 16:00:00,536.0896
2025-07-16 17:00:00,392.141768
2025-07-17 08:00:00,34.992024
2025-07-17 09:00:00,132.02032000000003
2025-07-17 10:00:00,364.535424
2025-07-17 11:00:00,407.92379999999997
2025-07-17 12:00:00,299.79187199999996
2025-07-17 13:00:00,667.90008
2025-07-17 14:00:00,667.625224
2025-07-17 15:00:00,624.109568
2025-07-17 16:00:00,310.69048
2025-07-17 17:00:00,407.594592
2025-07-18 08:00:00,39.275168
2025-07-18 09:00:00,196.32768000000002
2025-07-18 10:00:00,367.251304
2025-07-18 11:00:00,532.0826880000001
2025-07-18 12:00:00,666.800656
2025-07-18 13:00:00,739.3251439999999
2025-07-18 14:00:00,696.816032
2025-07-18 15:00:00,699.57216
2025-07-18 16:00:00,595.3731839999999
2025-07-18 17:00:00,452.604928
2025-07-19 08:00:00,38.297520000000006
2025-07-19 09:00:00,160.91632
2025-07-19 10:00:00,334.864736
2025-07-19 11:00:00,450.16184
2025-07-19 12:00:00,615.837744
2025-07-19 13:00:00,650.84628
2025-07-19 14:00:00,727.0123520000001
2025-07-19 15:00:00,628.292608
2025-07-19 16:00:00,522.064032
2025-07-19 17:00:00,386.42208
2025-07-20 08:00:00,31.88364
2025-07-20 09:00:00,189.8622
2025-07-20 10:00:00,323.00912000000005
2025-07-20 11:00:00,477.34816
2025-07-20 12:00:00,562.452384
2025-07-20 13:00:00,699.7166400000001
2025-07-20 14:00:00,715.88808
2025-07-20 15:00:00,702.54432
2025-07-20 16:00:00,477.282456
2025-07-20 17:00:00,418.01676000000003
2025-07-21 08:00:00,36.033312
2025-07-21 09:00:00,75.71027199999999
2025-07-21 10:00:00,348.785384
2025-07-21 11:00:00,544.535488
2025-07-21 12:00:00,635.7305759999999
2025-07-21 13:00:00,732.3381599999999
2025-07-21 14:00:00,755.2031519999999
2025-07-21 15:00:00,673.16672
2025-07-21 16:00:00,583.59428
2025-07-21 17:00:00,423.236272
2025-07-22 08:00:00,34.193599999999996
2025-07-22 09:00:00,137.02001600000003
2025-07-22 10:00:00,305.14176000000003
2025-07-22 11:00:00,484.50129599999997
2025-07-22 12:00:00,554.788752
2025-07-22 13:00:00,677.3559519999999
2025-07-22 14:00:00,644.580664
2025-07-22 15:00:00,600.776736
2025-07-22 16:00:00,287.656928
2025-07-22 17:00:00,324.709168
2025-07-23 08:00:00,38.40588
2025-07-23 09:00:00,187.83776
2025-07-23 10:00:00,349.781264
2025-07-23 11:00:00,498.80275200000005
2025-07-23 12:00:00,490.86598399999997
2025-07-23 13:00:00,631.974784
2025-07-23 14:00:00,578.7930719999999
2025-07-23 15:00:00,659.643048
2025-07-23 16:00:00,433.68767999999994
2025-07-23 17:00:00,404.544
2025-07-24 08:00:00,35.946624
2025-07-24 09:00:00,194.025288
2025-07-24 10:00:00,368.99572800000004
2025-07-24 11:00:00,517.88512
2025-07-24 12:00:00,637.4952959999999
2025-07-24 13:00:00,660.626544
2025-07-24 14:00:00,645.555216
2025-07-24 15:00:00,658.410496
2025-07-24 16:00:00,527.7410639999999
2025-07-24 17:00:00,405.40056
2025-07-25 08:00:00,35.989968
2025-07-25 09:00:00,160.91459999999998
2025-07-25 10:00:00,300.53732
2025-07-25 11:00:00,529.01352
2025-07-25 12:00:00,635.349768
2025-07-25 13:00:00,676.79248
2025-07-25 14:00:00,439.22332800000004
2025-07-25 15:00:00,502.142992
2025-07-25 16:00:00,537.588752
2025-07-25 17:00:00,283.559888
2025-07-26 08:00:00,25.099616
2025-07-26 09:00:00,172.83419999999998
2025-07-26 10:00:00,346.95633599999996
2025-07-26 11:00:00,477.342656
2025-07-26 12:00:00,582.2440799999999
2025-07-26 13:00:00,587.89772
2025-07-26 14:00:00,586.3356160000001
2025-07-26 15:00:00,523.81568
2025-07-26 16:00:00,364.72943999999995
2025-07-26 17:00:00,303.18268
2025-07-27 08:00:00,38.5452
2025-07-27 09:00:00,195.26815999999997
2025-07-27 10:00:00,376.04222400000003
2025-07-27 11:00:00,410.950656
2025-07-27 12:00:00,408.758
2025-07-27 13:00:00,592.1024319999999
2025-07-27 14:00:00,684.0639520000001
2025-07-27 15:00:00,664.7941040000001
2025-07-27 16:00:00,505.30435200000005
2025-07-27 17:00:00,381.225616
2025-07-28 08:00:00,28.38
2025-07-28 09:00:00,187.703256
2025-07-28 10:00:00,295.209792
2025-07-28 11:00:00,485.30315999999993
2025-07-28 12:00:00,612.397056
2025-07-28 13:00:00,686.2634879999999
2025-07-28 14:00:00,687.62848
2025-07-28 15:00:00,659.869056
2025-07-28 16:00:00,537.054176
2025-07-28 17:00:00,418.304
2025-07-29 08:00:00,37.476735999999995
2025-07-29 09:00:00,181.64576000000002
2025-07-29 10:00:00,364.87942400000003
2025-07-29 11:00:00,470.666304
2025-07-29 12:00:00,427.093888
2025-07-29 13:00:00,604.527712
2025-07-29 14:00:00,695.4617039999999
2025-07-29 15:00:00,675.424392
2025-07-29 16:00:00,566.75376
2025-07-29 17:00:00,419.65764
2025-07-30 08:00:00,36.654576
2025-07-30 09:00:00,179.137312
2025-07-30 10:00:00,373.43951999999996
2025-07-30 11:00:00,527.46552
2025-07-30 12:00:00,641.8420799999999
2025-07-30 13:00:00,705.003232
2025-07-30 14:00:00,538.95168
2025-07-30 15:00:00,500.85195999999996
2025-07-30 16:00:00,410.61525600000004
2025-07-30 17:00:00,385.739928
2025-07-31 08:00:00,37.4616
2025-07-31 09:00:00,176.01792
2025-07-31 10:00:00,350.76131999999996
2025-07-31 11:00:00,458.3886
2025-07-31 12:00:00,575.093008
2025-07-31 13:00:00,633.3122559999999
2025-07-31 14:00:00,660.083712
2025-07-31 15:00:00,540.5478400000001
2025-07-31 16:00:00,522.295888
2025-07-31 17:00:00,374.81483199999997
2025-08-01 08:00:00,37.522144
2025-08-01 09:00:00,178.62922400000002
2025-08-01 10:00:00,354.529152
2025-08-01 11:00:00,515.1602959999999
2025-08-01 12:00:00,507.143032
2025-08-01 13:00:00,581.551264
2025-08-01 14:00:00,703.1201759999999
2025-08-01 15:00:00,629.96892
2025-08-01 16:00:00,460.73227199999997
2025-08-01 17:00:00,338.100744
2025-08-02 08:00:00,32.496992
2025-08-02 09:00:00,189.0108
2025-08-02 10:00:00,344.139664
2025-08-02 11:00:00,520.000032
2025-08-02 12:00:00,627.0019199999999
2025-08-02 13:00:00,650.197152
2025-08-02 14:00:00,535.731152
2025-08-02 15:00:00,631.3211839999999
2025-08-02 16:00:00,575.8229759999999
2025-08-02 17:00:00,348.47715999999997
2025-08-03 08:00:00,10.353024000000001
2025-08-03 09:00:00,92.545632
2025-08-03 10:00:00,162.474984
2025-08-03 11:00:00,268.851824
2025-08-03 12:00:00,445.508208
2025-08-03 13:00:00,422.28407999999996
2025-08-03 14:00:00,611.623056
2025-08-03 15:00:00,513.684192
2025-08-03 16:00:00,520.432096
2025-08-03 17:00:00,346.67632000000003
2025-08-04 08:00:00,14.614152
2025-08-04 09:00:00,12.068895999999999
2025-08-04 10:00:00,37.083543999999996
2025-08-04 11:00:00,154.61424000000002
2025-08-04 12:00:00,435.88584000000003
2025-08-04 13:00:00,515.3670400000001
2025-08-04 14:00:00,485.4012
2025-08-04 15:00:00,451.341072
2025-08-04 16:00:00,435.67462400000005
2025-08-04 17:00:00,339.618128
2025-08-05 08:00:00,15.535728
2025-08-05 09:00:00,36.235584
2025-08-05 10:00:00,120.20735999999998
2025-08-05 11:00:00,364.955448
2025-08-05 12:00:00,651.12492
2025-08-05 13:00:00,751.7776
2025-08-05 14:00:00,726.4935999999999
2025-08-05 15:00:00,714.661032
2025-08-05 16:00:00,588.6362879999999
2025-08-05 17:00:00,446.38712799999996
2025-08-06 08:00:00,29.979599999999998
2025-08-06 09:00:00,65.072416
2025-08-06 10:00:00,271.157656
2025-08-06 11:00:00,528.866976
2025-08-06 12:00:00,677.5809280000001
2025-08-06 13:00:00,611.46516
2025-08-06 14:00:00,725.147184
2025-08-06 15:00:00,508.63564799999995
2025-08-06 16:00:00,570.25224
2025-08-06 17:00:00,397.476864
2025-08-07 08:00:00,36.920832
2025-08-07 09:00:00,190.174208
2025-08-07 10:00:00,365.08135200000004
2025-08-07 11:00:00,532.590432
2025-08-07 12:00:00,580.3610239999999
2025-08-07 13:00:00,722.532096
2025-08-07 14:00:00,708.2767359999999
2025-08-07 15:00:00,673.4776959999999
2025-08-07 16:00:00,569.159008
2025-08-07 17:00:00,427.814912
2025-08-08 08:00:00,33.566832
2025-08-08 09:00:00,156.467712
2025-08-08 10:00:00,368.694384
2025-08-08 11:00:00,492.734592
2025-08-08 12:00:00,567.220224
2025-08-08 13:00:00,701.30592
2025-08-08 14:00:00,627.000888
2025-08-08 15:00:00,635.6603999999999
2025-08-08 16:00:00,482.32583999999997
2025-08-08 17:00:00,351.140064
2025-08-09 08:00:00,35.231792
2025-08-09 09:00:00,186.531936
2025-08-09 10:00:00,267.64919999999995
2025-08-09 11:00:00,484.0166
2025-08-09 12:00:00,662.611768
2025-08-09 13:00:00,718.4302399999999
2025-08-09 14:00:00,505.30435200000005
2025-08-09 15:00:00,395.500584
2025-08-09 16:00:00,530.627568
2025-08-09 17:00:00,403.40123199999994
2025-08-10 08:00:00,30.075919999999996
2025-08-10 09:00:00,171.774336
2025-08-10 10:00:00,362.69984
2025-08-10 11:00:00,471.657024
2025-08-10 12:00:00,609.190976
2025-08-10 13:00:00,698.919936
2025-08-10 14:00:00,523.165176
2025-08-10 15:00:00,489.75280000000004
2025-08-10 16:00:00,290.708208
2025-08-10 17:00:00,346.534248
2025-08-11 08:00:00,23.303592
2025-08-11 09:00:00,131.47473599999998
2025-08-11 10:00:00,148.065856
2025-08-11 11:00:00,161.23968
2025-08-11 12:00:00,300.301336
2025-08-11 13:00:00,303.704184
2025-08-11 14:00:00,222.394968
2025-08-11 15:00:00,142.70083200000002
2025-08-11 16:00:00,125.81318399999999
2025-08-11 17:00:00,172.747168
2025-08-12 08:00:00,31.870912
2025-08-12 09:00:00,82.163712
2025-08-12 10:00:00,223.646784
2025-08-12 11:00:00,419.905664
2025-08-12 12:00:00,582.3747999999999
2025-08-12 13:00:00,662.5264559999999
2025-08-12 14:00:00,677.9290560000001
2025-08-12 15:00:00,691.606496
2025-08-12 16:00:00,553.7505600000001
2025-08-12 17:00:00,430.28070399999996
2025-08-13 08:00:00,13.754496
2025-08-13 09:00:00,22.395776
2025-08-13 10:00:00,267.3396
2025-08-13 11:00:00,171.91331200000002
2025-08-13 12:00:00,205.53931200000002
2025-08-13 13:00:00,212.75161599999998
2025-08-13 14:00:00,494.485552
2025-08-13 15:00:00,466.1888
2025-08-13 16:00:00,491.8168
2025-08-13 17:00:00,262.763712
2025-08-14 08:00:00,29.076255999999997
2025-08-14 09:00:00,135.31790400000003
2025-08-14 10:00:00,357.25844800000004
2025-08-14 11:00:00,421.93044799999996
2025-08-14 12:00:00,521.062992
2025-08-14 13:00:00,611.3733119999999
2025-08-14 14:00:00,573.851168
2025-08-14 15:00:00,649.888928
2025-08-14 16:00:00,478.515008
2025-08-14 17:00:00,357.784768
2025-08-15 08:00:00,30.220399999999998
2025-08-15 09:00:00,62.316288
2025-08-15 10:00:00,268.533968
2025-08-15 11:00:00,393.129736
2025-08-15 12:00:00,386.37942400000003
2025-08-15 13:00:00,577.226496
2025-08-15 14:00:00,678.408592
2025-08-15 15:00:00,682.37216
2025-08-15 16:00:00,528.268416
2025-08-15 17:00:00,301.62883199999993
2025-08-16 08:00:00,32.562352
2025-08-16 09:00:00,141.560816
2025-08-16 10:00:00,328.426776
2025-08-16 11:00:00,446.996352
2025-08-16 12:00:00,515.5768800000001
2025-08-16 13:00:00,522.7492800000001
2025-08-16 14:00:00,649.888928
2025-08-16 15:00:00,667.544384
2025-08-16 16:00:00,512.004096
2025-08-16 17:00:00,386.00239999999997
2025-08-17 08:00:00,39.306816000000005
2025-08-17 09:00:00,200.11856
2025-08-17 10:00:00,377.42028799999997
2025-08-17 11:00:00,515.7894719999999
2025-08-17 12:00:00,639.4313279999999
2025-08-17 13:00:00,683.4949760000001
2025-08-17 14:00:00,493.35792
2025-08-17 15:00:00,637.0931599999999
2025-08-17 16:00:00,570.718704
2025-08-17 17:00:00,412.29741600000006
2025-08-18 08:00:00,14.701872
2025-08-18 09:00:00,77.18328000000001
2025-08-18 10:00:00,370.310496
2025-08-18 11:00:00,527.195136
2025-08-18 12:00:00,665.720152
2025-08-18 13:00:00,538.584288
2025-08-18 14:00:00,421.100032
2025-08-18 15:00:00,418.71852
2025-08-18 16:00:00,271.974312
2025-08-18 17:00:00,310.317584
2025-08-19 08:00:00,34.52384
2025-08-19 09:00:00,68.184584
2025-08-19 10:00:00,227.35304000000002
2025-08-19 11:00:00,346.34952
2025-08-19 12:00:00,483.663656
2025-08-19 13:00:00,470.81800799999996
2025-08-19 14:00:00,464.013
2025-08-19 15:00:00,265.64024
2025-08-19 16:00:00,353.33099999999996
2025-08-19 17:00:00,257.869968
2025-08-20 08:00:00,25.099616
2025-08-20 09:00:00,178.445872
2025-08-20 10:00:00,249.603648
2025-08-20 11:00:00,153.854344
2025-08-20 12:00:00,342.158912
2025-08-20 13:00:00,491.26571199999995
2025-08-20 14:00:00,681.55344
2025-08-20 15:00:00,395.75720799999993
2025-08-20 16:00:00,172.13588
2025-08-20 17:00:00,195.958224
2025-08-21 08:00:00,17.22064
2025-08-21 09:00:00,43.842456
2025-08-21 10:00:00,297.1472
2025-08-21 11:00:00,496.61181600000003
2025-08-21 12:00:00,255.785328
2025-08-21 13:00:00,216.19711999999998
2025-08-21 14:00:00,581.0751680000001
2025-08-21 15:00:00,646.085664
2025-08-21 16:00:00,532.15424
2025-08-21 17:00:00,373.592256
2025-08-22 08:00:00,42.9656
2025-08-22 09:00:00,175.600992
2025-08-22 10:00:00,378.65318399999995
2025-08-22 11:00:00,537.2303039999999
2025-08-22 12:00:00,681.8389599999999
2025-08-22 13:00:00,751.182824
2025-08-22 14:00:00,759.9562
2025-08-22 15:00:00,712.700576
2025-08-22 16:00:00,589.3235999999999
2025-08-22 17:00:00,432.577248
2025-08-23 08:00:00,20.829888000000004
2025-08-23 09:00:00,66.64380799999999
2025-08-23 10:00:00,233.559144
2025-08-23 11:00:00,514.932224
2025-08-23 12:00:00,564.9064800000001
2025-08-23 13:00:00,477.02479999999997
2025-08-23 14:00:00,599.794272
2025-08-23 15:00:00,602.757832
2025-08-23 16:00:00,578.096128
2025-08-23 17:00:00,412.294664
2025-08-24 08:00:00,28.731911999999998
2025-08-24 09:00:00,103.90176
2025-08-24 10:00:00,131.138304
2025-08-24 11:00:00,157.568856
2025-08-24 12:00:00,90.69731999999999
2025-08-24 13:00:00,218.789504
2025-08-24 14:00:00,298.322304
2025-08-24 15:00:00,402.143568
2025-08-24 16:00:00,426.896088
2025-08-24 17:00:00,381.58131199999997
2025-08-25 08:00:00,31.69272
2025-08-25 09:00:00,149.66476799999998
2025-08-25 10:00:00,267.737952
2025-08-25 11:00:00,478.452744
2025-08-25 12:00:00,677.0694
2025-08-25 13:00:00,737.260112
2025-08-25 14:00:00,742.8336
2025-08-25 15:00:00,619.115376
2025-08-25 16:00:00,550.6820799999999
2025-08-25 17:00:00,411.118528
2025-08-26 08:00:00,15.529536000000002
2025-08-26 09:00:00,195.37411199999997
2025-08-26 10:00:00,404.61142400000006
2025-08-26 11:00:00,578.1222720000001
2025-08-26 12:00:00,699.77856
2025-08-26 13:00:00,734.978016
2025-08-26 14:00:00,753.03836
2025-08-26 15:00:00,706.161824
2025-08-26 16:00:00,585.7532239999999
2025-08-26 17:00:00,373.3604
2025-08-27 08:00:00,40.258320000000005
2025-08-27 09:00:00,163.204608
2025-08-27 10:00:00,277.395408
2025-08-27 11:00:00,468.7086
2025-08-27 12:00:00,635.596416
2025-08-27 13:00:00,723.180192
2025-08-27 14:00:00,761.7274560000001
2025-08-27 15:00:00,603.59616
2025-08-27 16:00:00,547.8774480000001
2025-08-27 17:00:00,440.18515199999996
2025-08-28 08:00:00,44.952544
2025-08-28 09:00:00,197.764224
2025-08-28 10:00:00,365.826112
2025-08-28 11:00:00,523.579696
2025-08-28 12:00:00,578.0820239999999
2025-08-28 13:00:00,619.918272
2025-08-28 14:00:00,623.16288
2025-08-28 15:00:00,550.6820799999999
2025-08-28 16:00:00,442.950912
2025-08-28 17:00:00,348.360544
2025-08-29 08:00:00,37.673504
2025-08-29 09:00:00,145.38127999999998
2025-08-29 10:00:00,256.06431200000003
2025-08-29 11:00:00,484.162112
2025-08-29 12:00:00,628.422984
2025-08-29 13:00:00,718.69512
2025-08-29 14:00:00,729.58444
2025-08-29 15:00:00,663.41088
2025-08-29 16:00:00,525.0086719999999
2025-08-29 17:00:00,421.531408
2025-08-30 08:00:00,27.564032
2025-08-30 09:00:00,131.80428799999999
2025-08-30 10:00:00,179.01072
2025-08-30 11:00:00,324.052128
2025-08-30 12:00:00,348.353664
2025-08-30 13:00:00,541.027032
2025-08-30 14:00:00,288.54032
2025-08-30 15:00:00,665.29428
2025-08-30 16:00:00,553.43064
2025-08-30 17:00:00,373.81757600000003
2025-08-31 08:00:00,44.398016
2025-08-31 09:00:00,177.592064
2025-08-31 10:00:00,348.08672
2025-08-31 11:00:00,435.594816
2025-08-31 12:00:00,658.8673279999999
2025-08-31 13:00:00,720.761184
2025-08-31 14:00:00,663.721856
2025-08-31 15:00:00,598.407264
2025-08-31 16:00:00,456.308776
2025-08-31 17:00:00,401.769984
2025-09-01 08:00:00,18.125016
2025-09-01 09:00:00,98.19686399999999
2025-09-01 10:00:00,131.001048
2025-09-01 11:00:00,120.435432
2025-09-01 12:00:00,243.759432
2025-09-01 13:00:00,402.781
2025-09-01 14:00:00,117.11308
2025-09-01 15:00:00,218.310656
2025-09-01 16:00:00,410.912128
2025-09-01 17:00:00,211.655976
2025-09-02 08:00:00,20.72256
2025-09-02 09:00:00,74.04875200000001
2025-09-02 10:00:00,269.912032
2025-09-02 11:00:00,462.22592
2025-09-02 12:00:00,157.89084
2025-09-02 13:00:00,177.592064
2025-09-02 14:00:00,175.81358400000002
2025-09-02 15:00:00,583.43088
2025-09-02 16:00:00,534.145656
2025-09-02 17:00:00,326.38307199999997
2025-09-03 08:00:00,40.274488
2025-09-03 09:00:00,183.9024
2025-09-03 10:00:00,337.89881599999995
2025-09-03 11:00:00,426.53936
2025-09-03 12:00:00,538.584288
2025-09-03 13:00:00,653.51916
2025-09-03 14:00:00,588.7546239999999
2025-09-03 15:00:00,484.35956799999997
2025-09-03 16:00:00,512.832448
2025-09-03 17:00:00,324.824064
2025-09-04 08:00:00,25.985760000000003
2025-09-04 09:00:00,147.32832
2025-09-04 10:00:00,220.459968
2025-09-04 11:00:00,247.30504000000002
2025-09-04 12:00:00,448.752816
2025-09-04 13:00:00,412.286408
2025-09-04 14:00:00,370.80379200000004
2025-09-04 15:00:00,465.52006400000005
2025-09-04 16:00:00,493.03799999999995
2025-09-04 17:00:00,420.05702399999996
2025-09-05 08:00:00,26.71332
2025-09-05 09:00:00,184.08644
2025-09-05 10:00:00,300.665632
2025-09-05 11:00:00,319.404
2025-09-05 12:00:00,564.6715280000001
2025-09-05 13:00:00,640.729584
2025-09-05 14:00:00,666.926904
2025-09-05 15:00:00,658.2267999999999
2025-09-05 16:00:00,578.5309439999999
2025-09-05 17:00:00,424.620528
2025-09-06 08:00:00,25.70712
2025-09-06 09:00:00,203.9232
2025-09-06 10:00:00,382.344992
2025-09-06 11:00:00,516.6357119999999
2025-09-06 12:00:00,690.24976
2025-09-06 13:00:00,717.734672
2025-09-06 14:00:00,652.717296
2025-09-06 15:00:00,656.949528
2025-09-06 16:00:00,551.416176
2025-09-06 17:00:00,349.21297599999997
2025-09-07 08:00:00,42.072576
2025-09-07 09:00:00,27.641088
2025-09-07 10:00:00,32.810719999999996
2025-09-07 11:00:00,52.56492
2025-09-07 12:00:00,111.75528
2025-09-07 13:00:00,179.308624
2025-09-07 14:00:00,236.50550399999997
2025-09-07 15:00:00,220.459968
2025-09-07 16:00:00,271.29216
2025-09-07 17:00:00,284.252704
2025-09-08 08:00:00,30.02776
2025-09-08 09:00:00,175.03408
2025-09-08 10:00:00,404.17385599999994
2025-09-08 11:00:00,535.61488
2025-09-08 12:00:00,631.842
2025-09-08 13:00:00,613.899648
2025-09-08 14:00:00,483.595888
2025-09-08 15:00:00,497.86087999999995
2025-09-08 16:00:00,354.331008
2025-09-08 17:00:00,125.107984
2025-09-09 08:00:00,36.04776
2025-09-09 09:00:00,190.38542399999997
2025-09-09 10:00:00,390.634704
2025-09-09 11:00:00,467.884032
2025-09-09 12:00:00,612.0276
2025-09-09 13:00:00,663.8250559999999
2025-09-09 14:00:00,398.822592
2025-09-09 15:00:00,148.26331199999998
2025-09-09 16:00:00,287.19184
2025-09-09 17:00:00,165.95592
2025-09-10 08:00:00,43.223600000000005
2025-09-10 09:00:00,226.92991999999998
2025-09-10 10:00:00,365.2506
2025-09-10 11:00:00,513.66768
2025-09-10 12:00:00,668.93208
2025-09-10 13:00:00,665.61248
2025-09-10 14:00:00,710.063816
2025-09-10 15:00:00,439.377096
2025-09-10 16:00:00,386.574472
2025-09-10 17:00:00,346.81564000000003
2025-09-11 08:00:00,48.352639999999994
2025-09-11 09:00:00,207.224568
2025-09-11 10:00:00,379.417552
2025-09-11 11:00:00,454.162904
2025-09-11 12:00:00,505.38415999999995
2025-09-11 13:00:00,538.3974959999999
2025-09-11 14:00:00,645.899904
2025-09-11 15:00:00,600.98176
2025-09-11 16:00:00,249.85958399999998
2025-09-11 17:00:00,122.783232
2025-09-12 08:00:00,24.989880000000003
2025-09-12 09:00:00,50.90236800000001
2025-09-12 10:00:00,250.316416
2025-09-12 11:00:00,540.834048
2025-09-12 12:00:00,690.53184
2025-09-12 13:00:00,634.3029760000001
2025-09-12 14:00:00,584.0604
2025-09-12 15:00:00,664.9396159999999
2025-09-12 16:00:00,413.474928
2025-09-12 17:00:00,122.552064
2025-09-13 08:00:00,13.875584
2025-09-13 09:00:00,134.37465600000002
2025-09-13 10:00:00,125.107984
2025-09-13 11:00:00,276.18796799999996
2025-09-13 12:00:00,319.60902400000003
2025-09-13 13:00:00,211.99859999999998
2025-09-13 14:00:00,304.911624
2025-09-13 15:00:00,293.39416
2025-09-13 16:00:00,300.056064
2025-09-13 17:00:00,391.439664
2025-09-14 08:00:00,51.93024
2025-09-14 09:00:00,192.80512
2025-09-14 10:00:00,388.897848
2025-09-14 11:00:00,536.4583680000001
2025-09-14 12:00:00,688.5572800000001
2025-09-14 13:00:00,764.76532
2025-09-14 14:00:00,732.868608
2025-09-14 15:00:00,686.30064
2025-09-14 16:00:00,540.94344
2025-09-14 17:00:00,422.890208
2025-09-15 08:00:00,33.714408
2025-09-15 09:00:00,108.49003200000001
2025-09-15 10:00:00,154.49040000000002
2025-09-15 11:00:00,422.635648
2025-09-15 12:00:00,488.42496
2025-09-15 13:00:00,634.8203520000001
2025-09-15 14:00:00,439.457248
2025-09-15 15:00:00,366.073792
2025-09-15 16:00:00,297.27103999999997
2025-09-15 17:00:00,262.12112
2025-09-16 08:00:00,49.235687999999996
2025-09-16 09:00:00,227.231952
2025-09-16 10:00:00,407.39025599999997
2025-09-16 11:00:00,381.41206399999993
2025-09-16 12:00:00,219.443448
2025-09-16 13:00:00,610.5312
2025-09-16 14:00:00,622.65376
2025-09-16 15:00:00,637.0931599999999
2025-09-16 16:00:00,304.52256000000006
2025-09-16 17:00:00,333.01195199999995
2025-09-17 08:00:00,12.98256
2025-09-17 09:00:00,109.22
2025-09-17 10:00:00,62.78
2025-09-17 11:00:00,84.96972
2025-09-17 12:00:00,192.41639999999998
2025-09-17 13:00:00,130.895784
2025-09-17 14:00:00,159.192192
2025-09-17 15:00:00,139.507136
2025-09-17 16:00:00,141.3324
2025-09-17 17:00:00,102.74592000000001
2025-09-18 08:00:00,55.5646
2025-09-18 09:00:00,137.29693600000002
2025-09-18 10:00:00,284.68339199999997
2025-09-18 11:00:00,523.165176
2025-09-18 12:00:00,653.8614399999999
2025-09-18 13:00:00,708.41984
2025-09-18 14:00:00,659.104344
2025-09-18 15:00:00,492.154608
2025-09-18 16:00:00,315.39089599999994
2025-09-18 17:00:00,356.12221600000004
2025-09-19 08:00:00,55.74348
2025-09-19 09:00:00,179.064728
2025-09-19 10:00:00,384.10008000000005
2025-09-19 11:00:00,529.255696
2025-09-19 12:00:00,601.3722
2025-09-19 13:00:00,644.364288
2025-09-19 14:00:00,670.083792
2025-09-19 15:00:00,405.89798399999995
2025-09-19 16:00:00,512.39144
2025-09-19 17:00:00,291.10655999999994
2025-09-20 08:00:00,54.483408000000004
2025-09-20 09:00:00,224.678784
2025-09-20 10:00:00,381.188808
2025-09-20 11:00:00,501.28367999999995
2025-09-20 12:00:00,629.4536079999999
2025-09-20 13:00:00,599.4753840000001
2025-09-20 14:00:00,674.2922879999999
2025-09-20 15:00:00,443.06787199999997
2025-09-20 16:00:00,524.793328
2025-09-20 17:00:00,398.182752
2025-09-21 08:00:00,49.11803999999999
2025-09-21 09:00:00,205.20632
2025-09-21 10:00:00,395.63096
2025-09-21 11:00:00,573.047928
2025-09-21 12:00:00,682.668
2025-09-21 13:00:00,525.03
2025-09-21 14:00:00,739.48476
2025-09-21 15:00:00,580.926216
2025-09-21 16:00:00,425.93460799999997
2025-09-21 17:00:00,413.139184
2025-09-22 08:00:00,59.718399999999995
2025-09-22 09:00:00,200.768032
2025-09-22 10:00:00,357.52298399999995
2025-09-22 11:00:00,495.59873600000003
2025-09-22 12:00:00,524.461368
2025-09-22 13:00:00,728.265888
2025-09-22 14:00:00,649.6230159999999
2025-09-22 15:00:00,507.793536
2025-09-22 16:00:00,407.206904
2025-09-22 17:00:00,274.29321600000003
2025-09-23 08:00:00,52.397048000000005
2025-09-23 09:00:00,212.492584
2025-09-23 10:00:00,429.928448
2025-09-23 11:00:00,573.8043839999999
2025-09-23 12:00:00,690.4110959999999
2025-09-23 13:00:00,688.822848
2025-09-23 14:00:00,658.1146560000001
2025-09-23 15:00:00,654.282496
2025-09-23 16:00:00,579.769
2025-09-23 17:00:00,397.3888
2025-09-24 08:00:00,54.158328000000004
2025-09-24 09:00:00,189.555352
2025-09-24 10:00:00,429.967664
2025-09-24 11:00:00,609.5514880000001
2025-09-24 12:00:00,692.443792
2025-09-24 13:00:00,646.963896
2025-09-24 14:00:00,704.423936
2025-09-24 15:00:00,620.321784
2025-09-24 16:00:00,520.349536
2025-09-24 17:00:00,384.00307200000003
2025-09-25 08:00:00,65.22928
2025-09-25 09:00:00,243.518976
2025-09-25 10:00:00,440.36540799999995
2025-09-25 11:00:00,600.7791440000001
2025-09-25 12:00:00,685.96352
2025-09-25 13:00:00,527.3341120000001
2025-09-25 14:00:00,543.7952
2025-09-25 15:00:00,604.07776
2025-09-25 16:00:00,535.032144
2025-09-25 17:00:00,360.1852
2025-09-26 08:00:00,40.933248000000006
2025-09-26 09:00:00,237.40678400000002
2025-09-26 10:00:00,434.966672
2025-09-26 11:00:00,572.710464
2025-09-26 12:00:00,649.2752320000001
2025-09-26 13:00:00,689.9178
2025-09-26 14:00:00,664.583232
2025-09-26 15:00:00,598.9556
2025-09-26 16:00:00,499.24960799999997
2025-09-26 17:00:00,368.630056
2025-09-27 08:00:00,65.743216
2025-09-27 09:00:00,245.11032
2025-09-27 10:00:00,435.62784
2025-09-27 11:00:00,572.6052
2025-09-27 12:00:00,672.339056
2025-09-27 13:00:00,545.751528
2025-09-27 14:00:00,677.369024
2025-09-27 15:00:00,506.13408000000004
2025-09-27 16:00:00,469.53007199999996
2025-09-27 17:00:00,349.15243200000003
2025-09-28 08:00:00,48.902352
2025-09-28 09:00:00,156.75047999999998
2025-09-28 10:00:00,181.371936
2025-09-28 11:00:00,405.489312
2025-09-28 12:00:00,542.320128
2025-09-28 13:00:00,722.935264
2025-09-28 14:00:00,667.544384
2025-09-28 15:00:00,458.76356
2025-09-28 16:00:00,442.94334399999997
2025-09-28 17:00:00,175.299648
2025-09-29 08:00:00,68.35968
2025-09-29 09:00:00,245.15985600000002
2025-09-29 10:00:00,435.417312
2025-09-29 11:00:00,599.199496
2025-09-29 12:00:00,607.69664
2025-09-29 13:00:00,576.2729280000001
2025-09-29 14:00:00,487.8264
2025-09-29 15:00:00,409.773488
2025-09-29 16:00:00,406.22959999999995
2025-09-29 17:00:00,303.90336
2025-09-30 08:00:00,67.369304
2025-09-30 09:00:00,115.44984
2025-09-30 10:00:00,227.806432
2025-09-30 11:00:00,593.316752
2025-09-30 12:00:00,285.00950400000005
2025-09-30 13:00:00,509.28512
2025-09-30 14:00:00,505.29472000000004
2025-09-30 15:00:00,571.873168
2025-09-30 16:00:00,456.798976
2025-09-30 17:00:00,322.343824
2025-10-01 08:00:00,42.828
2025-10-01 09:00:00,185.00526399999998
2025-10-01 10:00:00,343.579632
2025-10-01 11:00:00,535.931016
2025-10-01 12:00:00,563.679776
2025-10-01 13:00:00,624.6668480000001
2025-10-01 14:00:00,783.3953280000001
2025-10-01 15:00:00,612.98392
2025-10-01 16:00:00,517.89888
2025-10-01 17:00:00,385.19572000000005
2025-10-02 08:00:00,69.13023999999999
2025-10-02 09:00:00,258.391128
2025-10-02 10:00:00,450.97368
2025-10-02 11:00:00,598.1141759999999
2025-10-02 12:00:00,715.2998399999999
2025-10-02 13:00:00,754.1167999999999
2025-10-02 14:00:00,665.426376
2025-10-02 15:00:00,581.4002479999999
2025-10-02 16:00:00,387.832136
2025-10-02 17:00:00,380.425128
2025-10-03 08:00:00,42.9656
2025-10-03 09:00:00,200.88739999999999
2025-10-03 10:00:00,330.743616
2025-10-03 11:00:00,311.95880800000003
2025-10-03 12:00:00,602.8479600000001
2025-10-03 13:00:00,731.3821839999999
2025-10-03 14:00:00,658.531584
2025-10-03 15:00:00,408.34176
2025-10-03 16:00:00,335.383488
2025-10-03 17:00:00,243.303632
2025-10-04 08:00:00,73.15847999999998
2025-10-04 09:00:00,251.26448
2025-10-04 10:00:00,440.353368
2025-10-04 11:00:00,621.049688
2025-10-04 12:00:00,729.284816
2025-10-04 13:00:00,795.140864
2025-10-04 14:00:00,785.44144
2025-10-04 15:00:00,683.78256
2025-10-04 16:00:00,571.873168
2025-10-04 17:00:00,320.898336
2025-10-05 08:00:00,53.277344
2025-10-05 09:00:00,190.9458
2025-10-05 10:00:00,376.577832
2025-10-05 11:00:00,595.806624
2025-10-05 12:00:00,741.7283279999999
2025-10-05 13:00:00,404.00942399999997
2025-10-05 14:00:00,715.499016
2025-10-05 15:00:00,489.708768
2025-10-05 16:00:00,320.264
2025-10-05 17:00:00,385.37219200000004
2025-10-06 08:00:00,47.3
2025-10-06 09:00:00,223.46584000000001
2025-10-06 10:00:00,416.009176
2025-10-06 11:00:00,583.3552000000001
2025-10-06 12:00:00,704.02524
2025-10-06 13:00:00,656.809176
2025-10-06 14:00:00,509.3952
2025-10-06 15:00:00,661.598
2025-10-06 16:00:00,495.127456
2025-10-06 17:00:00,282.06968
2025-10-07 08:00:00,62.142912
2025-10-07 09:00:00,239.45151999999996
2025-10-07 10:00:00,446.693632
2025-10-07 11:00:00,590.2008000000001
2025-10-07 12:00:00,662.1380800000001
2025-10-07 13:00:00,753.770736
2025-10-07 14:00:00,659.488936
2025-10-07 15:00:00,608.349552
2025-10-07 16:00:00,464.466048
2025-10-07 17:00:00,371.13471999999996
2025-10-08 08:00:00,62.65444
2025-10-08 09:00:00,227.806432
2025-10-08 10:00:00,314.465536
2025-10-08 11:00:00,475.921248
2025-10-08 12:00:00,591.285088
2025-10-08 13:00:00,674.8220480000001
2025-10-08 14:00:00,474.109056
2025-10-08 15:00:00,633.1973599999999
2025-10-08 16:00:00,470.61951999999997
2025-10-08 17:00:00,265.71936
2025-10-09 08:00:00,13.831552
2025-10-09 09:00:00,51.003848000000005
2025-10-09 10:00:00,189.831928
2025-10-09 11:00:00,369.142272
2025-10-09 12:00:00,569.4428079999999
2025-10-09 13:00:00,517.683192
2025-10-09 14:00:00,430.286208
2025-10-09 15:00:00,505.17913599999997
2025-10-09 16:00:00,443.61001600000003
2025-10-09 17:00:00,351.19785600000006
2025-10-10 08:00:00,58.409824
2025-10-10 09:00:00,216.93155999999996
2025-10-10 10:00:00,351.04684
2025-10-10 11:00:00,559.08944
2025-10-10 12:00:00,703.3571919999999
2025-10-10 13:00:00,724.26104
2025-10-10 14:00:00,689.364992
2025-10-10 15:00:00,690.7540640000001
2025-10-10 16:00:00,560.38116
2025-10-10 17:00:00,355.631328
2025-10-11 08:00:00,63.665456
2025-10-11 09:00:00,250.14819999999997
2025-10-11 10:00:00,433.02238400000005
2025-10-11 11:00:00,572.912736
2025-10-11 12:00:00,684.637056
2025-10-11 13:00:00,697.52536
2025-10-11 14:00:00,645.861376
2025-10-11 15:00:00,698.56768
2025-10-11 16:00:00,547.8774480000001
2025-10-11 17:00:00,332.22659999999996
2025-10-12 08:00:00,66.034584
2025-10-12 09:00:00,214.046776
2025-10-12 10:00:00,351.340272
2025-10-12 11:00:00,437.99593600000003
2025-10-12 12:00:00,685.759872
2025-10-12 13:00:00,615.585248
2025-10-12 14:00:00,708.8188799999999
2025-10-12 15:00:00,557.335728
2025-10-12 16:00:00,420.068376
2025-10-12 17:00:00,333.85715999999996
2025-10-13 08:00:00,61.182120000000005
2025-10-13 09:00:00,192.338656
2025-10-13 10:00:00,344.704512
2025-10-13 11:00:00,494.757312
2025-10-13 12:00:00,587.7928
2025-10-13 13:00:00,636.86784
2025-10-13 14:00:00,616.147344
2025-10-13 15:00:00,539.2186240000001
2025-10-13 16:00:00,509.07390399999997
2025-10-13 17:00:00,344.844864
2025-10-14 08:00:00,65.046272
2025-10-14 09:00:00,256.61918399999996
2025-10-14 10:00:00,435.857632
2025-10-14 11:00:00,594.96864
2025-10-14 12:00:00,687.4200159999999
2025-10-14 13:00:00,741.61584
2025-10-14 14:00:00,667.9860799999999
2025-10-14 15:00:00,471.317496
2025-10-14 16:00:00,468.02300799999995
2025-10-14 17:00:00,364.877704
2025-10-15 08:00:00,75.19564799999999
2025-10-15 09:00:00,256.723416
2025-10-15 10:00:00,453.05625599999996
2025-10-15 11:00:00,588.506256
2025-10-15 12:00:00,743.885208
2025-10-15 13:00:00,758.078304
2025-10-15 14:00:00,686.858608
2025-10-15 15:00:00,508.00096800000006
2025-10-15 16:00:00,348.776784
2025-10-15 17:00:00,270.428376
2025-10-16 08:00:00,72.89532
2025-10-16 09:00:00,257.361536
2025-10-16 10:00:00,452.130896
2025-10-16 11:00:00,587.298816
2025-10-16 12:00:00,723.42512
2025-10-16 13:00:00,744.052736
2025-10-16 14:00:00,748.61796
2025-10-16 15:00:00,357.042072
2025-10-16 16:00:00,429.190912
2025-10-16 17:00:00,344.704512
2025-10-17 08:00:00,22.324223999999997
2025-10-17 09:00:00,171.615408
2025-10-17 10:00:00,352.03584
2025-10-17 11:00:00,512.21772
2025-10-17 12:00:00,592.345296
2025-10-17 13:00:00,439.9416
2025-10-17 14:00:00,314.949888
2025-10-17 15:00:00,599.847936
2025-10-17 16:00:00,494.788272
2025-10-17 17:00:00,215.31716799999998
2025-10-18 08:00:00,62.78
2025-10-18 09:00:00,190.015624
2025-10-18 10:00:00,386.26005599999996
2025-10-18 11:00:00,471.073944
2025-10-18 12:00:00,551.93424
2025-10-18 13:00:00,676.8117439999999
2025-10-18 14:00:00,696.7857599999999
2025-10-18 15:00:00,654.30692
2025-10-18 16:00:00,509.70136
2025-10-18 17:00:00,390.856584
2025-10-19 08:00:00,57.942672
2025-10-19 09:00:00,200.274048
2025-10-19 10:00:00,372.00916800000005
2025-10-19 11:00:00,587.067648
2025-10-19 12:00:00,624.155664
2025-10-19 13:00:00,736.82048
2025-10-19 14:00:00,705.582528
2025-10-19 15:00:00,618.1012639999999
2025-10-19 16:00:00,564.281088
2025-10-19 17:00:00,386.529408
2025-10-20 08:00:00,68.60736
2025-10-20 09:00:00,234.135
2025-10-20 10:00:00,436.972536
2025-10-20 11:00:00,575.5340160000001
2025-10-20 12:00:00,662.27912
2025-10-20 13:00:00,742.9079039999999
2025-10-20 14:00:00,652.5542399999999
2025-10-20 15:00:00,547.935584
2025-10-20 16:00:00,443.131856
2025-10-20 17:00:00,340.202928
2025-10-21 08:00:00,80.775328
2025-10-21 09:00:00,168.132408
2025-10-21 10:00:00,198.905616
2025-10-21 11:00:00,357.638912
2025-10-21 12:00:00,438.14592
2025-10-21 13:00:00,466.373872
2025-10-21 14:00:00,328.220032
2025-10-21 15:00:00,137.32032800000002
2025-10-21 16:00:00,136.53359999999998
2025-10-21 17:00:00,139.23228
2025-10-22 08:00:00,72.21110399999999
2025-10-22 09:00:00,142.585936
2025-10-22 10:00:00,292.5462
2025-10-22 11:00:00,301.62883199999993
2025-10-22 12:00:00,450.97368
2025-10-22 13:00:00,506.073536
2025-10-22 14:00:00,243.265792
2025-10-22 15:00:00,460.73227199999997
2025-10-22 16:00:00,238.083432
2025-10-22 17:00:00,177.079848
2025-10-23 08:00:00,17.26192
2025-10-23 09:00:00,109.48212799999999
2025-10-23 10:00:00,338.14236800000003
2025-10-23 11:00:00,388.897848
2025-10-23 12:00:00,689.9714640000001
2025-10-23 13:00:00,605.7994799999999
2025-10-23 14:00:00,309.79952
2025-10-23 15:00:00,634.353888
2025-10-23 16:00:00,498.80516
2025-10-23 17:00:00,359.98224
2025-10-24 08:00:00,63.589088
2025-10-24 09:00:00,209.613648
2025-10-24 10:00:00,431.373936
2025-10-24 11:00:00,557.791872
2025-10-24 12:00:00,679.6029599999999
2025-10-24 13:00:00,773.3034
2025-10-24 14:00:00,751.3992
2025-10-24 15:00:00,665.1184959999999
2025-10-24 16:00:00,498.80516
2025-10-24 17:00:00,345.825264
2025-10-25 08:00:00,16.359608
2025-10-25 09:00:00,51.41424
2025-10-25 10:00:00,256.291696
2025-10-25 11:00:00,263.287624
2025-10-25 12:00:00,505.90256800000003
2025-10-25 13:00:00,735.7499520000001
2025-10-25 14:00:00,478.933312
2025-10-25 15:00:00,492.300464
2025-10-25 16:00:00,257.686272
2025-10-25 17:00:00,125.141696
2025-10-26 08:00:00,85.6904
2025-10-26 09:00:00,252.38454399999998
2025-10-26 10:00:00,438.561128
2025-10-26 11:00:00,576.7696639999999
2025-10-26 12:00:00,704.355136
2025-10-26 13:00:00,780.356088
2025-10-26 14:00:00,703.4841279999999
2025-10-26 15:00:00,449.910032
2025-10-26 16:00:00,431.512224
2025-10-26 17:00:00,366.88632
2025-10-27 08:00:00,75.805216
2025-10-27 09:00:00,213.079104
2025-10-27 10:00:00,392.263888
2025-10-27 11:00:00,509.700328
2025-10-27 12:00:00,584.432608
2025-10-27 13:00:00,621.412608
2025-10-27 14:00:00,631.584
2025-10-27 15:00:00,392.78436
2025-10-27 16:00:00,428.737176
2025-10-27 17:00:00,296.658376
2025-10-28 08:00:00,41.937728
2025-10-28 09:00:00,257.25696
2025-10-28 10:00:00,375.65832
2025-10-28 11:00:00,531.532632
2025-10-28 12:00:00,703.2653439999999
2025-10-28 13:00:00,729.323
2025-10-28 14:00:00,743.7118320000001
2025-10-28 15:00:00,685.680064
2025-10-28 16:00:00,484.67019999999997
2025-10-28 17:00:00,372.973744
2025-10-29 08:00:00,64.5258
2025-10-29 09:00:00,156.12096
2025-10-29 10:00:00,375.119616
2025-10-29 11:00:00,419.37177599999995
2025-10-29 12:00:00,393.464448
2025-10-29 13:00:00,540.226544
2025-10-29 14:00:00,349.70214400000003
2025-10-29 15:00:00,411.78795199999996
2025-10-29 16:00:00,408.098208
2025-10-29 17:00:00,258.840736
2025-10-30 08:00:00,49.039607999999994
2025-10-30 09:00:00,101.35753600000001
2025-10-30 10:00:00,385.687296
2025-10-30 11:00:00,602.946344
2025-10-30 12:00:00,727.5875199999999
2025-10-30 13:00:00,798.36036
2025-10-30 14:00:00,791.2110080000001
2025-10-30 15:00:00,713.327344
2025-10-30 16:00:00,577.61728
2025-10-30 17:00:00,400.42287999999996
2025-10-31 08:00:00,86.199864
2025-10-31 09:00:00,224.34476
2025-10-31 10:00:00,397.314496
2025-10-31 11:00:00,552.458152
2025-10-31 12:00:00,531.46452
2025-10-31 13:00:00,675.978232
2025-10-31 14:00:00,701.817104
2025-10-31 15:00:00,589.6985599999999
2025-10-31 16:00:00,430.23873599999996
2025-10-31 17:00:00,327.313936
2025-11-01 08:00:00,91.46788
2025-11-01 09:00:00,276.15803999999997
2025-11-01 10:00:00,457.727088
2025-11-01 11:00:00,568.19168
2025-11-01 12:00:00,671.2437600000001
2025-11-01 13:00:00,503.80692
2025-11-01 14:00:00,704.355136
2025-11-01 15:00:00,688.176472
2025-11-01 16:00:00,548.9036
2025-11-01 17:00:00,360.874576
2025-11-02 08:00:00,60.47382400000001
2025-11-02 09:00:00,256.629504
2025-11-02 10:00:00,416.16432
2025-11-02 11:00:00,560.0664
2025-11-02 12:00:00,595.71512
2025-11-02 13:00:00,700.8711040000001
2025-11-02 14:00:00,497.45496
2025-11-02 15:00:00,372.95104
2025-11-02 16:00:00,309.72384
2025-11-02 17:00:00,237.71775999999997
2025-11-03 08:00:00,78.635648
2025-11-03 09:00:00,37.93081599999999
2025-11-03 10:00:00,213.452
2025-11-03 11:00:00,335.655936
2025-11-03 12:00:00,410.94618399999996
2025-11-03 13:00:00,657.5188479999999
2025-11-03 14:00:00,723.72096
2025-11-03 15:00:00,598.0749599999999
2025-11-03 16:00:00,319.74112
2025-11-03 17:00:00,201.84027999999998
2025-11-04 08:00:00,56.98704
2025-11-04 09:00:00,205.1616
2025-11-04 10:00:00,251.70892800000001
2025-11-04 11:00:00,552.4254719999999
2025-11-04 12:00:00,639.95696
2025-11-04 13:00:00,680.4264959999999
2025-11-04 14:00:00,531.239544
2025-11-04 15:00:00,467.64047999999997
2025-11-04 16:00:00,482.38500799999997
2025-11-04 17:00:00,306.9942
2025-11-05 08:00:00,81.2098
2025-11-05 09:00:00,249.09796799999998
2025-11-05 10:00:00,276.15803999999997
2025-11-05 11:00:00,372.061456
2025-11-05 12:00:00,600.0945839999999
2025-11-05 13:00:00,765.365256
2025-11-05 14:00:00,733.7052160000001
2025-11-05 15:00:00,594.881952
2025-11-05 16:00:00,407.761776
2025-11-05 17:00:00,228.399488
2025-11-06 08:00:00,67.722592
2025-11-06 09:00:00,262.3344
2025-11-06 10:00:00,468.55483200000003
2025-11-06 11:00:00,627.198
2025-11-06 12:00:00,747.968832
2025-11-06 13:00:00,800.343864
2025-11-06 14:00:00,783.872112
2025-11-06 15:00:00,639.3037039999999
2025-11-06 16:00:00,403.74248
2025-11-06 17:00:00,321.343128
2025-11-07 08:00:00,77.94696
2025-11-07 09:00:00,249.09796799999998
2025-11-07 10:00:00,446.61348
2025-11-07 11:00:00,576.2963199999999
2025-11-07 12:00:00,660.3768
2025-11-07 13:00:00,683.4915360000001
2025-11-07 14:00:00,724.3841920000001
2025-11-07 15:00:00,694.0544
2025-11-07 16:00:00,552.315736
2025-11-07 17:00:00,364.132944
2025-11-08 08:00:00,81.30784
2025-11-08 09:00:00,279.99157599999995
2025-11-08 10:00:00,479.27456
2025-11-08 11:00:00,609.8872319999999
2025-11-08 12:00:00,755.8849599999999
2025-11-08 13:00:00,784.011088
2025-11-08 14:00:00,751.52648
2025-11-08 15:00:00,669.5925599999999
2025-11-08 16:00:00,555.348096
2025-11-08 17:00:00,399.06201599999997
2025-11-09 08:00:00,54.775808
2025-11-09 09:00:00,223.375368
2025-11-09 10:00:00,385.687296
2025-11-09 11:00:00,583.712272
2025-11-09 12:00:00,687.9312
2025-11-09 13:00:00,744.3262159999999
2025-11-09 14:00:00,592.9111760000001
2025-11-09 15:00:00,370.92212800000004
2025-11-09 16:00:00,240.253728
2025-11-09 17:00:00,294.856848
2025-11-10 08:00:00,81.228032
2025-11-10 09:00:00,166.17264
2025-11-10 10:00:00,318.552256
2025-11-10 11:00:00,254.465744
2025-11-10 12:00:00,510.29785599999997
2025-11-10 13:00:00,614.326552
2025-11-10 14:00:00,636.896736
2025-11-10 15:00:00,423.384192
2025-11-10 16:00:00,464.003712
2025-11-10 17:00:00,244.410624
2025-11-11 08:00:00,82.85721600000001
2025-11-11 09:00:00,149.161152
2025-11-11 10:00:00,399.065112
2025-11-11 11:00:00,589.114792
2025-11-11 12:00:00,609.714544
2025-11-11 13:00:00,435.323056
2025-11-11 14:00:00,271.72972799999997
2025-11-11 15:00:00,250.82243999999997
2025-11-11 16:00:00,257.57068799999996
2025-11-11 17:00:00,161.4392
2025-11-12 08:00:00,64.44839999999999
2025-11-12 09:00:00,185.052392
2025-11-12 10:00:00,304.294144
2025-11-12 11:00:00,226.58901600000002
2025-11-12 12:00:00,232.529552
2025-11-12 13:00:00,195.34727999999998
2025-11-12 14:00:00,470.12691199999995
2025-11-12 15:00:00,352.04616
2025-11-12 16:00:00,300.17990399999996
2025-11-12 17:00:00,134.57555200000002
2025-11-13 08:00:00,60.24815999999999
2025-11-13 09:00:00,198.77696
2025-11-13 10:00:00,338.7712
2025-11-13 11:00:00,508.20840000000004
2025-11-13 12:00:00,631.520016
2025-11-13 13:00:00,337.824856
2025-11-13 14:00:00,285.098944
2025-11-13 15:00:00,295.209792
2025-11-13 16:00:00,133.39976000000001
2025-11-13 17:00:00,122.89881600000001
2025-11-14 08:00:00,92.69424
2025-11-14 09:00:00,272.00768
2025-11-14 10:00:00,469.17059199999994
2025-11-14 11:00:00,558.092184
2025-11-14 12:00:00,634.614296
2025-11-14 13:00:00,639.4788
2025-11-14 14:00:00,356.72112
2025-11-14 15:00:00,331.32841600000006
2025-11-14 16:00:00,268.203728
2025-11-14 17:00:00,157.505904
2025-11-15 08:00:00,31.807272
2025-11-15 09:00:00,237.07172799999998
2025-11-15 10:00:00,390.21984
2025-11-15 11:00:00,536.48864
2025-11-15 12:00:00,674.834776
2025-11-15 13:00:00,626.419184
2025-11-15 14:00:00,712.510344
2025-11-15 15:00:00,448.735616
2025-11-15 16:00:00,434.83836
2025-11-15 17:00:00,336.432
2025-11-16 08:00:00,40.678688
2025-11-16 09:00:00,72.52896
2025-11-16 10:00:00,218.68595999999997
2025-11-16 11:00:00,395.90099999999995
2025-11-16 12:00:00,429.91571999999996
2025-11-16 13:00:00,490.66612
2025-11-16 14:00:00,416.17876800000005
2025-11-16 15:00:00,419.232112
2025-11-16 16:00:00,210.121392
2025-11-16 17:00:00,178.58966400000003
2025-11-17 08:00:00,49.235687999999996
2025-11-17 09:00:00,115.24
2025-11-17 10:00:00,419.231424
2025-11-17 11:00:00,556.70208
2025-11-17 12:00:00,717.6087679999999
2025-11-17 13:00:00,752.110592
2025-11-17 14:00:00,542.3982159999999
2025-11-17 15:00:00,372.25444
2025-11-17 16:00:00,236.79068
2025-11-17 17:00:00,144.293552
2025-11-18 08:00:00,65.25542399999999
2025-11-18 09:00:00,241.335608
2025-11-18 10:00:00,398.21783999999997
2025-11-18 11:00:00,581.8993919999999
2025-11-18 12:00:00,735.27936
2025-11-18 13:00:00,690.498816
2025-11-18 14:00:00,697.81088
2025-11-18 15:00:00,573.886944
2025-11-18 16:00:00,429.160296
2025-11-18 17:00:00,220.779888
2025-11-19 08:00:00,38.02163199999999
2025-11-19 09:00:00,209.084576
2025-11-19 10:00:00,346.529088
2025-11-19 11:00:00,500.18838400000004
2025-11-19 12:00:00,686.033696
2025-11-19 13:00:00,643.616088
2025-11-19 14:00:00,680.4419760000001
2025-11-19 15:00:00,524.17
2025-11-19 16:00:00,516.8410799999999
2025-11-19 17:00:00,340.769152
2025-11-20 08:00:00,23.340744
2025-11-20 09:00:00,48.294847999999995
2025-11-20 10:00:00,160.36970399999998
2025-11-20 11:00:00,354.1824
2025-11-20 12:00:00,602.9872799999999
2025-11-20 13:00:00,291.934912
2025-11-20 14:00:00,240.88428
2025-11-20 15:00:00,438.07712
2025-11-20 16:00:00,244.56336
2025-11-20 17:00:00,311.92268800000005
2025-11-21 08:00:00,56.03415999999999
2025-11-21 09:00:00,242.579168
2025-11-21 10:00:00,376.49424
2025-11-21 11:00:00,386.417264
2025-11-21 12:00:00,345.54937600000005
2025-11-21 13:00:00,428.666656
2025-11-21 14:00:00,529.8803999999999
2025-11-21 15:00:00,342.316464
2025-11-21 16:00:00,346.532184
2025-11-21 17:00:00,331.35559200000006
2025-11-22 08:00:00,38.7774
2025-11-22 09:00:00,90.97767999999999
2025-11-22 10:00:00,314.293536
2025-11-22 11:00:00,509.66042400000003
2025-11-22 12:00:00,542.320128
2025-11-22 13:00:00,504.4416
2025-11-22 14:00:00,463.72920000000005
2025-11-22 15:00:00,321.9496
2025-11-22 16:00:00,463.245536
2025-11-22 17:00:00,299.914336
2025-11-23 08:00:00,66.061072
2025-11-23 09:00:00,184.051008
2025-11-23 10:00:00,290.496304
2025-11-23 11:00:00,531.1556079999999
2025-11-23 12:00:00,619.44768
2025-11-23 13:00:00,636.029856
2025-11-23 14:00:00,524.525696
2025-11-23 15:00:00,589.0810799999999
2025-11-23 16:00:00,499.865712
2025-11-23 17:00:00,397.53052799999995
2025-11-24 08:00:00,71.40855199999999
2025-11-24 09:00:00,108.56468
2025-11-24 10:00:00,193.805472
2025-11-24 11:00:00,395.718336
2025-11-24 12:00:00,512.21772
2025-11-24 13:00:00,523.135592
2025-11-24 14:00:00,467.331912
2025-11-24 15:00:00,485.348912
2025-11-24 16:00:00,420.368
2025-11-24 17:00:00,234.87219199999998
2025-11-25 08:00:00,19.010815999999995
2025-11-25 09:00:00,37.127919999999996
2025-11-25 10:00:00,135.77129599999998
2025-11-25 11:00:00,309.0582
2025-11-25 12:00:00,259.1524
2025-11-25 13:00:00,587.067648
2025-11-25 14:00:00,694.73208
2025-11-25 15:00:00,366.46835999999996
2025-11-25 16:00:00,317.53952
2025-11-25 17:00:00,314.545344
2025-11-26 08:00:00,33.526584
2025-11-26 09:00:00,160.90393600000002
2025-11-26 10:00:00,240.48283200000003
2025-11-26 11:00:00,485.7968
2025-11-26 12:00:00,618.2753280000001
2025-11-26 13:00:00,707.22444
2025-11-26 14:00:00,654.734168
2025-11-26 15:00:00,552.5252320000001
2025-11-26 16:00:00,326.030472
2025-11-26 17:00:00,381.632568
2025-11-27 08:00:00,60.29632
2025-11-27 09:00:00,197.684416
2025-11-27 10:00:00,368.71295999999995
2025-11-27 11:00:00,475.58688
2025-11-27 12:00:00,364.13638399999996
2025-11-27 13:00:00,511.788408
2025-11-27 14:00:00,358.886256
2025-11-27 15:00:00,416.33459999999997
2025-11-27 16:00:00,292.690336
2025-11-27 17:00:00,169.4544
2025-11-28 08:00:00,7.758576
2025-11-28 09:00:00,52.418032
2025-11-28 10:00:00,239.146736
2025-11-28 11:00:00,399.912384
2025-11-28 12:00:00,413.97957600000007
2025-11-28 13:00:00,322.74768
2025-11-28 14:00:00,485.88107999999994
2025-11-28 15:00:00,131.21157599999998
2025-11-28 16:00:00,259.87136
2025-11-28 17:00:00,240.50003199999998
2025-11-29 08:00:00,54.331703999999995
2025-11-29 09:00:00,265.64127199999996
2025-11-29 10:00:00,435.00348
2025-11-29 11:00:00,582.850208
2025-11-29 12:00:00,715.720896
2025-11-29 13:00:00,769.158888
2025-11-29 14:00:00,743.0503199999999
2025-11-29 15:00:00,639.7877119999999
2025-11-29 16:00:00,537.147744
2025-11-29 17:00:00,375.80899200000005
2025-11-30 08:00:00,75.67999999999999
2025-11-30 09:00:00,242.55096
2025-11-30 10:00:00,438.127344
2025-11-30 11:00:00,568.945384
2025-11-30 12:00:00,693.56592
2025-11-30 13:00:00,688.5497119999999
2025-11-30 14:00:00,622.7604
2025-11-30 15:00:00,570.6261679999999
2025-11-30 16:00:00,522.9515519999999
2025-11-30 17:00:00,305.616824
2025-12-01 08:00:00,34.49632
2025-12-01 09:00:00,143.102968
2025-12-01 10:00:00,391.226728
2025-12-01 11:00:00,565.668096
2025-12-01 12:00:00,674.8540399999999
2025-12-01 13:00:00,666.776576
2025-12-01 14:00:00,671.613904
2025-12-01 15:00:00,454.50656
2025-12-01 16:00:00,345.81976
2025-12-01 17:00:00,336.64012
2025-12-02 08:00:00,51.971520000000005
2025-12-02 09:00:00,23.387184
2025-12-02 10:00:00,44.98832
2025-12-02 11:00:00,53.53328
2025-12-02 12:00:00,96.51263999999999
2025-12-02 13:00:00,198.342144
2025-12-02 14:00:00,183.32654399999998
2025-12-02 15:00:00,230.87732
2025-12-02 16:00:00,161.29196800000003
2025-12-02 17:00:00,148.422928
2025-12-03 08:00:00,57.123264
2025-12-03 09:00:00,243.99232
2025-12-03 10:00:00,424.79355999999996
2025-12-03 11:00:00,580.83712
2025-12-03 12:00:00,713.03976
2025-12-03 13:00:00,737.736896
2025-12-03 14:00:00,694.83356
2025-12-03 15:00:00,488.17728
2025-12-03 16:00:00,406.063792
2025-12-03 17:00:00,269.292144
2025-12-04 08:00:00,41.461632
2025-12-04 09:00:00,156.70782400000002
2025-12-04 10:00:00,265.74825599999997
2025-12-04 11:00:00,535.0410880000001
2025-12-04 12:00:00,645.685248
2025-12-04 13:00:00,605.2728159999999
2025-12-04 14:00:00,352.90272
2025-12-04 15:00:00,592.22696
2025-12-04 16:00:00,422.2944
2025-12-04 17:00:00,191.94649599999997
2025-12-05 08:00:00,55.414272
2025-12-05 09:00:00,239.74048
2025-12-05 10:00:00,449.90143199999994
2025-12-05 11:00:00,613.398096
2025-12-05 12:00:00,725.3962399999999
2025-12-05 13:00:00,777.280728
2025-12-05 14:00:00,754.63968
2025-12-05 15:00:00,688.480912
2025-12-05 16:00:00,524.36264
2025-12-05 17:00:00,360.571168
2025-12-06 08:00:00,70.463584
2025-12-06 09:00:00,235.8378
2025-12-06 10:00:00,407.35104
2025-12-06 11:00:00,282.15499199999994
2025-12-06 12:00:00,716.705424
2025-12-06 13:00:00,720.8478719999999
2025-12-06 14:00:00,652.2900480000001
2025-12-06 15:00:00,641.189168
2025-12-06 16:00:00,563.9831839999999
2025-12-06 17:00:00,307.708688
2025-12-07 08:00:00,52.480984
2025-12-07 09:00:00,151.245792
2025-12-07 10:00:00,317.78031999999996
2025-12-07 11:00:00,467.01955999999996
2025-12-07 12:00:00,550.291296
2025-12-07 13:00:00,716.1822
2025-12-07 14:00:00,695.2411999999999
2025-12-07 15:00:00,565.120792
2025-12-07 16:00:00,445.295272
2025-12-07 17:00:00,314.621024
2025-12-08 08:00:00,31.807272
2025-12-08 09:00:00,132.55352
2025-12-08 10:00:00,263.61408
2025-12-08 11:00:00,283.448432
2025-12-08 12:00:00,372.3456
2025-12-08 13:00:00,421.41548
2025-12-08 14:00:00,474.81356800000003
2025-12-08 15:00:00,344.551088
2025-12-08 16:00:00,263.50159199999996
2025-12-08 17:00:00,206.555832
2025-12-09 08:00:00,53.511952
2025-12-09 09:00:00,234.9864
2025-12-09 10:00:00,422.79801599999996
2025-12-09 11:00:00,531.2226880000001
2025-12-09 12:00:00,694.7424
2025-12-09 13:00:00,730.599584
2025-12-09 14:00:00,749.4796799999999
2025-12-09 15:00:00,631.392736
2025-12-09 16:00:00,412.29741600000006
2025-12-09 17:00:00,359.76552
2025-12-10 08:00:00,58.573568
2025-12-10 09:00:00,212.512536
2025-12-10 10:00:00,389.21364
2025-12-10 11:00:00,498.90801600000003
2025-12-10 12:00:00,656.077488
2025-12-10 13:00:00,720.07456
2025-12-10 14:00:00,661.182104
2025-12-10 15:00:00,239.25888
2025-12-10 16:00:00,397.047896
2025-12-10 17:00:00,362.889384
2025-12-11 08:00:00,37.99135999999999
2025-12-11 09:00:00,55.128064
2025-12-11 10:00:00,139.89964
2025-12-11 11:00:00,181.080224
2025-12-11 12:00:00,300.665632
2025-12-11 13:00:00,297.1472
2025-12-11 14:00:00,407.05863999999997
2025-12-11 15:00:00,534.30424
2025-12-11 16:00:00,327.71538400000003
2025-12-11 17:00:00,363.940992
2025-12-12 08:00:00,51.641279999999995
2025-12-12 09:00:00,229.11913600000003
2025-12-12 10:00:00,427.50118399999997
2025-12-12 11:00:00,564.3646799999999
2025-12-12 12:00:00,666.7614399999999
2025-12-12 13:00:00,752.6376
2025-12-12 14:00:00,726.635328
2025-12-12 15:00:00,181.861104
2025-12-12 16:00:00,378.65043199999997
2025-12-12 17:00:00,308.65744
2025-12-13 08:00:00,38.127584
2025-12-13 09:00:00,92.351272
2025-12-13 10:00:00,237.64827200000002
2025-12-13 11:00:00,278.22926400000006
2025-12-13 12:00:00,363.922416
2025-12-13 13:00:00,423.793896
2025-12-13 14:00:00,435.194056
2025-12-13 15:00:00,330.20972800000004
2025-12-13 16:00:00,268.84116
2025-12-13 17:00:00,242.84508
2025-12-14 08:00:00,44.863104
2025-12-14 09:00:00,198.402688
2025-12-14 10:00:00,321.17904
2025-12-14 11:00:00,461.76324
2025-12-14 12:00:00,351.056472
2025-12-14 13:00:00,307.833216
2025-12-14 14:00:00,431.93327999999997
2025-12-14 15:00:00,492.363072
2025-12-14 16:00:00,376.188768
2025-12-14 17:00:00,225.13974399999998
2025-12-15 08:00:00,10.406687999999999
2025-12-15 09:00:00,35.513872
2025-12-15 10:00:00,88.969752
2025-12-15 11:00:00,118.96483199999999
2025-12-15 12:00:00,170.348112
2025-12-15 13:00:00,116.14643999999998
2025-12-15 14:00:00,234.216528
2025-12-15 15:00:00,261.68630399999995
2025-12-15 16:00:00,187.067888
2025-12-15 17:00:00,76.75431199999998
2025-12-16 08:00:00,35.527976
2025-12-16 09:00:00,119.683448
2025-12-16 10:00:00,143.447656
2025-12-16 11:00:00,192.64860000000002
2025-12-16 12:00:00,374.066632
2025-12-16 13:00:00,338.994112
2025-12-16 14:00:00,258.2064
2025-12-16 15:00:00,187.067888
2025-12-16 16:00:00,138.68153600000002
2025-12-16 17:00:00,44.017896
2025-12-17 08:00:00,36.394512
2025-12-17 09:00:00,59.719775999999996
2025-12-17 10:00:00,104.517864
2025-12-17 11:00:00,189.04863999999998
2025-12-17 12:00:00,244.779392
2025-12-17 13:00:00,475.548008
2025-12-17 14:00:00,568.519512
2025-12-17 15:00:00,447.35961599999996
2025-12-17 16:00:00,222.116328
2025-12-17 17:00:00,97.96156799999999
2025-12-18 08:00:00,50.94296
2025-12-18 09:00:00,111.66584
2025-12-18 10:00:00,257.617472
2025-12-18 11:00:00,269.16624
2025-12-18 12:00:00,681.2231999999999
2025-12-18 13:00:00,528.0730239999999
2025-12-18 14:00:00,480.334768
2025-12-18 15:00:00,567.126656
2025-12-18 16:00:00,351.76752
2025-12-18 17:00:00,367.210368
2025-12-19 08:00:00,38.90124000000001
2025-12-19 09:00:00,68.88256
2025-12-19 10:00:00,229.834656
2025-12-19 11:00:00,219.103232
2025-12-19 12:00:00,258.057792
2025-12-19 13:00:00,342.698304
2025-12-19 14:00:00,403.363048
2025-12-19 15:00:00,268.716288
2025-12-19 16:00:00,307.1232
2025-12-19 17:00:00,183.86455999999998
2025-12-20 08:00:00,37.024376000000004
2025-12-20 09:00:00,188.843616
2025-12-20 10:00:00,262.2312
2025-12-20 11:00:00,389.90335999999996
2025-12-20 12:00:00,462.985472
2025-12-20 13:00:00,573.6165599999999
2025-12-20 14:00:00,452.78587200000004
2025-12-20 15:00:00,645.46784
2025-12-20 16:00:00,339.02232
2025-12-20 17:00:00,175.88376
2025-12-21 08:00:00,16.320392000000002
2025-12-21 09:00:00,154.60151199999999
2025-12-21 10:00:00,293.49564
2025-12-21 11:00:00,524.44692
2025-12-21 12:00:00,624.6668480000001
2025-12-21 13:00:00,592.5881599999999
2025-12-21 14:00:00,522.4926559999999
2025-12-21 15:00:00,687.1262399999999
2025-12-21 16:00:00,509.075968
2025-12-21 17:00:00,424.05052
2025-12-22 08:00:00,51.55872
2025-12-22 09:00:00,218.898208
2025-12-22 10:00:00,422.27376
2025-12-22 11:00:00,523.3788
2025-12-22 12:00:00,650.2374
2025-12-22 13:00:00,758.17944
2025-12-22 14:00:00,735.378432
2025-12-22 15:00:00,670.691296
2025-12-22 16:00:00,552.2988799999999
2025-12-22 17:00:00,359.179344
2025-12-23 08:00:00,47.35676
2025-12-23 09:00:00,209.78289600000002
2025-12-23 10:00:00,400.108808
2025-12-23 11:00:00,500.392376
2025-12-23 12:00:00,591.151616
2025-12-23 13:00:00,609.80192
2025-12-23 14:00:00,720.508344
2025-12-23 15:00:00,645.024768
2025-12-23 16:00:00,470.42688
2025-12-23 17:00:00,347.650184
2025-12-24 08:00:00,49.039607999999994
2025-12-24 09:00:00,226.563904
2025-12-24 10:00:00,379.96175999999997
2025-12-24 11:00:00,452.953056
2025-12-24 12:00:00,567.639904
2025-12-24 13:00:00,730.59408
2025-12-24 14:00:00,728.92224
2025-12-24 15:00:00,649.0076
2025-12-24 16:00:00,543.851616
2025-12-24 17:00:00,333.47635199999996
2025-12-25 08:00:00,44.737888
2025-12-25 09:00:00,192.727376
2025-12-25 10:00:00,320.52887999999996
2025-12-25 11:00:00,525.7073359999999
2025-12-25 12:00:00,617.68812
2025-12-25 13:00:00,579.8849280000001
2025-12-25 14:00:00,531.863904
2025-12-25 15:00:00,384.003072
2025-12-25 16:00:00,458.753584
2025-12-25 17:00:00,382.100064
2025-12-26 08:00:00,39.639120000000005
2025-12-26 09:00:00,168.40347999999997
2025-12-26 10:00:00,342.853792
2025-12-26 11:00:00,489.22304
2025-12-26 12:00:00,628.422984
2025-12-26 13:00:00,538.1453439999999
2025-12-26 14:00:00,410.61216
2025-12-26 15:00:00,635.2992
2025-12-26 16:00:00,551.174
2025-12-26 17:00:00,213.53799999999998
2025-12-27 08:00:00,38.792880000000004
2025-12-27 09:00:00,142.36027199999998
2025-12-27 10:00:00,318.294944
2025-12-27 11:00:00,456.96959999999996
2025-12-27 12:00:00,555.178504
2025-12-27 13:00:00,586.833728
2025-12-27 14:00:00,588.876744
2025-12-27 15:00:00,547.694784
2025-12-27 16:00:00,271.37712799999997
2025-12-27 17:00:00,274.668864
2025-12-28 08:00:00,35.302312
2025-12-28 09:00:00,198.163264
2025-12-28 10:00:00,294.3264
2025-12-28 11:00:00,477.98249599999997
2025-12-28 12:00:00,615.74624
2025-12-28 13:00:00,622.475568
2025-12-28 14:00:00,441.987712
2025-12-28 15:00:00,321.107488
2025-12-28 16:00:00,356.891744
2025-12-28 17:00:00,117.72574399999999
2025-12-29 08:00:00,31.108607999999997
2025-12-29 09:00:00,54.28836
2025-12-29 10:00:00,202.310528
2025-12-29 11:00:00,364.693664
2025-12-29 12:00:00,485.03312
2025-12-29 13:00:00,438.21747200000004
2025-12-29 14:00:00,403.68055999999996
2025-12-29 15:00:00,391.490576
2025-12-29 16:00:00,470.42688000000004
2025-12-29 17:00:00,318.63
2025-12-30 08:00:00,31.059072000000004
2025-12-30 09:00:00,183.93852
2025-12-30 10:00:00,342.559672
2025-12-30 11:00:00,431.75784
2025-12-30 12:00:00,605.478528
2025-12-30 13:00:00,589.955184
2025-12-30 14:00:00,587.313952
2025-12-30 15:00:00,565.120792
2025-12-30 16:00:00,471.19744
2025-12-30 17:00:00,388.372216
2025-12-31 08:00:00,28.470816000000003
2025-12-31 09:00:00,149.101296
2025-12-31 10:00:00,302.36912
2025-12-31 11:00:00,459.881904
2025-12-31 12:00:00,526.551168
2025-12-31 13:00:00,588.9968
2025-12-31 14:00:00,491.3524
2025-12-31 15:00:00,542.7184800000001
2025-12-31 16:00:00,511.370792
2025-12-31 17:00:00,336.666608
2026-01-01 08:00:00,37.113127999999996
2026-01-01 09:00:00,199.257872
2026-01-01 10:00:00,317.78031999999996
2026-01-01 11:00:00,378.88435200000004
2026-01-01 12:00:00,564.595504
2026-01-01 13:00:00,295.197064
2026-01-01 14:00:00,372.0618
2026-01-01 15:00:00,536.677152
2026-01-01 16:00:00,550.123768
2026-01-01 17:00:00,397.606896
2026-01-02 08:00:00,38.7774
2026-01-02 09:00:00,209.4358
2026-01-02 10:00:00,402.585264
2026-01-02 11:00:00,544.0924160000001
2026-01-02 12:00:00,657.455552
2026-01-02 13:00:00,532.28496
2026-01-02 14:00:00,404.969184
2026-01-02 15:00:00,597.07564
2026-01-02 16:00:00,469.40313599999996
2026-01-02 17:00:00,349.50124800000003
2026-01-03 08:00:00,14.713567999999999
2026-01-03 09:00:00,104.22649600000001
2026-01-03 10:00:00,199.49832800000001
2026-01-03 11:00:00,435.388416
2026-01-03 12:00:00,555.13344
2026-01-03 13:00:00,624.18112
2026-01-03 14:00:00,485.229888
2026-01-03 15:00:00,459.50832
2026-01-03 16:00:00,403.792704
2026-01-03 17:00:00,285.646592
2026-01-04 08:00:00,32.797648
2026-01-04 09:00:00,207.809712
2026-01-04 10:00:00,399.51128
2026-01-04 11:00:00,570.36576
2026-01-04 12:00:00,687.44272
2026-01-04 13:00:00,748.025936
2026-01-04 14:00:00,763.70064
2026-01-04 15:00:00,672.878448
2026-01-04 16:00:00,556.92912
2026-01-04 17:00:00,380.3436
2026-01-05 08:00:00,25.872239999999998
2026-01-05 09:00:00,99.480672
2026-01-05 10:00:00,331.77768
2026-01-05 11:00:00,450.19968
2026-01-05 12:00:00,605.478528
2026-01-05 13:00:00,509.902944
2026-01-05 14:00:00,584.7896800000001
2026-01-05 15:00:00,582.153264
2026-01-05 16:00:00,498.96443200000004
2026-01-05 17:00:00,284.371384
2026-01-06 08:00:00,27.542015999999997
2026-01-06 09:00:00,79.756056
2026-01-06 10:00:00,225.89448
2026-01-06 11:00:00,387.674928
2026-01-06 12:00:00,414.316008
2026-01-06 13:00:00,439.377096
2026-01-06 14:00:00,377.3422
2026-01-06 15:00:00,382.58510400000006
2026-01-06 16:00:00,389.055744
2026-01-06 17:00:00,270.417024
2026-01-07 08:00:00,29.41544
2026-01-07 09:00:00,81.13102400000001
2026-01-07 10:00:00,114.42575199999999
2026-01-07 11:00:00,226.9884
2026-01-07 12:00:00,398.61619200000007
2026-01-07 13:00:00,526.575248
2026-01-07 14:00:00,422.453672
2026-01-07 15:00:00,261.89683199999996
2026-01-07 16:00:00,235.6486
2026-01-07 17:00:00,169.42
2026-01-08 08:00:00,17.29632
2026-01-08 09:00:00,76.631848
2026-01-08 10:00:00,233.07788799999997
2026-01-08 11:00:00,382.17918399999996
2026-01-08 12:00:00,392.21366400000005
2026-01-08 13:00:00,504.84339200000005
2026-01-08 14:00:00,515.700032
2026-01-08 15:00:00,566.43728
2026-01-08 16:00:00,354.7586
2026-01-08 17:00:00,324.514464
2026-01-09 08:00:00,18.972975999999996
2026-01-09 09:00:00,184.01248
2026-01-09 10:00:00,357.02487199999996
2026-01-09 11:00:00,427.562072
2026-01-09 12:00:00,588.48424
2026-01-09 13:00:00,683.773272
2026-01-09 14:00:00,643.60164
2026-01-09 15:00:00,449.60112000000004
2026-01-09 16:00:00,432.136928
2026-01-09 17:00:00,337.1544
2026-01-10 08:00:00,26.830624
2026-01-10 09:00:00,188.89727999999997
2026-01-10 10:00:00,354.47308
2026-01-10 11:00:00,494.713968
2026-01-10 12:00:00,636.700656
2026-01-10 13:00:00,712.4566800000001
2026-01-10 14:00:00,686.0354159999999
2026-01-10 15:00:00,637.4787839999999
2026-01-10 16:00:00,583.693696
2026-01-10 17:00:00,378.1076
2026-01-11 08:00:00,32.87608
2026-01-11 09:00:00,198.26268
2026-01-11 10:00:00,389.718632
2026-01-11 11:00:00,550.056
2026-01-11 12:00:00,498.840592
2026-01-11 13:00:00,585.380672
2026-01-11 14:00:00,602.35604
2026-01-11 15:00:00,503.74396799999994
2026-01-11 16:00:00,431.93327999999997
2026-01-11 17:00:00,313.99976
2026-01-12 08:00:00,29.392048000000003
2026-01-12 09:00:00,194.751472
2026-01-12 10:00:00,346.50638399999997
2026-01-12 11:00:00,511.30027200000006
2026-01-12 12:00:00,664.907968
2026-01-12 13:00:00,735.404576
2026-01-12 14:00:00,552.7099599999999
2026-01-12 15:00:00,465.035712
2026-01-12 16:00:00,328.51828
2026-01-12 17:00:00,241.37448
2026-01-13 08:00:00,31.985464000000004
2026-01-13 09:00:00,196.92968
2026-01-13 10:00:00,380.964864
2026-01-13 11:00:00,524.6688
2026-01-13 12:00:00,666.9527039999999
2026-01-13 13:00:00,618.110208
2026-01-13 14:00:00,603.994512
2026-01-13 15:00:00,669.792424
2026-01-13 16:00:00,603.89544
2026-01-13 17:00:00,428.17163999999997
2026-01-14 08:00:00,25.88256
2026-01-14 09:00:00,177.165504
2026-01-14 10:00:00,385.75472
2026-01-14 11:00:00,525.719376
2026-01-14 12:00:00,629.5716
2026-01-14 13:00:00,688.281048
2026-01-14 14:00:00,694.447936
2026-01-14 15:00:00,593.8155519999999
2026-01-14 16:00:00,573.80576
2026-01-14 17:00:00,436.304832
2026-01-15 08:00:00,29.356959999999997
2026-01-15 09:00:00,167.02919999999997
2026-01-15 10:00:00,368.91041600000005
2026-01-15 11:00:00,295.329504
2026-01-15 12:00:00,561.14828
2026-01-15 13:00:00,594.64356
2026-01-15 14:00:00,580.81992
2026-01-15 15:00:00,320.588736
2026-01-15 16:00:00,284.18184
2026-01-15 17:00:00,345.125568
2026-01-16 08:00:00,27.641088
2026-01-16 09:00:00,164.59161600000002
2026-01-16 10:00:00,266.066112
2026-01-16 11:00:00,526.1473119999999
2026-01-16 12:00:00,618.110208
2026-01-16 13:00:00,673.994384
2026-01-16 14:00:00,707.66304
2026-01-16 15:00:00,653.5934639999999
2026-01-16 16:00:00,515.1602959999999
2026-01-16 17:00:00,444.453504
2026-01-17 08:00:00,29.368655999999998
2026-01-17 09:00:00,182.44728
2026-01-17 10:00:00,369.059712
2026-01-17 11:00:00,545.15916
2026-01-17 12:00:00,582.850208
2026-01-17 13:00:00,688.281048
2026-01-17 14:00:00,700.61964
2026-01-17 15:00:00,538.95168
2026-01-17 16:00:00,427.997232
2026-01-17 17:00:00,381.188808
2026-01-18 08:00:00,23.331455999999996
2026-01-18 09:00:00,147.564992
2026-01-18 10:00:00,367.10166399999997
2026-01-18 11:00:00,537.5808400000001
2026-01-18 12:00:00,672.572632
2026-01-18 13:00:00,724.909824
2026-01-18 14:00:00,748.626904
2026-01-18 15:00:00,680.441976
2026-01-18 16:00:00,530.661624
2026-01-18 17:00:00,400.35408
2026-01-19 08:00:00,27.751168
2026-01-19 09:00:00,172.72171199999997
2026-01-19 10:00:00,363.694688
2026-01-19 11:00:00,493.35792
2026-01-19 12:00:00,622.3992
2026-01-19 13:00:00,646.923648
2026-01-19 14:00:00,701.4173760000001
2026-01-19 15:00:00,582.277104
2026-01-19 16:00:00,498.55644800000005
2026-01-19 17:00:00,342.879592
2026-01-20 08:00:00,25.119568000000005
2026-01-20 09:00:00,186.880064
2026-01-20 10:00:00,384.677312
2026-01-20 11:00:00,553.83656
2026-01-20 12:00:00,671.456352
2026-01-20 13:00:00,713.417128
2026-01-20 14:00:00,674.57712
2026-01-20 15:00:00,634.55616
2026-01-20 16:00:00,564.595504
2026-01-20 17:00:00,396.43935999999997
2026-01-21 08:00:00,25.159472
2026-01-21 09:00:00,156.645216
2026-01-21 10:00:00,360.01664
2026-01-21 11:00:00,449.96576
2026-01-21 12:00:00,578.26056
2026-01-21 13:00:00,728.265888
2026-01-21 14:00:00,774.6150719999999
2026-01-21 15:00:00,583.3552000000001
2026-01-21 16:00:00,399.324144
2026-01-21 17:00:00,321.57120000000003
2026-01-22 08:00:00,21.6204
2026-01-22 09:00:00,158.71816
2026-01-22 10:00:00,352.054416
2026-01-22 11:00:00,517.2556000000001
2026-01-22 12:00:00,650.907168
2026-01-22 13:00:00,722.6889600000001
2026-01-22 14:00:00,619.955424
2026-01-22 15:00:00,682.679008
2026-01-22 16:00:00,512.008224
2026-01-22 17:00:00,338.943888
2026-01-23 08:00:00,26.777303999999997
2026-01-23 09:00:00,170.66080799999997
2026-01-23 10:00:00,367.656192
2026-01-23 11:00:00,526.575248
2026-01-23 12:00:00,646.163752
2026-01-23 13:00:00,715.680648
2026-01-23 14:00:00,745.579408
2026-01-23 15:00:00,647.7203519999999
2026-01-23 16:00:00,543.115456
2026-01-23 17:00:00,331.05184
2026-01-24 08:00:00,25.903200000000002
2026-01-24 09:00:00,167.02919999999997
2026-01-24 10:00:00,357.01008
2026-01-24 11:00:00,548.7144000000001
2026-01-24 12:00:00,668.9520319999999
2026-01-24 13:00:00,743.5188479999999
2026-01-24 14:00:00,690.185776
2026-01-24 15:00:00,711.075176
2026-01-24 16:00:00,603.6904159999999
2026-01-24 17:00:00,382.318848
2026-01-25 08:00:00,26.734647999999996
2026-01-25 09:00:00,168.674552
2026-01-25 10:00:00,340.28479999999996
2026-01-25 11:00:00,532.6977599999999
2026-01-25 12:00:00,643.8992
2026-01-25 13:00:00,737.864176
2026-01-25 14:00:00,700.3668
2026-01-25 15:00:00,602.2132799999999
2026-01-25 16:00:00,544.1787599999999
2026-01-25 17:00:00,390.32716800000003
2026-01-26 08:00:00,25.89288
2026-01-26 09:00:00,184.794048
2026-01-26 10:00:00,368.91041600000005
2026-01-26 11:00:00,558.4551040000001
2026-01-26 12:00:00,675.939704
2026-01-26 13:00:00,676.5155599999999
2026-01-26 14:00:00,735.817032
2026-01-26 15:00:00,698.59176
2026-01-26 16:00:00,578.0820239999999
2026-01-26 17:00:00,441.266688
2026-01-27 08:00:00,24.176319999999997
2026-01-27 09:00:00,153.32424
2026-01-27 10:00:00,361.5526
2026-01-27 11:00:00,505.410648
2026-01-27 12:00:00,523.17584
2026-01-27 13:00:00,658.597632
2026-01-27 14:00:00,695.559744
2026-01-27 15:00:00,454.465968
2026-01-27 16:00:00,411.119904
2026-01-27 17:00:00,199.30672
2026-01-28 08:00:00,25.019808000000005
2026-01-28 09:00:00,183.86455999999998
2026-01-28 10:00:00,290.210096
2026-01-28 11:00:00,332.535168
2026-01-28 12:00:00,594.886768
2026-01-28 13:00:00,726.5321280000001
2026-01-28 14:00:00,740.547376
2026-01-28 15:00:00,654.129416
2026-01-28 16:00:00,409.25852
2026-01-28 17:00:00,316.879728
2026-01-29 08:00:00,18.09612
2026-01-29 09:00:00,115.72847999999999
2026-01-29 10:00:00,197.150184
2026-01-29 11:00:00,343.70244
2026-01-29 12:00:00,638.260008
2026-01-29 13:00:00,695.0162240000001
2026-01-29 14:00:00,740.7558399999999
2026-01-29 15:00:00,688.566224
2026-01-29 16:00:00,505.043256
2026-01-29 17:00:00,428.17163999999997
2026-01-30 08:00:00,25.019808000000005
2026-01-30 09:00:00,171.1056
2026-01-30 10:00:00,372.00916800000005
2026-01-30 11:00:00,537.740112
2026-01-30 12:00:00,630.294
2026-01-30 13:00:00,685.1984640000001
2026-01-30 14:00:00,649.2208800000001
2026-01-30 15:00:00,703.671952
2026-01-30 16:00:00,486.44352
2026-01-30 17:00:00,285.646592
2026-01-31 08:00:00,25.89288
2026-01-31 09:00:00,182.227464
2026-01-31 10:00:00,365.91555199999993
2026-01-31 11:00:00,534.9894879999999
2026-01-31 12:00:00,683.2390399999999
2026-01-31 13:00:00,712.790016
2026-01-31 14:00:00,736.978032
2026-01-31 15:00:00,689.901632
2026-01-31 16:00:00,546.305024
2026-01-31 17:00:00,396.98976
2026-02-01 08:00:00,25.009832
2026-02-01 09:00:00,172.608192
2026-02-01 10:00:00,370.160512
2026-02-01 11:00:00,545.3376959999999
2026-02-01 12:00:00,678.196344
2026-02-01 13:00:00,743.5188479999999
2026-02-01 14:00:00,746.33724
2026-02-01 15:00:00,728.4475199999999
2026-02-01 16:00:00,625.5794800000001
2026-02-01 17:00:00,431.865856
2026-02-02 08:00:00,24.108896
2026-02-02 09:00:00,182.93576
2026-02-02 10:00:00,368.462528
2026-02-02 11:00:00,555.241456
2026-02-02 12:00:00,686.319216
2026-02-02 13:00:00,734.61028
2026-02-02 14:00:00,683.2390399999999
2026-02-02 15:00:00,638.491176
2026-02-02 16:00:00,289.434376
2026-02-02 17:00:00,379.792512
2026-02-03 08:00:00,25.079664
2026-02-03 09:00:00,183.377456
2026-02-03 10:00:00,386.76092000000006
2026-02-03 11:00:00,565.8284
2026-02-03 12:00:00,702.280128
2026-02-03 13:00:00,773.3436479999999
2026-02-03 14:00:00,805.478752
2026-02-03 15:00:00,609.6251040000001
2026-02-03 16:00:00,548.10208
2026-02-03 17:00:00,380.323648
2026-02-04 08:00:00,24.176319999999997
2026-02-04 09:00:00,181.299008
2026-02-04 10:00:00,380.348416
2026-02-04 11:00:00,557.3181840000001
2026-02-04 12:00:00,655.808824
2026-02-04 13:00:00,710.2801919999999
2026-02-04 14:00:00,717.950016
2026-02-04 15:00:00,684.29856
2026-02-04 16:00:00,526.336512
2026-02-04 17:00:00,362.446656
2026-02-05 08:00:00,24.128159999999998
2026-02-05 09:00:00,165.705488
2026-02-05 10:00:00,327.71091199999995
2026-02-05 11:00:00,454.35176
2026-02-05 12:00:00,659.466576
2026-02-05 13:00:00,736.142456
2026-02-05 14:00:00,736.294848
2026-02-05 15:00:00,668.200736
2026-02-05 16:00:00,412.629376
2026-02-05 17:00:00,331.37519999999995
2026-02-06 08:00:00,21.603199999999998
2026-02-06 09:00:00,147.505824
2026-02-06 10:00:00,295.43580000000003
2026-02-06 11:00:00,293.632208
2026-02-06 12:00:00,555.4052
2026-02-06 13:00:00,604.5868800000001
2026-02-06 14:00:00,598.708952
2026-02-06 15:00:00,636.029856
2026-02-06 16:00:00,503.788688
2026-02-06 17:00:00,340.202928
2026-02-07 08:00:00,23.35932
2026-02-07 09:00:00,153.50896799999998
2026-02-07 10:00:00,317.18726399999997
2026-02-07 11:00:00,512.62364
2026-02-07 12:00:00,628.543728
2026-02-07 13:00:00,747.0304
2026-02-07 14:00:00,707.3482799999999
2026-02-07 15:00:00,558.933952
2026-02-07 16:00:00,483.20304
2026-02-07 17:00:00,287.965152
2026-02-08 08:00:00,24.253376
2026-02-08 09:00:00,181.80950399999998
2026-02-08 10:00:00,379.110704
2026-02-08 11:00:00,546.4044399999999
2026-02-08 12:00:00,677.918736
2026-02-08 13:00:00,751.36308
2026-02-08 14:00:00,748.25504
2026-02-08 15:00:00,320.84467199999995
2026-02-08 16:00:00,433.33335999999997
2026-02-08 17:00:00,381.944232
2026-02-09 08:00:00,24.999856
2026-02-09 09:00:00,183.93852
2026-02-09 10:00:00,370.610464
2026-02-09 11:00:00,547.917696
2026-02-09 12:00:00,679.314688
2026-02-09 13:00:00,739.7087039999999
2026-02-09 14:00:00,731.022016
2026-02-09 15:00:00,677.091072
2026-02-09 16:00:00,439.402896
2026-02-09 17:00:00,391.26216
2026-02-10 08:00:00,25.089640000000003
2026-02-10 09:00:00,184.868352
2026-02-10 10:00:00,376.255848
2026-02-10 11:00:00,522.96256
2026-02-10 12:00:00,634.296096
2026-02-10 13:00:00,707.479344
2026-02-10 14:00:00,728.9851919999999
2026-02-10 15:00:00,656.4672400000001
2026-02-10 16:00:00,542.79072
2026-02-10 17:00:00,310.612392
2026-02-11 08:00:00,22.395776
2026-02-11 09:00:00,178.733456
2026-02-11 10:00:00,384.66148799999996
2026-02-11 11:00:00,518.952896
2026-02-11 12:00:00,656.410824
2026-02-11 13:00:00,717.809664
2026-02-11 14:00:00,580.599072
2026-02-11 15:00:00,481.93883999999997
2026-02-11 16:00:00,390.486096
2026-02-11 17:00:00,377.42028799999997
2026-02-12 08:00:00,22.377888
2026-02-12 09:00:00,66.034584
2026-02-12 10:00:00,234.3242
2026-02-12 11:00:00,424.13858400000004
2026-02-12 12:00:00,500.59636800000004
2026-02-12 13:00:00,522.75788
2026-02-12 14:00:00,478.124224
2026-02-12 15:00:00,326.64864
2026-02-12 16:00:00,261.700752
2026-02-12 17:00:00,195.82199999999997
2026-02-13 08:00:00,13.81504
2026-02-13 09:00:00,128.6388
2026-02-13 10:00:00,329.942784
2026-02-13 11:00:00,276.146
2026-02-13 12:00:00,279.205192
2026-02-13 13:00:00,231.49308
2026-02-13 14:00:00,265.37363999999997
2026-02-13 15:00:00,533.899008
2026-02-13 16:00:00,248.79456
2026-02-13 17:00:00,293.16780800000004
2026-02-14 08:00:00,24.147423999999997
2026-02-14 09:00:00,171.68455199999997
2026-02-14 10:00:00,351.05544000000003
2026-02-14 11:00:00,511.57959999999997
2026-02-14 12:00:00,661.144608
2026-02-14 13:00:00,725.877152
2026-02-14 14:00:00,761.923536
2026-02-14 15:00:00,518.529088
2026-02-14 16:00:00,556.0395359999999
2026-02-14 17:00:00,392.584496
2026-02-15 08:00:00,22.520992000000003
2026-02-15 09:00:00,152.896304
2026-02-15 10:00:00,360.847744
2026-02-15 11:00:00,521.071936
2026-02-15 12:00:00,590.2008000000001
2026-02-15 13:00:00,749.855672
2026-02-15 14:00:00,771.056736
2026-02-15 15:00:00,460.167424
2026-02-15 16:00:00,522.7492800000001
2026-02-15 17:00:00,451.26608
2026-02-16 08:00:00,12.102608
2026-02-16 09:00:00,142.53158399999998
2026-02-16 10:00:00,265.534288
2026-02-16 11:00:00,477.207808
2026-02-16 12:00:00,580.926216
2026-02-16 13:00:00,554.230784
2026-02-16 14:00:00,484.10913600000003
2026-02-16 15:00:00,431.67871999999994
2026-02-16 16:00:00,341.98622399999994
2026-02-16 17:00:00,356.72112
2026-02-17 08:00:00,7.789536
2026-02-17 09:00:00,78.38521600000001
2026-02-17 10:00:00,152.896304
2026-02-17 11:00:00,164.32570399999997
2026-02-17 12:00:00,180.9612
2026-02-17 13:00:00,240.41471999999996
2026-02-17 14:00:00,279.531648
2026-02-17 15:00:00,93.214368
2026-02-17 16:00:00,87.103208
2026-02-17 17:00:00,62.11814400000001
2026-02-18 08:00:00,7.7833440000000005
2026-02-18 09:00:00,35.386936
2026-02-18 10:00:00,337.25416
2026-02-18 11:00:00,488.22681600000004
2026-02-18 12:00:00,294.24212
2026-02-18 13:00:00,270.854592
2026-02-18 14:00:00,299.208448
2026-02-18 15:00:00,237.171832
2026-02-18 16:00:00,223.877952
2026-02-18 17:00:00,303.83318399999996
2026-02-19 08:00:00,9.520544
2026-02-19 09:00:00,68.238936
2026-02-19 10:00:00,288.312936
2026-02-19 11:00:00,331.997496
2026-02-19 12:00:00,346.5198
2026-02-19 13:00:00,351.486128
2026-02-19 14:00:00,356.75723999999997
2026-02-19 15:00:00,244.24
2026-02-19 16:00:00,169.623304
2026-02-19 17:00:00,83.653576
2026-02-20 08:00:00,21.6806
2026-02-20 09:00:00,157.505904
2026-02-20 10:00:00,198.64211200000003
2026-02-20 11:00:00,388.30375999999995
2026-02-20 12:00:00,292.526592
2026-02-20 13:00:00,477.667392
2026-02-20 14:00:00,462.14060800000004
2026-02-20 15:00:00,447.177984
2026-02-20 16:00:00,226.106384
2026-02-20 17:00:00,190.636544
2026-02-21 08:00:00,12.951600000000001
2026-02-21 09:00:00,67.106832
2026-02-21 10:00:00,215.593056
2026-02-21 11:00:00,411.59427999999997
2026-02-21 12:00:00,555.69416
2026-02-21 13:00:00,665.590464
2026-02-21 14:00:00,723.5283199999999
2026-02-21 15:00:00,645.057792
2026-02-21 16:00:00,313.024176
2026-02-21 17:00:00,406.36032000000006
2026-02-22 08:00:00,24.205216
2026-02-22 09:00:00,178.236032
2026-02-22 10:00:00,346.5198
2026-02-22 11:00:00,520.86072
2026-02-22 12:00:00,667.225152
2026-02-22 13:00:00,696.6687999999999
2026-02-22 14:00:00,761.923536
2026-02-22 15:00:00,620.6172799999999
2026-02-22 16:00:00,547.8774480000001
2026-02-22 17:00:00,451.003264
2026-02-23 08:00:00,20.772096
2026-02-23 09:00:00,156.08174400000001
2026-02-23 10:00:00,332.762896
2026-02-23 11:00:00,526.13596
2026-02-23 12:00:00,674.5585440000001
2026-02-23 13:00:00,678.485648
2026-02-23 14:00:00,599.6504799999999
2026-02-23 15:00:00,560.4626880000001
2026-02-23 16:00:00,522.902016
2026-02-23 17:00:00,349.074
2026-02-24 08:00:00,20.747328000000003
2026-02-24 09:00:00,173.95151199999998
2026-02-24 10:00:00,390.69455999999997
2026-02-24 11:00:00,541.519296
2026-02-24 12:00:00,679.8816
2026-02-24 13:00:00,645.51256
2026-02-24 14:00:00,738.6368
2026-02-24 15:00:00,708.2767359999999
2026-02-24 16:00:00,589.56612
2026-02-24 17:00:00,366.223088
2026-02-25 08:00:00,25.009832
2026-02-25 09:00:00,164.063232
2026-02-25 10:00:00,352.18892
2026-02-25 11:00:00,566.3616
2026-02-25 12:00:00,651.0372
2026-02-25 13:00:00,754.930704
2026-02-25 14:00:00,793.1951999999999
2026-02-25 15:00:00,491.7308
2026-02-25 16:00:00,388.146552
2026-02-25 17:00:00,442.324832
2026-02-26 08:00:00,25.059711999999998
2026-02-26 09:00:00,174.37050399999998
2026-02-26 10:00:00,258.2064
2026-02-26 11:00:00,331.811392
2026-02-26 12:00:00,630.4488
2026-02-26 13:00:00,666.382696
2026-02-26 14:00:00,784.996992
2026-02-26 15:00:00,758.432968
2026-02-26 16:00:00,567.667424
2026-02-26 17:00:00,388.42416000000003
2026-02-27 08:00:00,12.951600000000001
2026-02-27 09:00:00,28.49352
2026-02-27 10:00:00,96.435584
2026-02-27 11:00:00,192.726
2026-02-27 12:00:00,313.18860800000004
2026-02-27 13:00:00,418.37796
2026-02-27 14:00:00,548.775976
2026-02-27 15:00:00,471.333664
2026-02-27 16:00:00,629.965824
2026-02-27 17:00:00,391.1022
2026-02-28 08:00:00,25.820639999999997
2026-02-28 09:00:00,167.21152
2026-02-28 10:00:00,371.65037600000005
2026-02-28 11:00:00,536.4253439999999
2026-02-28 12:00:00,639.6442639999999
2026-02-28 13:00:00,787.99392
2026-02-28 14:00:00,731.5934
2026-02-28 15:00:00,665.954072
2026-02-28 16:00:00,493.572576
2026-02-28 17:00:00,354.645424
2026-03-01 08:00:00,28.43676
2026-03-01 09:00:00,189.545376
2026-03-01 10:00:00,358.250544
2026-03-01 11:00:00,559.930176
2026-03-01 12:00:00,678.2097600000001
2026-03-01 13:00:00,749.420512
2026-03-01 14:00:00,745.68536
2026-03-01 15:00:00,692.8827359999999
2026-03-01 16:00:00,546.401
2026-03-01 17:00:00,477.899592
2026-03-02 08:00:00,23.247864
2026-03-02 09:00:00,158.872272
2026-03-02 10:00:00,382.18950399999994
2026-03-02 11:00:00,568.24672
2026-03-02 12:00:00,607.963928
2026-03-02 13:00:00,772.0278480000001
2026-03-02 14:00:00,758.49592
2026-03-02 15:00:00,618.75968
2026-03-02 16:00:00,362.04348799999997
2026-03-02 17:00:00,388.42416000000003
2026-03-03 08:00:00,29.380351999999995
2026-03-03 09:00:00,189.071688
2026-03-03 10:00:00,402.97398400000003
2026-03-03 11:00:00,589.472208
2026-03-03 12:00:00,703.554992
2026-03-03 13:00:00,758.702664
2026-03-03 14:00:00,809.3401519999999
2026-03-03 15:00:00,711.9771440000001
2026-03-03 16:00:00,315.95299200000005
2026-03-03 17:00:00,376.799712
2026-03-04 08:00:00,25.86192
2026-03-04 09:00:00,176.738256
2026-03-04 10:00:00,375.341496
2026-03-04 11:00:00,524.850088
2026-03-04 12:00:00,534.0858000000001
2026-03-04 13:00:00,653.5934639999999
2026-03-04 14:00:00,623.067592
2026-03-04 15:00:00,382.27481600000004
2026-03-04 16:00:00,404.030752
2026-03-04 17:00:00,415.673088
2026-03-05 08:00:00,20.796864000000003
2026-03-05 09:00:00,124.30096
2026-03-05 10:00:00,340.16990400000003
2026-03-05 11:00:00,554.109696
2026-03-05 12:00:00,689.660832
2026-03-05 13:00:00,742.2969599999999
2026-03-05 14:00:00,769.0464
2026-03-05 15:00:00,570.698408
2026-03-05 16:00:00,514.51392
2026-03-05 17:00:00,452.13984
2026-03-06 08:00:00,25.129544000000003
2026-03-06 09:00:00,177.66396
2026-03-06 10:00:00,394.78128
2026-03-06 11:00:00,553.945608
2026-03-06 12:00:00,657.488232
2026-03-06 13:00:00,703.876632
2026-03-06 14:00:00,696.8703840000001
2026-03-06 15:00:00,659.56152
2026-03-06 16:00:00,619.6716240000001
2026-03-06 17:00:00,418.497328
2026-03-07 08:00:00,26.734647999999996
2026-03-07 09:00:00,182.00764800000002
2026-03-07 10:00:00,356.57664
2026-03-07 11:00:00,523.17584
2026-03-07 12:00:00,580.948576
2026-03-07 13:00:00,574.857024
2026-03-07 14:00:00,409.94239200000004
2026-03-07 15:00:00,684.908128
2026-03-07 16:00:00,563.818752
2026-03-07 17:00:00,372.903224
2026-03-08 08:00:00,31.921824000000004
2026-03-08 09:00:00,199.017416
2026-03-08 10:00:00,400.922368
2026-03-08 11:00:00,594.886768
2026-03-08 12:00:00,737.1231999999999
2026-03-08 13:00:00,768.09696
2026-03-08 14:00:00,814.1792
2026-03-08 15:00:00,641.98656
2026-03-08 16:00:00,634.4096159999999
2026-03-08 17:00:00,456.519648
2026-03-09 08:00:00,33.700992
2026-03-09 09:00:00,194.90352
2026-03-09 10:00:00,383.122432
2026-03-09 11:00:00,556.0209600000001
2026-03-09 12:00:00,689.660832
2026-03-09 13:00:00,730.058472
2026-03-09 14:00:00,717.168792
2026-03-09 15:00:00,687.947712
2026-03-09 16:00:00,530.627568
2026-03-09 17:00:00,438.32548800000006
2026-03-10 08:00:00,34.59264
2026-03-10 09:00:00,215.593056
2026-03-10 10:00:00,425.67591999999996
2026-03-10 11:00:00,589.96
2026-03-10 12:00:00,744.6619599999999
2026-03-10 13:00:00,827.033104
2026-03-10 14:00:00,847.197696
2026-03-10 15:00:00,719.0239839999999
2026-03-10 16:00:00,559.7481999999999
2026-03-10 17:00:00,372.59672
2026-03-11 08:00:00,35.47156
2026-03-11 09:00:00,213.11212799999998
2026-03-11 10:00:00,427.37184
2026-03-11 11:00:00,589.1172
2026-03-11 12:00:00,705.612456
2026-03-11 13:00:00,790.129472
2026-03-11 14:00:00,798.152928
2026-03-11 15:00:00,760.996456
2026-03-11 16:00:00,616.7988799999999
2026-03-11 17:00:00,504.064576
2026-03-12 08:00:00,33.633911999999995
2026-03-12 09:00:00,193.814416
2026-03-12 10:00:00,409.232376
2026-03-12 11:00:00,531.61416
2026-03-12 12:00:00,653.5934639999999
2026-03-12 13:00:00,734.2397920000001
2026-03-12 14:00:00,633.366608
2026-03-12 15:00:00,733.60064
2026-03-12 16:00:00,581.313216
2026-03-12 17:00:00,337.93356
2026-03-13 08:00:00,32.68
2026-03-13 09:00:00,160.04806399999998
2026-03-13 10:00:00,352.47444
2026-03-13 11:00:00,536.0517600000001
2026-03-13 12:00:00,681.839648
2026-03-13 13:00:00,704.45524
2026-03-13 14:00:00,744.967776
2026-03-13 15:00:00,679.047056
2026-03-13 16:00:00,513.689696
2026-03-13 17:00:00,309.897216
2026-03-14 08:00:00,31.781816000000003
2026-03-14 09:00:00,197.604608
2026-03-14 10:00:00,367.566752
2026-03-14 11:00:00,521.6932
2026-03-14 12:00:00,593.4464399999999
2026-03-14 13:00:00,414.65932
2026-03-14 14:00:00,678.763944
2026-03-14 15:00:00,532.9936
2026-03-14 16:00:00,421.572
2026-03-14 17:00:00,398.31897599999996
2026-03-15 08:00:00,30.063879999999997
2026-03-15 09:00:00,163.666944
2026-03-15 10:00:00,372.3456
2026-03-15 11:00:00,542.4966000000001
2026-03-15 12:00:00,655.630976
2026-03-15 13:00:00,214.14
2026-03-15 14:00:00,403.5636
2026-03-15 15:00:00,499.28159999999997
2026-03-15 16:00:00,436.65984
2026-03-15 17:00:00,327.628008
2026-03-16 08:00:00,36.235584
2026-03-16 09:00:00,190.706032
2026-03-16 10:00:00,398.5412
2026-03-16 11:00:00,583.345224
2026-03-16 12:00:00,742.9079039999999
2026-03-16 13:00:00,774.4568320000001
2026-03-16 14:00:00,738.833912
2026-03-16 15:00:00,587.426784
2026-03-16 16:00:00,652.28592
2026-03-16 17:00:00,434.66051200000004
2026-03-17 08:00:00,14.631695999999998
2026-03-17 09:00:00,206.288544
2026-03-17 10:00:00,420.41031200000003
2026-03-17 11:00:00,545.465664
2026-03-17 12:00:00,672.339056
2026-03-17 13:00:00,685.4544000000001
2026-03-17 14:00:00,702.719416
2026-03-17 15:00:00,720.9878799999999
2026-03-17 16:00:00,587.18564
2026-03-17 17:00:00,425.23835199999996
2026-03-18 08:00:00,37.900544
2026-03-18 09:00:00,197.764224
2026-03-18 10:00:00,385.35224
2026-03-18 11:00:00,529.0623680000001
2026-03-18 12:00:00,653.5934639999999
2026-03-18 13:00:00,538.160136
2026-03-18 14:00:00,474.99795200000005
2026-03-18 15:00:00,719.0239839999999
2026-03-18 16:00:00,430.31923199999994
2026-03-18 17:00:00,343.159608
2026-03-19 08:00:00,39.56
2026-03-19 09:00:00,217.19472
2026-03-19 10:00:00,419.223168
2026-03-19 11:00:00,569.552544
2026-03-19 12:00:00,687.1262399999999
2026-03-19 13:00:00,786.835328
2026-03-19 14:00:00,712.113024
2026-03-19 15:00:00,511.17024
2026-03-19 16:00:00,441.98014399999994
2026-03-19 17:00:00,454.09376
2026-03-20 08:00:00,40.484672
2026-03-20 09:00:00,220.779888
2026-03-20 10:00:00,408.567768
2026-03-20 11:00:00,595.594032
2026-03-20 12:00:00,719.969984
2026-03-20 13:00:00,773.88648
2026-03-20 14:00:00,773.4248319999999
2026-03-20 15:00:00,673.7546159999999
2026-03-20 16:00:00,580.0080800000001
2026-03-20 17:00:00,398.73384
2026-03-21 08:00:00,36.062208
2026-03-21 09:00:00,190.71359999999999
2026-03-21 10:00:00,401.3104
2026-03-21 11:00:00,576.2729280000001
2026-03-21 12:00:00,676.815872
2026-03-21 13:00:00,812.50048
2026-03-21 14:00:00,806.339784
2026-03-21 15:00:00,739.98872
2026-03-21 16:00:00,653.537392
2026-03-21 17:00:00,488.26190399999996
2026-03-22 08:00:00,42.22428
2026-03-22 09:00:00,226.838416
2026-03-22 10:00:00,439.377096
2026-03-22 11:00:00,607.852128
2026-03-22 12:00:00,732.634
2026-03-22 13:00:00,789.1532
2026-03-22 14:00:00,741.075072
2026-03-22 15:00:00,633.418896
2026-03-22 16:00:00,496.55368
2026-03-22 17:00:00,389.21811199999996
2026-03-23 08:00:00,41.412096000000005
2026-03-23 09:00:00,230.24952
2026-03-23 10:00:00,435.45928
2026-03-23 11:00:00,621.38096
2026-03-23 12:00:00,749.2031039999999
2026-03-23 13:00:00,790.856
2026-03-23 14:00:00,704.645472
2026-03-23 15:00:00,722.7611999999999
2026-03-23 16:00:00,549.587128
2026-03-23 17:00:00,394.088464
2026-03-24 08:00:00,43.982808
2026-03-24 09:00:00,229.396744
2026-03-24 10:00:00,441.55771200000004
2026-03-24 11:00:00,622.475568
2026-03-24 12:00:00,697.70596
2026-03-24 13:00:00,807.001984
2026-03-24 14:00:00,780.406656
2026-03-24 15:00:00,637.984464
2026-03-24 16:00:00,553.14168
2026-03-24 17:00:00,319.804416
2026-03-25 08:00:00,44.755776
2026-03-25 09:00:00,231.009072
2026-03-25 10:00:00,441.378144
2026-03-25 11:00:00,623.900072
2026-03-25 12:00:00,756.096864
2026-03-25 13:00:00,826.6062
2026-03-25 14:00:00,742.483064
2026-03-25 15:00:00,718.90496
2026-03-25 16:00:00,635.226272
2026-03-25 17:00:00,429.25867999999997
2026-03-26 08:00:00,45.652928
2026-03-26 09:00:00,230.915848
2026-03-26 10:00:00,438.97152
2026-03-26 11:00:00,611.4771999999999
2026-03-26 12:00:00,731.5934
2026-03-26 13:00:00,720.39276
2026-03-26 14:00:00,747.4431999999999
2026-03-26 15:00:00,724.55688
2026-03-26 16:00:00,602.2923999999999
2026-03-26 17:00:00,415.640064
2026-03-27 08:00:00,44.791552
2026-03-27 09:00:00,209.698272
2026-03-27 10:00:00,385.88543999999996
2026-03-27 11:00:00,604.682512
2026-03-27 12:00:00,697.3616159999999
2026-03-27 13:00:00,746.1174239999999
2026-03-27 14:00:00,708.1006080000001
2026-03-27 15:00:00,506.775984
2026-03-27 16:00:00,594.33912
2026-03-27 17:00:00,414.490416
2026-03-28 08:00:00,39.56
2026-03-28 09:00:00,189.8622
2026-03-28 10:00:00,419.555472
2026-03-28 11:00:00,559.85312
2026-03-28 12:00:00,629.44776
2026-03-28 13:00:00,576.31008
2026-03-28 14:00:00,520.8414560000001
2026-03-28 15:00:00,386.26005599999996
2026-03-28 16:00:00,290.86988799999995
2026-03-28 17:00:00,388.896816
2026-03-29 08:00:00,32.706143999999995
2026-03-29 09:00:00,153.5616
2026-03-29 10:00:00,312.51643199999995
2026-03-29 11:00:00,435.549752
2026-03-29 12:00:00,563.963232
2026-03-29 13:00:00,671.533408
2026-03-29 14:00:00,674.807256
2026-03-29 15:00:00,406.008064
2026-03-29 16:00:00,255.13241600000003
2026-03-29 17:00:00,252.38454399999998
2026-03-30 08:00:00,31.845456
2026-03-30 09:00:00,194.04868
2026-03-30 10:00:00,401.6372
2026-03-30 11:00:00,577.2430079999999
2026-03-30 12:00:00,737.128704
2026-03-30 13:00:00,782.0688640000001
2026-03-30 14:00:00,781.07952
2026-03-30 15:00:00,471.39007999999995
2026-03-30 16:00:00,577.452848
2026-03-30 17:00:00,371.046312
2026-03-31 08:00:00,21.4828
2026-03-31 09:00:00,214.5528
2026-03-31 10:00:00,371.34834400000005
2026-03-31 11:00:00,380.3436
2026-03-31 12:00:00,451.37203199999993
2026-03-31 13:00:00,557.791872
2026-03-31 14:00:00,619.87596
2026-03-31 15:00:00,559.36464
2026-03-31 16:00:00,342.735456
2026-03-31 17:00:00,441.446944
2026-04-01 08:00:00,43.824912
2026-04-01 09:00:00,222.796416
2026-04-01 10:00:00,416.85300799999993
2026-04-01 11:00:00,581.438088
2026-04-01 12:00:00,734.0959999999999
2026-04-01 13:00:00,787.381256
2026-04-01 14:00:00,730.5404159999999
2026-04-01 15:00:00,674.304328
2026-04-01 16:00:00,570.198576
2026-04-01 17:00:00,334.864736
2026-04-02 08:00:00,40.484672
2026-04-02 09:00:00,224.189616
2026-04-02 10:00:00,414.99472
2026-04-02 11:00:00,585.98508
2026-04-02 12:00:00,637.277888
2026-04-02 13:00:00,567.548056
2026-04-02 14:00:00,686.5607039999999
2026-04-02 15:00:00,711.075176
2026-04-02 16:00:00,597.869248
2026-04-02 17:00:00,381.537968
2026-04-03 08:00:00,48.102208
2026-04-03 09:00:00,233.09508799999998
2026-04-03 10:00:00,431.022368
2026-04-03 11:00:00,615.41256
2026-04-03 12:00:00,708.2357999999999
2026-04-03 13:00:00,791.1828
2026-04-03 14:00:00,764.93216
2026-04-03 15:00:00,687.344336
2026-04-03 16:00:00,625.709168
2026-04-03 17:00:00,427.15511999999995
2026-04-04 08:00:00,44.140704
2026-04-04 09:00:00,205.24416
2026-04-04 10:00:00,403.13772800000004
2026-04-04 11:00:00,583.948256
2026-04-04 12:00:00,656.726616
2026-04-04 13:00:00,647.6316
2026-04-04 14:00:00,695.1208
2026-04-04 15:00:00,717.94692
2026-04-04 16:00:00,326.19972
2026-04-04 17:00:00,394.913376
2026-04-05 08:00:00,48.823919999999994
2026-04-05 09:00:00,228.378848
2026-04-05 10:00:00,421.228
2026-04-05 11:00:00,541.3872
2026-04-05 12:00:00,600.4375520000001
2026-04-05 13:00:00,461.160552
2026-04-05 14:00:00,472.06707200000005
2026-04-05 15:00:00,544.04976
2026-04-05 16:00:00,485.98944
2026-04-05 17:00:00,344.283456
2026-04-06 08:00:00,39.60747200000001
2026-04-06 09:00:00,172.608192
2026-04-06 10:00:00,369.56057599999997
2026-04-06 11:00:00,505.043256
2026-04-06 12:00:00,601.7206719999999
2026-04-06 13:00:00,735.680808
2026-04-06 14:00:00,760.3741600000001
2026-04-06 15:00:00,743.492704
2026-04-06 16:00:00,648.140032
2026-04-06 17:00:00,477.65088000000003
2026-04-07 08:00:00,46.402848
2026-04-07 09:00:00,104.458352
2026-04-07 10:00:00,276.557768
2026-04-07 11:00:00,214.99656
2026-04-07 12:00:00,352.33718400000004
2026-04-07 13:00:00,661.294592
2026-04-07 14:00:00,670.632128
2026-04-07 15:00:00,209.616056
2026-04-07 16:00:00,71.065928
2026-04-07 17:00:00,197.229648
2026-04-08 08:00:00,44.80944
2026-04-08 09:00:00,171.89198399999998
2026-04-08 10:00:00,273.486192
2026-04-08 11:00:00,552.363552
2026-04-08 12:00:00,682.11588
2026-04-08 13:00:00,752.234088
2026-04-08 14:00:00,751.547808
2026-04-08 15:00:00,469.91603999999995
2026-04-08 16:00:00,529.945416
2026-04-08 17:00:00,265.17928
2026-04-09 08:00:00,43.982808
2026-04-09 09:00:00,137.26976
2026-04-09 10:00:00,387.14035199999995
2026-04-09 11:00:00,494.88872
2026-04-09 12:00:00,612.896544
2026-04-09 13:00:00,672.072456
2026-04-09 14:00:00,732.634
2026-04-09 15:00:00,664.9396159999999
2026-04-09 16:00:00,354.59107200000005
2026-04-09 17:00:00,254.925328
2026-04-10 08:00:00,46.477152
2026-04-10 09:00:00,138.651264
2026-04-10 10:00:00,310.1332
2026-04-10 11:00:00,547.1492
2026-04-10 12:00:00,711.7016
2026-04-10 13:00:00,756.8189199999999
2026-04-10 14:00:00,714.50692
2026-04-10 15:00:00,636.34496
2026-04-10 16:00:00,496.57776
2026-04-10 17:00:00,292.809704
2026-04-11 08:00:00,51.3936
2026-04-11 09:00:00,225.80332
2026-04-11 10:00:00,325.36620800000003
2026-04-11 11:00:00,498.19593599999996
2026-04-11 12:00:00,677.9001599999999
2026-04-11 13:00:00,679.884008
2026-04-11 14:00:00,717.3586799999999
2026-04-11 15:00:00,649.741696
2026-04-11 16:00:00,556.47504
2026-04-11 17:00:00,305.965296
2026-04-12 08:00:00,43.1032
2026-04-12 09:00:00,45.817016
2026-04-12 10:00:00,207.870256
2026-04-12 11:00:00,493.913136
2026-04-12 12:00:00,522.97632
2026-04-12 13:00:00,740.243624
2026-04-12 14:00:00,770.114176
2026-04-12 15:00:00,741.61584
2026-04-12 16:00:00,435.98491199999995
2026-04-12 17:00:00,445.40776
2026-04-13 08:00:00,56.44214399999999
2026-04-13 09:00:00,223.588992
2026-04-13 10:00:00,432.49193600000007
2026-04-13 11:00:00,603.3484800000001
2026-04-13 12:00:00,592.1024319999999
2026-04-13 13:00:00,728.3223039999999
2026-04-13 14:00:00,765.288544
2026-04-13 15:00:00,704.390568
2026-04-13 16:00:00,541.6090800000001
2026-04-13 17:00:00,327.581568
2026-04-14 08:00:00,52.978752
2026-04-14 09:00:00,230.929608
2026-04-14 10:00:00,438.20268
2026-04-14 11:00:00,593.88676
2026-04-14 12:00:00,693.5280799999999
2026-04-14 13:00:00,762.773216
2026-04-14 14:00:00,720.615672
2026-04-14 15:00:00,574.62104
2026-04-14 16:00:00,574.040712
2026-04-14 17:00:00,385.687296
2026-04-15 08:00:00,42.22428
2026-04-15 09:00:00,68.71744
2026-04-15 10:00:00,266.280768
2026-04-15 11:00:00,361.285312
2026-04-15 12:00:00,575.91104
2026-04-15 13:00:00,712.3947599999999
2026-04-15 14:00:00,803.447776
2026-04-15 15:00:00,724.26104
2026-04-15 16:00:00,565.057152
2026-04-15 17:00:00,300.281728
2026-04-16 08:00:00,46.53288
2026-04-16 09:00:00,174.67804
2026-04-16 10:00:00,406.727024
2026-04-16 11:00:00,579.1583999999999
2026-04-16 12:00:00,663.1573520000001
2026-04-16 13:00:00,776.56968
2026-04-16 14:00:00,745.7748
2026-04-16 15:00:00,685.725472
2026-04-16 16:00:00,606.45136
2026-04-16 17:00:00,428.24904
2026-04-17 08:00:00,53.00008
2026-04-17 09:00:00,223.10395200000002
2026-04-17 10:00:00,440.064752
2026-04-17 11:00:00,585.393056
2026-04-17 12:00:00,714.0408
2026-04-17 13:00:00,692.443792
2026-04-17 14:00:00,676.184976
2026-04-17 15:00:00,669.2258559999999
2026-04-17 16:00:00,569.3544
2026-04-17 17:00:00,340.074272
2026-04-18 08:00:00,50.63852
2026-04-18 09:00:00,232.058272
2026-04-18 10:00:00,438.32548800000006
2026-04-18 11:00:00,608.633352
2026-04-18 12:00:00,718.3710719999999
2026-04-18 13:00:00,787.411872
2026-04-18 14:00:00,652.0175999999999
2026-04-18 15:00:00,638.75296
2026-04-18 16:00:00,383.433408
2026-04-18 17:00:00,282.988848
2026-04-19 08:00:00,40.500840000000004
2026-04-19 09:00:00,176.026176
2026-04-19 10:00:00,360.937872
2026-04-19 11:00:00,571.09332
2026-04-19 12:00:00,616.9296
2026-04-19 13:00:00,712.7463280000001
2026-04-19 14:00:00,568.558728
2026-04-19 15:00:00,461.8372
2026-04-19 16:00:00,309.346128
2026-04-19 17:00:00,214.206048
2026-04-20 08:00:00,40.468504
2026-04-20 09:00:00,234.3242
2026-04-20 10:00:00,409.232376
2026-04-20 11:00:00,506.936288
2026-04-20 12:00:00,666.158064
2026-04-20 13:00:00,754.930704
2026-04-20 14:00:00,790.2694799999999
2026-04-20 15:00:00,716.873296
2026-04-20 16:00:00,606.170656
2026-04-20 17:00:00,310.443832
2026-04-21 08:00:00,50.922664000000005
2026-04-21 09:00:00,125.258656
2026-04-21 10:00:00,261.05472
2026-04-21 11:00:00,411.951352
2026-04-21 12:00:00,600.0398879999999
2026-04-21 13:00:00,610.052352
2026-04-21 14:00:00,374.36006399999997
2026-04-21 15:00:00,165.18329599999998
2026-04-21 16:00:00,313.3152
2026-04-21 17:00:00,152.77383999999998
2026-04-22 08:00:00,44.916768
2026-04-22 09:00:00,94.37295999999999
2026-04-22 10:00:00,359.53504
2026-04-22 11:00:00,558.092184
2026-04-22 12:00:00,704.45524
2026-04-22 13:00:00,641.414488
2026-04-22 14:00:00,686.8551679999999
2026-04-22 15:00:00,612.145248
2026-04-22 16:00:00,444.635136
2026-04-22 17:00:00,297.513216
2026-04-23 08:00:00,59.268792
2026-04-23 09:00:00,241.96272
2026-04-23 10:00:00,425.29132799999996
2026-04-23 11:00:00,569.41116
2026-04-23 12:00:00,660.0348639999999
2026-04-23 13:00:00,724.26104
2026-04-23 14:00:00,707.479344
2026-04-23 15:00:00,596.295792
2026-04-23 16:00:00,388.689384
2026-04-23 17:00:00,341.589248
2026-04-24 08:00:00,40.09664
2026-04-24 09:00:00,190.4814
2026-04-24 10:00:00,396.796776
2026-04-24 11:00:00,570.53088
2026-04-24 12:00:00,663.2836
2026-04-24 13:00:00,650.00864
2026-04-24 14:00:00,746.343088
2026-04-24 15:00:00,548.214912
2026-04-24 16:00:00,495.83127999999994
2026-04-24 17:00:00,312.30246400000004
2026-04-25 08:00:00,59.959199999999996
2026-04-25 09:00:00,238.930704
2026-04-25 10:00:00,433.642272
2026-04-25 11:00:00,595.317456
2026-04-25 12:00:00,669.8368
2026-04-25 13:00:00,602.561064
2026-04-25 14:00:00,778.6904400000001
2026-04-25 15:00:00,664.583232
2026-04-25 16:00:00,517.469568
2026-04-25 17:00:00,411.96064
2026-04-26 08:00:00,44.72
2026-04-26 09:00:00,212.334
2026-04-26 10:00:00,402.94440000000003
2026-04-26 11:00:00,396.88656
2026-04-26 12:00:00,629.584328
2026-04-26 13:00:00,501.9648
2026-04-26 14:00:00,564.283152
2026-04-26 15:00:00,593.292672
2026-04-26 16:00:00,381.042952
2026-04-26 17:00:00,287.72159999999997
2026-04-27 08:00:00,57.077856000000004
2026-04-27 09:00:00,179.16483200000002
2026-04-27 10:00:00,364.21756799999997
2026-04-27 11:00:00,574.45764
2026-04-27 12:00:00,682.11588
2026-04-27 13:00:00,760.996456
2026-04-27 14:00:00,703.671952
2026-04-27 15:00:00,573.9467999999999
2026-04-27 16:00:00,387.262816
2026-04-27 17:00:00,313.441792
2026-04-28 08:00:00,49.979760000000006
2026-04-28 09:00:00,227.140104
2026-04-28 10:00:00,431.5136
2026-04-28 11:00:00,570.2969599999999
2026-04-28 12:00:00,692.97768
2026-04-28 13:00:00,724.3841920000001
2026-04-28 14:00:00,743.885208
2026-04-28 15:00:00,666.74424
2026-04-28 16:00:00,546.365568
2026-04-28 17:00:00,412.12576
2026-04-29 08:00:00,49.62062400000001
2026-04-29 09:00:00,225.83187199999998
2026-04-29 10:00:00,290.614296
2026-04-29 11:00:00,512.63912
2026-04-29 12:00:00,625.782784
2026-04-29 13:00:00,757.4535999999999
2026-04-29 14:00:00,682.0828560000001
2026-04-29 15:00:00,695.69528
2026-04-29 16:00:00,520.798112
2026-04-29 17:00:00,317.98706400000003
2026-04-30 08:00:00,51.41424
2026-04-30 09:00:00,233.942016
2026-04-30 10:00:00,384.687976
2026-04-30 11:00:00,539.661696
2026-04-30 12:00:00,661.776192
2026-04-30 13:00:00,667.0848
2026-04-30 14:00:00,668.885984
2026-04-30 15:00:00,587.909072
2026-04-30 16:00:00,344.002752
2026-04-30 17:00:00,287.1368
2026-05-01 08:00:00,54.483408000000004
2026-05-01 09:00:00,206.43096
2026-05-01 10:00:00,412.453936
2026-05-01 11:00:00,551.0714879999999
2026-05-01 12:00:00,686.5607039999999
2026-05-01 13:00:00,748.0596479999999
2026-05-01 14:00:00,556.6497919999999
2026-05-01 15:00:00,624.739776
2026-05-01 16:00:00,525.9333439999999
2026-05-01 17:00:00,248.79456
2026-05-02 08:00:00,45.725856
2026-05-02 09:00:00,195.206928
2026-05-02 10:00:00,376.42372
2026-05-02 11:00:00,557.407968
2026-05-02 12:00:00,644.14516
2026-05-02 13:00:00,599.0113279999999
2026-05-02 14:00:00,475.974912
2026-05-02 15:00:00,593.779776
2026-05-02 16:00:00,489.747984
2026-05-02 17:00:00,325.103392
2026-05-03 08:00:00,37.749184
2026-05-03 09:00:00,209.955928
2026-05-03 10:00:00,389.00655199999994
2026-05-03 11:00:00,533.8329600000001
2026-05-03 12:00:00,597.92876
2026-05-03 13:00:00,664.8574
2026-05-03 14:00:00,529.13736
2026-05-03 15:00:00,433.55971200000005
2026-05-03 16:00:00,176.95188000000002
2026-05-03 17:00:00,136.99456
2026-05-04 08:00:00,47.52703999999999
2026-05-04 09:00:00,124.45060000000001
2026-05-04 10:00:00,219.29999999999998
2026-05-04 11:00:00,298.45921599999997
2026-05-04 12:00:00,461.74982400000005
2026-05-04 13:00:00,595.8596
2026-05-04 14:00:00,680.990312
2026-05-04 15:00:00,375.254464
2026-05-04 16:00:00,257.988992
2026-05-04 17:00:00,317.469
2026-05-05 08:00:00,50.922664000000005
2026-05-05 09:00:00,210.29579999999999
2026-05-05 10:00:00,410.778656
2026-05-05 11:00:00,588.150216
2026-05-05 12:00:00,643.0870160000001
2026-05-05 13:00:00,694.0544
2026-05-05 14:00:00,502.16087999999996
2026-05-05 15:00:00,434.75064
2026-05-05 16:00:00,440.58144
2026-05-05 17:00:00,309.47203199999996
2026-05-06 08:00:00,59.150112
2026-05-06 09:00:00,218.01412800000003
2026-05-06 10:00:00,407.05863999999997
2026-05-06 11:00:00,474.757152
2026-05-06 12:00:00,620.10816
2026-05-06 13:00:00,619.59904
2026-05-06 14:00:00,603.15584
2026-05-06 15:00:00,375.102416
2026-05-06 16:00:00,323.789312
2026-05-06 17:00:00,180.423872
2026-05-07 08:00:00,45.543535999999996
2026-05-07 09:00:00,152.70848
2026-05-07 10:00:00,300.056064
2026-05-07 11:00:00,396.241216
2026-05-07 12:00:00,608.692864
2026-05-07 13:00:00,631.514856
2026-05-07 14:00:00,486.692576
2026-05-07 15:00:00,488.28047999999995
2026-05-07 16:00:00,283.21864
2026-05-07 17:00:00,263.287624
2026-05-08 08:00:00,30.099999999999998
2026-05-08 09:00:00,66.299464
2026-05-08 10:00:00,55.04
2026-05-08 11:00:00,215.50636799999998
2026-05-08 12:00:00,352.75996
2026-05-08 13:00:00,585.836128
2026-05-08 14:00:00,546.5988
2026-05-08 15:00:00,231.680904
2026-05-08 16:00:00,282.828888
2026-05-08 17:00:00,180.642656
2026-05-09 08:00:00,30.184279999999994
2026-05-09 09:00:00,125.863752
2026-05-09 10:00:00,402.2908
2026-05-09 11:00:00,507.36560000000003
2026-05-09 12:00:00,541.433984
2026-05-09 13:00:00,624.004992
2026-05-09 14:00:00,491.793408
2026-05-09 15:00:00,475.921248
2026-05-09 16:00:00,414.316008
2026-05-09 17:00:00,186.62688
2026-05-10 08:00:00,54.114984
2026-05-10 09:00:00,190.092336
2026-05-10 10:00:00,370.80379200000004
2026-05-10 11:00:00,532.808528
2026-05-10 12:00:00,640.841728
2026-05-10 13:00:00,741.2979839999999
2026-05-10 14:00:00,693.907512
2026-05-10 15:00:00,379.18948
2026-05-10 16:00:00,354.98735999999997
2026-05-10 17:00:00,216.549376
2026-05-11 08:00:00,54.093312
2026-05-11 09:00:00,216.989696
2026-05-11 10:00:00,378.9504
2026-05-11 11:00:00,567.08228
2026-05-11 12:00:00,667.625224
2026-05-11 13:00:00,725.5176720000001
2026-05-11 14:00:00,534.30424
2026-05-11 15:00:00,519.776776
2026-05-11 16:00:00,437.18272
2026-05-11 17:00:00,329.838208
2026-05-12 08:00:00,59.363735999999996
2026-05-12 09:00:00,66.034584
2026-05-12 10:00:00,324.052128
2026-05-12 11:00:00,521.054392
2026-05-12 12:00:00,657.5188479999999
2026-05-12 13:00:00,648.3712
2026-05-12 14:00:00,655.87212
2026-05-12 15:00:00,500.09344
2026-05-12 16:00:00,269.239512
2026-05-12 17:00:00,297.629832
2026-05-13 08:00:00,48.314112
2026-05-13 09:00:00,195.915912
2026-05-13 10:00:00,387.674928
2026-05-13 11:00:00,504.61153599999994
2026-05-13 12:00:00,571.4184
2026-05-13 13:00:00,602.35604
2026-05-13 14:00:00,634.68
2026-05-13 15:00:00,437.724864
2026-05-13 16:00:00,378.497008
2026-05-13 17:00:00,278.356544
2026-05-14 08:00:00,49.48096
2026-05-14 09:00:00,209.782208
2026-05-14 10:00:00,397.314496
2026-05-14 11:00:00,509.06908799999997
2026-05-14 12:00:00,591.616704
2026-05-14 13:00:00,695.221248
2026-05-14 14:00:00,704.368896
2026-05-14 15:00:00,401.21132800000004
2026-05-14 16:00:00,429.540416
2026-05-14 17:00:00,302.19471200000004
2026-05-15 08:00:00,31.921824000000004
2026-05-15 09:00:00,58.620352
2026-05-15 10:00:00,95.498184
2026-05-15 11:00:00,180.67224
2026-05-15 12:00:00,134.213664
2026-05-15 13:00:00,50.841480000000004
2026-05-15 14:00:00,137.15968
2026-05-15 15:00:00,303.22396
2026-05-15 16:00:00,452.69608800000003
2026-05-15 17:00:00,392.76475200000004
2026-05-16 08:00:00,26.723983999999998
2026-05-16 09:00:00,46.44
2026-05-16 10:00:00,80.742992
2026-05-16 11:00:00,120.96897600000001
2026-05-16 12:00:00,145.55671999999998
2026-05-16 13:00:00,177.023088
2026-05-16 14:00:00,317.43632
2026-05-16 15:00:00,108.91418399999999
2026-05-16 16:00:00,108.14328
2026-05-16 17:00:00,87.57964799999999
2026-05-17 08:00:00,45.488839999999996
2026-05-17 09:00:00,80.48430400000001
2026-05-17 10:00:00,238.00672
2026-05-17 11:00:00,400.62859199999997
2026-05-17 12:00:00,642.63672
2026-05-17 13:00:00,705.550536
2026-05-17 14:00:00,672.063168
2026-05-17 15:00:00,437.786784
2026-05-17 16:00:00,333.499056
2026-05-17 17:00:00,258.21155999999996
2026-05-18 08:00:00,43.912632
2026-05-18 09:00:00,157.92352
2026-05-18 10:00:00,193.58255999999997
2026-05-18 11:00:00,411.24512
2026-05-18 12:00:00,572.3069519999999
2026-05-18 13:00:00,640.0051199999999
2026-05-18 14:00:00,668.427432
2026-05-18 15:00:00,301.87995199999995
2026-05-18 16:00:00,163.800072
2026-05-18 17:00:00,249.11104
2026-05-19 08:00:00,51.55872
2026-05-19 09:00:00,196.80652800000001
2026-05-19 10:00:00,345.548
2026-05-19 11:00:00,334.04532800000004
2026-05-19 12:00:00,339.379392
2026-05-19 13:00:00,403.07030399999996
2026-05-19 14:00:00,621.9864
2026-05-19 15:00:00,463.549632
2026-05-19 16:00:00,394.82875199999995
2026-05-19 17:00:00,330.47632799999997
2026-05-20 08:00:00,60.742488
2026-05-20 09:00:00,228.86492
2026-05-20 10:00:00,407.08959999999996
2026-05-20 11:00:00,550.03536
2026-05-20 12:00:00,666.8095999999999
2026-05-20 13:00:00,722.058408
2026-05-20 14:00:00,710.93792
2026-05-20 15:00:00,679.878848
2026-05-20 16:00:00,552.8424
2026-05-20 17:00:00,314.976032
2026-05-21 08:00:00,29.356959999999997
2026-05-21 09:00:00,81.76536
2026-05-21 10:00:00,179.8776
2026-05-21 11:00:00,292.8816
2026-05-21 12:00:00,421.93044799999996
2026-05-21 13:00:00,476.245984
2026-05-21 14:00:00,534.812328
2026-05-21 15:00:00,619.4167199999999
2026-05-21 16:00:00,551.25312
2026-05-21 17:00:00,381.650112
2026-05-22 08:00:00,49.740336
2026-05-22 09:00:00,195.48144
2026-05-22 10:00:00,369.77248
2026-05-22 11:00:00,509.494272
2026-05-22 12:00:00,584.9032
2026-05-22 13:00:00,644.0024
2026-05-22 14:00:00,650.645728
2026-05-22 15:00:00,558.624352
2026-05-22 16:00:00,429.223936
2026-05-22 17:00:00,330.138864
2026-05-23 08:00:00,48.823919999999994
2026-05-23 09:00:00,180.322392
2026-05-23 10:00:00,387.579296
2026-05-23 11:00:00,474.298944
2026-05-23 12:00:00,616.982232
2026-05-23 13:00:00,690.2016
2026-05-23 14:00:00,453.58464
2026-05-23 15:00:00,454.615608
2026-05-23 16:00:00,530.7214799999999
2026-05-23 17:00:00,338.238688
2026-05-24 08:00:00,36.163344
2026-05-24 09:00:00,91.688728
2026-05-24 10:00:00,352.88208
2026-05-24 11:00:00,474.35467199999994
2026-05-24 12:00:00,487.68501599999996
2026-05-24 13:00:00,506.279592
2026-05-24 14:00:00,702.403968
2026-05-24 15:00:00,370.104784
2026-05-24 16:00:00,348.22776000000005
2026-05-24 17:00:00,392.97459200000003
2026-05-25 08:00:00,38.66904
2026-05-25 09:00:00,195.82199999999997
2026-05-25 10:00:00,355.439376
2026-05-25 11:00:00,451.846408
2026-05-25 12:00:00,313.600032
2026-05-25 13:00:00,271.40155200000004
2026-05-25 14:00:00,425.88163199999997
2026-05-25 15:00:00,161.70064000000002
2026-05-25 16:00:00,313.658856
2026-05-25 17:00:00,302.47610399999996
2026-05-26 08:00:00,43.807368000000004
2026-05-26 09:00:00,171.26968799999997
2026-05-26 10:00:00,353.85387999999995
2026-05-26 11:00:00,496.468368
2026-05-26 12:00:00,457.07624
2026-05-26 13:00:00,686.277936
2026-05-26 14:00:00,694.8886
2026-05-26 15:00:00,603.8727359999999
2026-05-26 16:00:00,491.925504
2026-05-26 17:00:00,370.540976
2026-05-27 08:00:00,49.760288
2026-05-27 09:00:00,209.87096
2026-05-27 10:00:00,379.1052
2026-05-27 11:00:00,505.72678399999995
2026-05-27 12:00:00,644.304776
2026-05-27 13:00:00,688.438944
2026-05-27 14:00:00,612.3028
2026-05-27 15:00:00,592.627032
2026-05-27 16:00:00,476.4744
2026-05-27 17:00:00,320.63552
2026-05-28 08:00:00,48.961175999999995
2026-05-28 09:00:00,68.63488
2026-05-28 10:00:00,141.90344
2026-05-28 11:00:00,272.74728
2026-05-28 12:00:00,527.5928
2026-05-28 13:00:00,685.75712
2026-05-28 14:00:00,699.14216
2026-05-28 15:00:00,640.0051199999999
2026-05-28 16:00:00,550.7144159999999
2026-05-28 17:00:00,396.691856
2026-05-29 08:00:00,31.108607999999997
2026-05-29 09:00:00,81.00168000000001
2026-05-29 10:00:00,189.223736
2026-05-29 11:00:00,339.872
2026-05-29 12:00:00,477.414208
2026-05-29 13:00:00,590.9094399999999
2026-05-29 14:00:00,646.525984
2026-05-29 15:00:00,604.73652
2026-05-29 16:00:00,431.261448
2026-05-29 17:00:00,221.45344
2026-05-30 08:00:00,8.61376
2026-05-30 09:00:00,47.22431999999999
2026-05-30 10:00:00,127.166136
2026-05-30 11:00:00,203.75808
2026-05-30 12:00:00,387.52975999999995
2026-05-30 13:00:00,390.981456
2026-05-30 14:00:00,414.786944
2026-05-30 15:00:00,466.827264
2026-05-30 16:00:00,406.25539999999995
2026-05-30 17:00:00,275.422912
2026-05-31 08:00:00,53.6382
2026-05-31 09:00:00,204.540336
2026-05-31 10:00:00,371.360384
2026-05-31 11:00:00,464.951432
2026-05-31 12:00:00,601.42552
2026-05-31 13:00:00,694.340608
2026-05-31 14:00:00,694.935384
2026-05-31 15:00:00,503.04427200000003
2026-05-31 16:00:00,489.866664
2026-05-31 17:00:00,325.055232
2026-06-01 08:00:00,43.526664000000004
2026-06-01 09:00:00,203.813464
2026-06-01 10:00:00,275.8106
2026-06-01 11:00:00,362.594232
2026-06-01 12:00:00,570.6261679999999
2026-06-01 13:00:00,641.6325840000001
2026-06-01 14:00:00,613.233664
2026-06-01 15:00:00,603.994512
2026-06-01 16:00:00,531.7503839999999
2026-06-01 17:00:00,376.116528
2026-06-02 08:00:00,51.788512
2026-06-02 09:00:00,206.65456
2026-06-02 10:00:00,372.14126400000004
2026-06-02 11:00:00,505.29472000000004
2026-06-02 12:00:00,591.238648
2026-06-02 13:00:00,657.0568559999999
2026-06-02 14:00:00,642.3340000000001
2026-06-02 15:00:00,632.3235999999999
2026-06-02 16:00:00,528.919608
2026-06-02 17:00:00,391.693536
2026-06-03 08:00:00,48.765096
2026-06-03 09:00:00,143.728704
2026-06-03 10:00:00,261.27419199999997
2026-06-03 11:00:00,445.54329599999994
2026-06-03 12:00:00,608.0372
2026-06-03 13:00:00,651.1816799999999
2026-06-03 14:00:00,673.1969919999999
2026-06-03 15:00:00,574.2770399999999
2026-06-03 16:00:00,493.59871999999996
2026-06-03 17:00:00,320.766928
2026-06-04 08:00:00,50.89824
2026-06-04 09:00:00,185.87008
2026-06-04 10:00:00,321.637592
2026-06-04 11:00:00,416.00332799999995
2026-06-04 12:00:00,630.2836799999999
2026-06-04 13:00:00,686.2634879999999
2026-06-04 14:00:00,689.29344
2026-06-04 15:00:00,594.9772399999999
2026-06-04 16:00:00,528.55084
2026-06-04 17:00:00,341.750584
2026-06-05 08:00:00,47.678399999999996
2026-06-05 09:00:00,204.109648
2026-06-05 10:00:00,388.9539199999999
2026-06-05 11:00:00,494.38304
2026-06-05 12:00:00,624.496224
2026-06-05 13:00:00,702.3227840000001
2026-06-05 14:00:00,696.816032
2026-06-05 15:00:00,624.102
2026-06-05 16:00:00,497.78175999999996
2026-06-05 17:00:00,324.16668
2026-06-06 08:00:00,52.722816
2026-06-06 09:00:00,193.07997600000002
2026-06-06 10:00:00,344.56072
2026-06-06 11:00:00,511.16748800000005
2026-06-06 12:00:00,640.4416560000001
2026-06-06 13:00:00,693.1407360000001
2026-06-06 14:00:00,688.00344
2026-06-06 15:00:00,584.1808
2026-06-06 16:00:00,554.5176799999999
2026-06-06 17:00:00,343.00928000000005
2026-06-07 08:00:00,20.648256
2026-06-07 09:00:00,60.07959999999999
2026-06-07 10:00:00,327.445344
2026-06-07 11:00:00,467.06668799999994
2026-06-07 12:00:00,622.8904319999999
2026-06-07 13:00:00,668.724648
2026-06-07 14:00:00,534.3352
2026-06-07 15:00:00,438.43488
2026-06-07 16:00:00,260.218112
2026-06-07 17:00:00,226.79232
2026-06-08 08:00:00,39.306816000000005
2026-06-08 09:00:00,119.901888
2026-06-08 10:00:00,227.25328
2026-06-08 11:00:00,245.85576799999998
2026-06-08 12:00:00,390.433808
2026-06-08 13:00:00,569.288008
2026-06-08 14:00:00,542.4487839999999
2026-06-08 15:00:00,527.2075199999999
2026-06-08 16:00:00,379.19188800000006
2026-06-08 17:00:00,285.878448
2026-06-09 08:00:00,36.950416
2026-06-09 09:00:00,77.24520000000001
2026-06-09 10:00:00,255.39144799999997
2026-06-09 11:00:00,430.588928
2026-06-09 12:00:00,486.74073599999997
2026-06-09 13:00:00,566.1036
2026-06-09 14:00:00,676.801424
2026-06-09 15:00:00,497.308416
2026-06-09 16:00:00,235.525104
2026-06-09 17:00:00,142.226112
2026-06-10 08:00:00,41.836592
2026-06-10 09:00:00,157.06351999999998
2026-06-10 10:00:00,341.325056
2026-06-10 11:00:00,444.33104
2026-06-10 12:00:00,372.611856
2026-06-10 13:00:00,442.40360799999996
2026-06-10 14:00:00,498.98851199999996
2026-06-10 15:00:00,505.48908
2026-06-10 16:00:00,419.33599999999996
2026-06-10 17:00:00,278.781728
2026-06-11 08:00:00,30.112039999999997
2026-06-11 09:00:00,14.690175999999997
2026-06-11 10:00:00,30.244479999999996
2026-06-11 11:00:00,121.45401600000001
2026-06-11 12:00:00,257.5872
2026-06-11 13:00:00,495.007744
2026-06-11 14:00:00,555.631896
2026-06-11 15:00:00,228.67056
2026-06-11 16:00:00,139.9134
2026-06-11 17:00:00,101.11192
2026-06-12 08:00:00,31.108607999999997
2026-06-12 09:00:00,137.65503999999999
2026-06-12 10:00:00,176.51156000000003
2026-06-12 11:00:00,234.873912
2026-06-12 12:00:00,376.73503999999997
2026-06-12 13:00:00,464.58679200000006
2026-06-12 14:00:00,673.841992
2026-06-12 15:00:00,167.54864
2026-06-12 16:00:00,238.29568
2026-06-12 17:00:00,136.964632
2026-06-13 08:00:00,37.05396
2026-06-13 09:00:00,160.580576
2026-06-13 10:00:00,345.26592
2026-06-13 11:00:00,522.5243039999999
2026-06-13 12:00:00,596.644608
2026-06-13 13:00:00,609.714544
2026-06-13 14:00:00,594.0945360000001
2026-06-13 15:00:00,606.87792
2026-06-13 16:00:00,511.377672
2026-06-13 17:00:00,367.63968
2026-06-14 08:00:00,36.669368
2026-06-14 09:00:00,172.62470399999998
2026-06-14 10:00:00,272.82158400000003
2026-06-14 11:00:00,493.276048
2026-06-14 12:00:00,617.5157760000001
2026-06-14 13:00:00,632.87744
2026-06-14 14:00:00,558.784656
2026-06-14 15:00:00,589.344584
2026-06-14 16:00:00,535.145664
2026-06-14 17:00:00,394.46651999999995
2026-06-15 08:00:00,31.182912000000005
2026-06-15 09:00:00,116.47152
2026-06-15 10:00:00,258.577232
2026-06-15 11:00:00,399.750016
2026-06-15 12:00:00,554.045024
2026-06-15 13:00:00,589.6985599999999
2026-06-15 14:00:00,620.7170399999999
2026-06-15 15:00:00,566.88792
2026-06-15 16:00:00,519.1235200000001
2026-06-15 17:00:00,366.260928
2026-06-16 08:00:00,31.858184
2026-06-16 09:00:00,127.78120799999998
2026-06-16 10:00:00,301.517376
2026-06-16 11:00:00,450.97368
2026-06-16 12:00:00,513.689696
2026-06-16 13:00:00,602.413488
2026-06-16 14:00:00,637.12928
2026-06-16 15:00:00,444.8608
2026-06-16 16:00:00,273.178656
2026-06-16 17:00:00,332.198736
2026-06-17 08:00:00,43.649471999999996
2026-06-17 09:00:00,165.21803999999997
2026-06-17 10:00:00,326.99436000000003
2026-06-17 11:00:00,465.52763200000004
2026-06-17 12:00:00,418.212496
2026-06-17 13:00:00,573.752784
2026-06-17 14:00:00,670.192152
2026-06-17 15:00:00,188.46349600000002
2026-06-17 16:00:00,287.575056
2026-06-17 17:00:00,268.80332
2026-06-18 08:00:00,36.26448
2026-06-18 09:00:00,155.410944
2026-06-18 10:00:00,281.357944
2026-06-18 11:00:00,444.760352
2026-06-18 12:00:00,557.022688
2026-06-18 13:00:00,642.686256
2026-06-18 14:00:00,664.77312
2026-06-18 15:00:00,599.503936
2026-06-18 16:00:00,532.9192959999999
2026-06-18 17:00:00,366.499664
2026-06-19 08:00:00,38.40588
2026-06-19 09:00:00,157.31808
2026-06-19 10:00:00,342.7272
2026-06-19 11:00:00,498.96443200000004
2026-06-19 12:00:00,619.01596
2026-06-19 13:00:00,655.900672
2026-06-19 14:00:00,664.5213120000001
2026-06-19 15:00:00,508.02092
2026-06-19 16:00:00,386.05572
2026-06-19 17:00:00,313.444544
2026-06-20 08:00:00,36.994792
2026-06-20 09:00:00,127.62743999999999
2026-06-20 10:00:00,262.125248
2026-06-20 11:00:00,364.1842
2026-06-20 12:00:00,335.14096800000004
2026-06-20 13:00:00,457.52687999999995
2026-06-20 14:00:00,582.02736
2026-06-20 15:00:00,598.604032
2026-06-20 16:00:00,514.740616
2026-06-20 17:00:00,364.9324
2026-06-21 08:00:00,38.730959999999996
2026-06-21 09:00:00,112.25442399999999
2026-06-21 10:00:00,321.637592
2026-06-21 11:00:00,507.15851200000003
2026-06-21 12:00:00,620.541256
2026-06-21 13:00:00,663.661656
2026-06-21 14:00:00,697.268736
2026-06-21 15:00:00,596.2311199999999
2026-06-21 16:00:00,369.80688
2026-06-21 17:00:00,311.01212
2026-06-22 08:00:00,21.603199999999998
2026-06-22 09:00:00,74.04875200000001
2026-06-22 10:00:00,274.84533600000003
2026-06-22 11:00:00,276.18796799999996
2026-06-22 12:00:00,425.330544
2026-06-22 13:00:00,541.298448
2026-06-22 14:00:00,488.18140800000003
2026-06-22 15:00:00,143.102968
2026-06-22 16:00:00,132.66016000000002
2026-06-22 17:00:00,156.30981599999998
2026-06-23 08:00:00,40.322992000000006
2026-06-23 09:00:00,141.103984
2026-06-23 10:00:00,211.31335199999998
2026-06-23 11:00:00,310.191336
2026-06-23 12:00:00,429.30168
2026-06-23 13:00:00,563.5875839999999
2026-06-23 14:00:00,634.148864
2026-06-23 15:00:00,391.1022
2026-06-23 16:00:00,332.63424
2026-06-23 17:00:00,321.686784
2026-06-24 08:00:00,37.961088
2026-06-24 09:00:00,54.24501600000001
2026-06-24 10:00:00,179.73311999999999
2026-06-24 11:00:00,403.13772800000004
2026-06-24 12:00:00,561.459256
2026-06-24 13:00:00,645.218784
2026-06-24 14:00:00,529.4944320000001
2026-06-24 15:00:00,473.67768
2026-06-24 16:00:00,262.866912
2026-06-24 17:00:00,314.42047199999996
2026-06-25 08:00:00,32.575424
2026-06-25 09:00:00,121.7502
2026-06-25 10:00:00,302.72172
2026-06-25 11:00:00,438.127344
2026-06-25 12:00:00,590.079368
2026-06-25 13:00:00,645.421056
2026-06-25 14:00:00,620.87184
2026-06-25 15:00:00,541.0776
2026-06-25 16:00:00,420.22833599999996
2026-06-25 17:00:00,376.42372
2026-06-26 08:00:00,35.274103999999994
2026-06-26 09:00:00,177.023088
2026-06-26 10:00:00,331.955872
2026-06-26 11:00:00,502.7188479999999
2026-06-26 12:00:00,634.75568
2026-06-26 13:00:00,648.0275439999999
2026-06-26 14:00:00,669.0112
2026-06-26 15:00:00,649.474752
2026-06-26 16:00:00,530.443872
2026-06-26 17:00:00,389.941888
2026-06-27 08:00:00,37.80972799999999
2026-06-27 09:00:00,184.38056
2026-06-27 10:00:00,338.79046400000004
2026-06-27 11:00:00,494.990888
2026-06-27 12:00:00,615.0802560000001
2026-06-27 13:00:00,637.7574239999999
2026-06-27 14:00:00,708.8199119999999
2026-06-27 15:00:00,658.4338879999999
2026-06-27 16:00:00,534.5925119999999
2026-06-27 17:00:00,419.164
2026-06-28 08:00:00,40.322992000000006
2026-06-28 09:00:00,169.66080000000002
2026-06-28 10:00:00,356.067864
2026-06-28 11:00:00,476.75648
2026-06-28 12:00:00,486.03072000000003
2026-06-28 13:00:00,542.121984
2026-06-28 14:00:00,411.450144
2026-06-28 15:00:00,573.4411200000001
2026-06-28 16:00:00,357.819168
2026-06-28 17:00:00,353.660208
2026-06-29 08:00:00,38.3904
2026-06-29 09:00:00,189.711872
2026-06-29 10:00:00,344.84589600000004
2026-06-29 11:00:00,440.664
2026-06-29 12:00:00,575.1129599999999
2026-06-29 13:00:00,599.750928
2026-06-29 14:00:00,484.354752
2026-06-29 15:00:00,498.57984
2026-06-29 16:00:00,290.968272
2026-06-29 17:00:00,309.433848
2026-06-30 08:00:00,35.288208
2026-06-30 09:00:00,165.77222400000002
2026-06-30 10:00:00,286.805872
2026-06-30 11:00:00,410.42639999999994
2026-06-30 12:00:00,484.80780000000004
2026-06-30 13:00:00,455.19628
2026-06-30 14:00:00,416.51795200000004
2026-06-30 15:00:00,334.53656
2026-06-30 16:00:00,262.232232
2026-06-30 17:00:00,204.855784
2026-07-01 08:00:00,27.321856
2026-07-01 09:00:00,148.4532
2026-07-01 10:00:00,344.56416
2026-07-01 11:00:00,466.9112
2026-07-01 12:00:00,584.9128319999999
2026-07-01 13:00:00,675.692368
2026-07-01 14:00:00,677.856816
2026-07-01 15:00:00,630.7817919999999
2026-07-01 16:00:00,443.674688
2026-07-01 17:00:00,352.451736
2026-07-02 08:00:00,34.56511999999999
2026-07-02 09:00:00,87.755088
2026-07-02 10:00:00,234.70260000000002
2026-07-02 11:00:00,366.467328
2026-07-02 12:00:00,490.02112000000005
2026-07-02 13:00:00,588.2744
2026-07-02 14:00:00,665.955792
2026-07-02 15:00:00,386.102848
2026-07-02 16:00:00,375.119616
2026-07-02 17:00:00,293.28717600000004
2026-07-03 08:00:00,37.522144
2026-07-03 09:00:00,163.390712
2026-07-03 10:00:00,234.122616
2026-07-03 11:00:00,339.34224
2026-07-03 12:00:00,458.947944
2026-07-03 13:00:00,606.763024
2026-07-03 14:00:00,613.2746
2026-07-03 15:00:00,362.779648
2026-07-03 16:00:00,354.43042399999996
2026-07-03 17:00:00,313.444544
2026-07-04 08:00:00,40.17748
2026-07-04 09:00:00,192.33074399999998
2026-07-04 10:00:00,361.708776
2026-07-04 11:00:00,514.5276799999999
2026-07-04 12:00:00,620.763136
2026-07-04 13:00:00,624.175272
2026-07-04 14:00:00,637.3288
2026-07-04 15:00:00,582.7518239999999
2026-07-04 16:00:00,482.32583999999997
2026-07-04 17:00:00,362.30630399999995
2026-07-05 08:00:00,37.582688
2026-07-05 09:00:00,165.21803999999997
2026-07-05 10:00:00,331.2204
2026-07-05 11:00:00,472.947024
2026-07-05 12:00:00,617.6705759999999
2026-07-05 13:00:00,669.773504
2026-07-05 14:00:00,504.67345600000004
2026-07-05 15:00:00,573.9877359999999
2026-07-05 16:00:00,554.456448
2026-07-05 17:00:00,399.207872
2026-07-06 08:00:00,33.620495999999996
2026-07-06 09:00:00,152.40644799999998
2026-07-06 10:00:00,228.1752
2026-07-06 11:00:00,433.27488
2026-07-06 12:00:00,617.68812
2026-07-06 13:00:00,664.5213120000001
2026-07-06 14:00:00,583.345224
2026-07-06 15:00:00,427.02096
2026-07-06 16:00:00,528.66952
2026-07-06 17:00:00,342.282408
2026-07-07 08:00:00,39.370112
2026-07-07 09:00:00,176.661888
2026-07-07 10:00:00,328.109264
2026-07-07 11:00:00,445.787192
2026-07-07 12:00:00,570.89552
2026-07-07 13:00:00,609.188568
2026-07-07 14:00:00,606.700416
2026-07-07 15:00:00,359.098848
2026-07-07 16:00:00,450.36686399999996
2026-07-07 17:00:00,339.79632
2026-07-08 08:00:00,39.623296
2026-07-08 09:00:00,85.828
2026-07-08 10:00:00,280.563304
2026-07-08 11:00:00,452.92244
2026-07-08 12:00:00,583.948256
2026-07-08 13:00:00,637.596432
2026-07-08 14:00:00,665.862912
2026-07-08 15:00:00,562.5886079999999
2026-07-08 16:00:00,393.908896
2026-07-08 17:00:00,333.612576
2026-07-09 08:00:00,31.75636
2026-07-09 09:00:00,180.61548
2026-07-09 10:00:00,340.326768
2026-07-09 11:00:00,444.760352
2026-07-09 12:00:00,567.654352
2026-07-09 13:00:00,553.451624
2026-07-09 14:00:00,614.959168
2026-07-09 15:00:00,358.149752
2026-07-09 16:00:00,463.17398399999996
2026-07-09 17:00:00,390.853488
2026-07-10 08:00:00,36.772912
2026-07-10 09:00:00,185.6052
2026-07-10 10:00:00,340.997568
2026-07-10 11:00:00,497.07828
2026-07-10 12:00:00,587.0704
2026-07-10 13:00:00,672.62492
2026-07-10 14:00:00,693.5480319999999
2026-07-10 15:00:00,639.6941439999999
2026-07-10 16:00:00,553.9074240000001
2026-07-10 17:00:00,413.13436800000005
2026-07-11 08:00:00,38.436840000000004
2026-07-11 09:00:00,168.81249599999998
2026-07-11 10:00:00,301.030272
2026-07-11 11:00:00,476.30928
2026-07-11 12:00:00,531.127744
2026-07-11 13:00:00,686.0116800000001
2026-07-11 14:00:00,601.1262399999999
2026-07-11 15:00:00,609.4950719999999
2026-07-11 16:00:00,535.292208
2026-07-11 17:00:00,409.10337599999997
2026-07-12 08:00:00,37.643232
2026-07-12 09:00:00,169.154776
2026-07-12 10:00:00,325.27264
2026-07-12 11:00:00,459.70096
2026-07-12 12:00:00,571.1851680000001
2026-07-12 13:00:00,640.6408319999999
2026-07-12 14:00:00,663.313184
2026-07-12 15:00:00,659.676416
2026-07-12 16:00:00,524.421464
2026-07-12 17:00:00,408.758
2026-07-13 08:00:00,34.08352
2026-07-13 09:00:00,165.930464
2026-07-13 10:00:00,325.71915199999995
2026-07-13 11:00:00,485.945408
2026-07-13 12:00:00,605.024448
2026-07-13 13:00:00,622.9482240000001
2026-07-13 14:00:00,674.02328
2026-07-13 15:00:00,631.6390399999999
2026-07-13 16:00:00,555.811464
2026-07-13 17:00:00,407.42328
2026-07-14 08:00:00,32.457775999999996
2026-07-14 09:00:00,166.53728
2026-07-14 10:00:00,356.822944
2026-07-14 11:00:00,503.171552
2026-07-14 12:00:00,538.250264
2026-07-14 13:00:00,630.1639680000001
2026-07-14 14:00:00,624.7535359999999
2026-07-14 15:00:00,592.9111760000001
2026-07-14 16:00:00,425.032296
2026-07-14 17:00:00,341.059488
2026-07-15 08:00:00,37.50700799999999
2026-07-15 09:00:00,177.63816
2026-07-15 10:00:00,341.89747199999994
2026-07-15 11:00:00,522.902016
2026-07-15 12:00:00,625.26816
2026-07-15 13:00:00,697.41872
2026-07-15 14:00:00,694.688736
2026-07-15 15:00:00,634.55616
2026-07-15 16:00:00,371.13471999999996
2026-07-15 17:00:00,316.763456
2026-07-16 08:00:00,35.161272
2026-07-16 09:00:00,162.354584
2026-07-16 10:00:00,340.202928
2026-07-16 11:00:00,461.375208
2026-07-16 12:00:00,619.01596
2026-07-16 13:00:00,663.7204800000001
2026-07-16 14:00:00,693.195776
2026-07-16 15:00:00,629.7649279999999
2026-07-16 16:00:00,469.586832
2026-07-16 17:00:00,298.81215999999995
2026-07-17 08:00:00,31.832728
2026-07-17 09:00:00,124.05156000000001
2026-07-17 10:00:00,306.237744
2026-07-17 11:00:00,525.9072
2026-07-17 12:00:00,605.689056
2026-07-17 13:00:00,551.022296
2026-07-17 14:00:00,605.7152
2026-07-17 15:00:00,400.27151999999995
2026-07-17 16:00:00,491.954056
2026-07-17 17:00:00,280.447032
2026-07-18 08:00:00,35.104856
2026-07-18 09:00:00,175.52772000000002
2026-07-18 10:00:00,337.5328
2026-07-18 11:00:00,456.893232
2026-07-18 12:00:00,575.931336
2026-07-18 13:00:00,686.8648000000001
2026-07-18 14:00:00,712.4068
2026-07-18 15:00:00,621.99156
2026-07-18 16:00:00,498.375504
2026-07-18 17:00:00,280.766952
2026-07-19 08:00:00,32.693072
2026-07-19 09:00:00,161.83136000000002
2026-07-19 10:00:00,355.13183999999995
2026-07-19 11:00:00,508.02092
2026-07-19 12:00:00,635.2992
2026-07-19 13:00:00,718.783872
2026-07-19 14:00:00,730.990024
2026-07-19 15:00:00,672.63868
2026-07-19 16:00:00,536.045224
2026-07-19 17:00:00,430.193328
2026-07-20 08:00:00,37.552416
2026-07-20 09:00:00,184.630304
2026-07-20 10:00:00,337.9628
2026-07-20 11:00:00,515.1602959999999
2026-07-20 12:00:00,599.503936
2026-07-20 13:00:00,666.8371199999999
2026-07-20 14:00:00,677.0952
2026-07-20 15:00:00,602.66048
2026-07-20 16:00:00,449.687808
2026-07-20 17:00:00,388.18611200000004
2026-07-21 08:00:00,29.356959999999997
2026-07-21 09:00:00,157.92352
2026-07-21 10:00:00,298.239744
2026-07-21 11:00:00,479.61168000000004
2026-07-21 12:00:00,579.522352
2026-07-21 13:00:00,706.097152
2026-07-21 14:00:00,681.260352
2026-07-21 15:00:00,649.207808
2026-07-21 16:00:00,527.5928
2026-07-21 17:00:00,308.842512
2026-07-22 08:00:00,36.75812
2026-07-22 09:00:00,171.426896
2026-07-22 10:00:00,367.06176
2026-07-22 11:00:00,467.97072
2026-07-22 12:00:00,410.94618399999996
2026-07-22 13:00:00,559.8194080000001
2026-07-22 14:00:00,485.621016
2026-07-22 15:00:00,402.79166399999997
2026-07-22 16:00:00,359.01869600000003
2026-07-22 17:00:00,362.960248
2026-07-23 08:00:00,27.542015999999997
2026-07-23 09:00:00,138.985632
2026-07-23 10:00:00,305.540112
2026-07-23 11:00:00,370.859176
2026-07-23 12:00:00,528.884864
2026-07-23 13:00:00,586.891176
2026-07-23 14:00:00,641.384904
2026-07-23 15:00:00,519.59136
2026-07-23 16:00:00,509.45299200000005
2026-07-23 17:00:00,386.26005599999996
2026-07-24 08:00:00,36.743328
2026-07-24 09:00:00,171.426896
2026-07-24 10:00:00,354.28628799999996
2026-07-24 11:00:00,484.80780000000004
2026-07-24 12:00:00,578.556056
2026-07-24 13:00:00,637.7058240000001
2026-07-24 14:00:00,653.659512
2026-07-24 15:00:00,641.15064
2026-07-24 16:00:00,536.790672
2026-07-24 17:00:00,357.548784
2026-07-25 08:00:00,22.288448
2026-07-25 09:00:00,127.37115999999999
2026-07-25 10:00:00,290.79661600000003
2026-07-25 11:00:00,403.820568
2026-07-25 12:00:00,497.954448
2026-07-25 13:00:00,549.3346319999999
2026-07-25 14:00:00,633.906
2026-07-25 15:00:00,320.398848
2026-07-25 16:00:00,146.02662399999997
2026-07-25 17:00:00,171.71688799999998
2026-07-26 08:00:00,32.797648
2026-07-26 09:00:00,106.64
2026-07-26 10:00:00,199.899088
2026-07-26 11:00:00,277.5994
2026-07-26 12:00:00,520.1933600000001
2026-07-26 13:00:00,498.87396
2026-07-26 14:00:00,397.925096
2026-07-26 15:00:00,304.56383999999997
2026-07-26 16:00:00,506.026752
2026-07-26 17:00:00,267.43247999999994
2026-07-27 08:00:00,33.352176
2026-07-27 09:00:00,158.424384
2026-07-27 10:00:00,312.085056
2026-07-27 11:00:00,434.9278
2026-07-27 12:00:00,581.18628
2026-07-27 13:00:00,681.839648
2026-07-27 14:00:00,724.6126079999999
2026-07-27 15:00:00,454.652072
2026-07-27 16:00:00,498.375504
2026-07-27 17:00:00,309.51744
2026-07-28 08:00:00,19.66132
2026-07-28 09:00:00,139.291104
2026-07-28 10:00:00,327.807232
2026-07-28 11:00:00,465.415488
2026-07-28 12:00:00,574.828128
2026-07-28 13:00:00,694.9556799999999
2026-07-28 14:00:00,689.407992
2026-07-28 15:00:00,513.26864
2026-07-28 16:00:00,383.89987199999996
2026-07-28 17:00:00,234.88492
2026-07-29 08:00:00,36.01886399999999
2026-07-29 09:00:00,176.382216
2026-07-29 10:00:00,320.138784
2026-07-29 11:00:00,518.322
2026-07-29 12:00:00,628.613216
2026-07-29 13:00:00,684.074272
2026-07-29 14:00:00,678.207352
2026-07-29 15:00:00,649.6230159999999
2026-07-29 16:00:00,514.319904
2026-07-29 17:00:00,324.163584
2026-07-30 08:00:00,20.51616
2026-07-30 09:00:00,124.003056
2026-07-30 10:00:00,282.322176
2026-07-30 11:00:00,424.82796
2026-07-30 12:00:00,621.210336
2026-07-30 13:00:00,673.30776
2026-07-30 14:00:00,723.92048
2026-07-30 15:00:00,625.433624
2026-07-30 16:00:00,563.9030319999999
2026-07-30 17:00:00,374.43368
2026-07-31 08:00:00,34.30368
2026-07-31 09:00:00,176.518784
2026-07-31 10:00:00,361.16009599999995
2026-07-31 11:00:00,510.326752
2026-07-31 12:00:00,594.130656
2026-07-31 13:00:00,663.1573520000001
2026-07-31 14:00:00,657.573888
2026-07-31 15:00:00,592.562016
2026-07-31 16:00:00,443.726976
2026-07-31 17:00:00,357.98428800000005
2026-08-01 08:00:00,35.274103999999994
2026-08-01 09:00:00,98.82087999999999
2026-08-01 10:00:00,259.120752
2026-08-01 11:00:00,528.023488
2026-08-01 12:00:00,661.983624
2026-08-01 13:00:00,699.7950719999999
2026-08-01 14:00:00,542.958592
2026-08-01 15:00:00,664.844672
2026-08-01 16:00:00,564.4782
2026-08-01 17:00:00,439.9416
2026-08-02 08:00:00,37.718911999999996
2026-08-02 09:00:00,182.93644799999998
2026-08-02 10:00:00,360.7184
2026-08-02 11:00:00,534.6723199999999
2026-08-02 12:00:00,586.1072
2026-08-02 13:00:00,704.899
2026-08-02 14:00:00,603.711744
2026-08-02 15:00:00,526.84632
2026-08-02 16:00:00,462.834456
2026-08-02 17:00:00,303.474736
2026-08-03 08:00:00,35.859936
2026-08-03 09:00:00,171.496384
2026-08-03 10:00:00,353.709744
2026-08-03 11:00:00,527.9574399999999
2026-08-03 12:00:00,650.881024
2026-08-03 13:00:00,716.038752
2026-08-03 14:00:00,700.404984
2026-08-03 15:00:00,685.414152
2026-08-03 16:00:00,591.203904
2026-08-03 17:00:00,413.45428799999996
2026-08-04 08:00:00,37.76432
2026-08-04 09:00:00,176.16859200000002
2026-08-04 10:00:00,366.372384
2026-08-04 11:00:00,524.385
2026-08-04 12:00:00,637.0171359999999
2026-08-04 13:00:00,678.7515599999999
2026-08-04 14:00:00,603.7471760000001
2026-08-04 15:00:00,633.3122559999999
2026-08-04 16:00:00,563.178224
2026-08-04 17:00:00,431.86723199999994
2026-08-05 08:00:00,36.669368
2026-08-05 09:00:00,180.322392
2026-08-05 10:00:00,361.96024
2026-08-05 11:00:00,495.24854400000004
2026-08-05 12:00:00,597.533504
2026-08-05 13:00:00,655.1170400000001
2026-08-05 14:00:00,716.4309119999999
2026-08-05 15:00:00,600.714128
2026-08-05 16:00:00,572.2612
2026-08-05 17:00:00,390.856584
2026-08-06 08:00:00,23.247864
2026-08-06 09:00:00,146.76588
2026-08-06 10:00:00,307.852136
2026-08-06 11:00:00,464.9504
2026-08-06 12:00:00,567.3653919999999
2026-08-06 13:00:00,704.5367679999999
2026-08-06 14:00:00,714.7570079999999
2026-08-06 15:00:00,662.0290319999999
2026-08-06 16:00:00,546.97892
2026-08-06 17:00:00,426.045376
2026-08-07 08:00:00,32.653856
2026-08-07 09:00:00,129.496392
2026-08-07 10:00:00,291.1788
2026-08-07 11:00:00,410.561592
2026-08-07 12:00:00,632.2155839999999
2026-08-07 13:00:00,729.7588480000001
2026-08-07 14:00:00,758.491448
2026-08-07 15:00:00,703.554992
2026-08-07 16:00:00,596.992048
2026-08-07 17:00:00,444.02144
2026-08-08 08:00:00,34.907399999999996
2026-08-08 09:00:00,156.74532
2026-08-08 10:00:00,337.2576
2026-08-08 11:00:00,512.84896
2026-08-08 12:00:00,663.9936160000001
2026-08-08 13:00:00,729.1575359999999
2026-08-08 14:00:00,715.793824
2026-08-08 15:00:00,651.1135680000001
2026-08-08 16:00:00,561.3017040000001
2026-08-08 17:00:00,424.54209599999996
2026-08-09 08:00:00,34.921504
2026-08-09 09:00:00,169.248
2026-08-09 10:00:00,367.16083199999997
2026-08-09 11:00:00,548.4914879999999
2026-08-09 12:00:00,642.250752
2026-08-09 13:00:00,666.515136
2026-08-09 14:00:00,692.1221519999999
2026-08-09 15:00:00,670.9733759999999
2026-08-09 16:00:00,581.560896
2026-08-09 17:00:00,428.03403999999995
2026-08-10 08:00:00,31.539984
2026-08-10 09:00:00,144.824688
2026-08-10 10:00:00,283.52755199999996
2026-08-10 11:00:00,485.348912
2026-08-10 12:00:00,631.8987599999999
2026-08-10 13:00:00,629.44776
2026-08-10 14:00:00,615.23712
2026-08-10 15:00:00,640.841728
2026-08-10 16:00:00,480.361944
2026-08-10 17:00:00,328.59327199999996
2026-08-11 08:00:00,35.874384
2026-08-11 09:00:00,156.15123200000002
2026-08-11 10:00:00,293.16780800000004
2026-08-11 11:00:00,489.067208
2026-08-11 12:00:00,610.8036480000001
2026-08-11 13:00:00,710.027008
2026-08-11 14:00:00,684.0639520000001
2026-08-11 15:00:00,648.3712
2026-08-11 16:00:00,578.3338319999999
2026-08-11 17:00:00,393.65984
2026-08-12 08:00:00,39.354288000000004
2026-08-12 09:00:00,202.99130399999999
2026-08-12 10:00:00,394.230192
2026-08-12 11:00:00,545.414408
2026-08-12 12:00:00,663.138432
2026-08-12 13:00:00,721.102088
2026-08-12 14:00:00,691.287264
2026-08-12 15:00:00,641.458176
2026-08-12 16:00:00,533.536432
2026-08-12 17:00:00,378.92425599999996
2026-08-13 08:00:00,26.468048
2026-08-13 09:00:00,134.24944
2026-08-13 10:00:00,306.08982399999996
2026-08-13 11:00:00,488.02592000000004
2026-08-13 12:00:00,570.9987199999999
2026-08-13 13:00:00,619.778608
2026-08-13 14:00:00,580.246128
2026-08-13 15:00:00,582.3988800000001
2026-08-13 16:00:00,475.527024
2026-08-13 17:00:00,344.8428
2026-08-14 08:00:00,32.54928
2026-08-14 09:00:00,163.077328
2026-08-14 10:00:00,324.241672
2026-08-14 11:00:00,514.1093759999999
2026-08-14 12:00:00,618.83536
2026-08-14 13:00:00,722.119296
2026-08-14 14:00:00,744.544656
2026-08-14 15:00:00,696.816032
2026-08-14 16:00:00,579.651008
2026-08-14 17:00:00,407.09304
2026-08-15 08:00:00,35.217687999999995
2026-08-15 09:00:00,192.41639999999998
2026-08-15 10:00:00,341.03472
2026-08-15 11:00:00,500.214528
2026-08-15 12:00:00,636.86784
2026-08-15 13:00:00,697.41872
2026-08-15 14:00:00,739.9354
2026-08-15 15:00:00,680.1457919999999
2026-08-15 16:00:00,590.77872
2026-08-15 17:00:00,432.11560000000003
2026-08-16 08:00:00,35.701008
2026-08-16 09:00:00,159.028448
2026-08-16 10:00:00,264.963248
2026-08-16 11:00:00,491.058624
2026-08-16 12:00:00,570.20752
2026-08-16 13:00:00,528.023488
2026-08-16 14:00:00,654.9268079999999
2026-08-16 15:00:00,683.4660799999999
2026-08-16 16:00:00,559.3907839999999
2026-08-16 17:00:00,351.33236
2026-08-17 08:00:00,30.015719999999998
2026-08-17 09:00:00,180.468936
2026-08-17 10:00:00,345.96664799999996
2026-08-17 11:00:00,536.92724
2026-08-17 12:00:00,676.184976
2026-08-17 13:00:00,616.06272
2026-08-17 14:00:00,686.5607039999999
2026-08-17 15:00:00,655.163136
2026-08-17 16:00:00,503.37726399999997
2026-08-17 17:00:00,368.39304
2026-08-18 08:00:00,34.949712
2026-08-18 09:00:00,182.78784
2026-08-18 10:00:00,318.708432
2026-08-18 11:00:00,487.26843199999996
2026-08-18 12:00:00,554.8991759999999
2026-08-18 13:00:00,607.7984640000001
2026-08-18 14:00:00,681.2747999999999
2026-08-18 15:00:00,629.246176
2026-08-18 16:00:00,564.826328
2026-08-18 17:00:00,422.864064
2026-08-19 08:00:00,38.916720000000005
2026-08-19 09:00:00,172.51427999999999
2026-08-19 10:00:00,369.6108
2026-08-19 11:00:00,526.121856
2026-08-19 12:00:00,633.6555679999999
2026-08-19 13:00:00,723.7739359999999
2026-08-19 14:00:00,736.294848
2026-08-19 15:00:00,661.503744
2026-08-19 16:00:00,563.5002079999999
2026-08-19 17:00:00,394.752384
2026-08-20 08:00:00,32.54928
2026-08-20 09:00:00,160.12787200000002
2026-08-20 10:00:00,305.293808
2026-08-20 11:00:00,438.30587999999995
2026-08-20 12:00:00,605.61372
2026-08-20 13:00:00,707.7328719999999
2026-08-20 14:00:00,709.3624
2026-08-20 15:00:00,649.50984
2026-08-20 16:00:00,492.33004800000003
2026-08-20 17:00:00,400.0465439999999
2026-08-21 08:00:00,40.048136
2026-08-21 09:00:00,175.24288800000002
2026-08-21 10:00:00,349.61924
2026-08-21 11:00:00,537.76488
2026-08-21 12:00:00,660.396408
2026-08-21 13:00:00,725.45472
2026-08-21 14:00:00,715.448448
2026-08-21 15:00:00,643.12864
2026-08-21 16:00:00,560.6714959999999
2026-08-21 17:00:00,430.54696
2026-08-22 08:00:00,39.306816000000005
2026-08-22 09:00:00,177.079848
2026-08-22 10:00:00,383.16096
2026-08-22 11:00:00,557.48812
2026-08-22 12:00:00,697.15728
2026-08-22 13:00:00,777.153792
2026-08-22 14:00:00,790.02352
2026-08-22 15:00:00,734.627136
2026-08-22 16:00:00,618.0716799999999
2026-08-22 17:00:00,451.48796
2026-08-23 08:00:00,41.819736000000006
2026-08-23 09:00:00,187.171088
2026-08-23 10:00:00,377.266176
2026-08-23 11:00:00,523.955
2026-08-23 12:00:00,677.373152
2026-08-23 13:00:00,692.67152
2026-08-23 14:00:00,744.3262159999999
2026-08-23 15:00:00,653.717304
2026-08-23 16:00:00,584.067624
2026-08-23 17:00:00,424.68348
2026-08-24 08:00:00,43.491576
2026-08-24 09:00:00,194.71432
2026-08-24 10:00:00,382.162672
2026-08-24 11:00:00,563.73172
2026-08-24 12:00:00,680.9944399999999
2026-08-24 13:00:00,739.9354
2026-08-24 14:00:00,705.4421759999999
2026-08-24 15:00:00,682.384544
2026-08-24 16:00:00,585.97992
2026-08-24 17:00:00,420.84065599999997
2026-08-25 08:00:00,40.900224
2026-08-25 09:00:00,175.385304
2026-08-25 10:00:00,353.83152
2026-08-25 11:00:00,520.601688
2026-08-25 12:00:00,604.434488
2026-08-25 13:00:00,694.73208
2026-08-25 14:00:00,646.805312
2026-08-25 15:00:00,641.4998
2026-08-25 16:00:00,531.9014
2026-08-25 17:00:00,421.997184
2026-08-26 08:00:00,41.36256
2026-08-26 09:00:00,131.36947199999997
2026-08-26 10:00:00,369.6108
2026-08-26 11:00:00,533.927904
2026-08-26 12:00:00,540.340064
2026-08-26 13:00:00,708.840896
2026-08-26 14:00:00,694.17136
2026-08-26 15:00:00,580.5564159999999
2026-08-26 16:00:00,380.034
2026-08-26 17:00:00,264.241536
2026-08-27 08:00:00,36.235584
2026-08-27 09:00:00,134.803968
2026-08-27 10:00:00,362.2836
2026-08-27 11:00:00,557.15616
2026-08-27 12:00:00,682.39968
2026-08-27 13:00:00,751.002912
2026-08-27 14:00:00,745.947488
2026-08-27 15:00:00,687.409008
2026-08-27 16:00:00,577.73424
2026-08-27 17:00:00,428.07359999999994
2026-08-28 08:00:00,40.0158
2026-08-28 09:00:00,180.322392
2026-08-28 10:00:00,324.031488
2026-08-28 11:00:00,444.511296
2026-08-28 12:00:00,577.8219599999999
2026-08-28 13:00:00,714.463232
2026-08-28 14:00:00,672.919728
2026-08-28 15:00:00,574.62104
2026-08-28 16:00:00,534.194848
2026-08-28 17:00:00,405.244728
2026-08-29 08:00:00,44.308576
2026-08-29 09:00:00,179.548736
2026-08-29 10:00:00,365.7752
2026-08-29 11:00:00,551.0075039999999
2026-08-29 12:00:00,659.269464
2026-08-29 13:00:00,713.486272
2026-08-29 14:00:00,721.821392
2026-08-29 15:00:00,661.5206
2026-08-29 16:00:00,567.9577599999999
2026-08-29 17:00:00,411.949632
2026-08-30 08:00:00,37.794591999999994
2026-08-30 09:00:00,53.085392000000006
2026-08-30 10:00:00,155.743248
2026-08-30 11:00:00,421.744
2026-08-30 12:00:00,426.77637599999997
2026-08-30 13:00:00,617.087152
2026-08-30 14:00:00,716.924208
2026-08-30 15:00:00,620.25264
2026-08-30 16:00:00,544.407864
2026-08-30 17:00:00,423.8768
2026-08-31 08:00:00,43.1548
2026-08-31 09:00:00,86.172
2026-08-31 10:00:00,130.615424
2026-08-31 11:00:00,214.98624
2026-08-31 12:00:00,336.064608
2026-08-31 13:00:00,450.422592
2026-08-31 14:00:00,576.6664639999999
2026-08-31 15:00:00,530.3138399999999
2026-08-31 16:00:00,382.787376
2026-08-31 17:00:00,319.48862399999996
2026-09-01 08:00:00,41.904016
2026-09-01 09:00:00,187.931328
2026-09-01 10:00:00,373.429888
2026-09-01 11:00:00,504.4416
2026-09-01 12:00:00,614.902752
2026-09-01 13:00:00,630.74292
2026-09-01 14:00:00,749.5416
2026-09-01 15:00:00,687.679048
2026-09-01 16:00:00,516.425184
2026-09-01 17:00:00,356.728
2026-09-02 08:00:00,45.957024
2026-09-02 09:00:00,202.93248
2026-09-02 10:00:00,384.37356
2026-09-02 11:00:00,546.7542880000001
2026-09-02 12:00:00,662.0290319999999
2026-09-02 13:00:00,665.666144
2026-09-02 14:00:00,720.5630399999999
2026-09-02 15:00:00,690.6962719999999
2026-09-02 16:00:00,575.36064
2026-09-02 17:00:00,427.506688
2026-09-03 08:00:00,47.832511999999994
2026-09-03 09:00:00,201.81448
2026-09-03 10:00:00,373.665184
2026-09-03 11:00:00,547.0384320000001
2026-09-03 12:00:00,680.4388799999999
2026-09-03 13:00:00,747.1349759999999
2026-09-03 14:00:00,751.304256
2026-09-03 15:00:00,692.4073279999999
2026-09-03 16:00:00,554.6711039999999
2026-09-03 17:00:00,426.884048
2026-09-04 08:00:00,48.647448
2026-09-04 09:00:00,204.441264
2026-09-04 10:00:00,377.26961600000004
2026-09-04 11:00:00,519.588608
2026-09-04 12:00:00,646.8813359999999
2026-09-04 13:00:00,736.748584
2026-09-04 14:00:00,754.427776
2026-09-04 15:00:00,663.1573520000001
2026-09-04 16:00:00,572.343072
2026-09-04 17:00:00,425.72992800000003
2026-09-05 08:00:00,46.883759999999995
2026-09-05 09:00:00,205.039824
2026-09-05 10:00:00,391.902
2026-09-05 11:00:00,559.623672
2026-09-05 12:00:00,670.691296
2026-09-05 13:00:00,732.052296
2026-09-05 14:00:00,737.57728
2026-09-05 15:00:00,689.5782720000001
2026-09-05 16:00:00,576.07272
2026-09-05 17:00:00,416.136112
2026-09-06 08:00:00,39.243520000000004
2026-09-06 09:00:00,177.367432
2026-09-06 10:00:00,331.05184
2026-09-06 11:00:00,530.070288
2026-09-06 12:00:00,679.8843519999999
2026-09-06 13:00:00,698.82912
2026-09-06 14:00:00,747.968832
2026-09-06 15:00:00,670.1319520000001
2026-09-06 16:00:00,582.2791679999999
2026-09-06 17:00:00,426.045376
2026-09-07 08:00:00,47.755455999999995
2026-09-07 09:00:00,206.734368
2026-09-07 10:00:00,367.760768
2026-09-07 11:00:00,532.9936
2026-09-07 12:00:00,673.1969919999999
2026-09-07 13:00:00,750.4704
2026-09-07 14:00:00,711.5254719999999
2026-09-07 15:00:00,671.80792
2026-09-07 16:00:00,560.0664
2026-09-07 17:00:00,398.2058
2026-09-08 08:00:00,46.95944
2026-09-08 09:00:00,198.42264
2026-09-08 10:00:00,380.568232
2026-09-08 11:00:00,557.3350399999999
2026-09-08 12:00:00,687.9621599999999
2026-09-08 13:00:00,749.327288
2026-09-08 14:00:00,763.812096
2026-09-08 15:00:00,676.5362
2026-09-08 16:00:00,566.75376
2026-09-08 17:00:00,408.936192
2026-09-09 08:00:00,48.588623999999996
2026-09-09 09:00:00,180.468936
2026-09-09 10:00:00,367.46079999999995
2026-09-09 11:00:00,491.66337599999997
2026-09-09 12:00:00,609.97048
2026-09-09 13:00:00,730.08496
2026-09-09 14:00:00,713.1243840000001
2026-09-09 15:00:00,608.94192
2026-09-09 16:00:00,524.553216
2026-09-09 17:00:00,391.17788
2026-09-10 08:00:00,47.43243999999999
2026-09-10 09:00:00,63.869104
2026-09-10 10:00:00,294.27204800000004
2026-09-10 11:00:00,486.669528
2026-09-10 12:00:00,667.249232
2026-09-10 13:00:00,728.077376
2026-09-10 14:00:00,733.901296
2026-09-10 15:00:00,616.54432
2026-09-10 16:00:00,436.52224
2026-09-10 17:00:00,338.0832
2026-09-11 08:00:00,46.068479999999994
2026-09-11 09:00:00,193.19039999999998
2026-09-11 10:00:00,170.21188800000002
2026-09-11 11:00:00,208.812816
2026-09-11 12:00:00,322.27468
2026-09-11 13:00:00,677.873328
2026-09-11 14:00:00,711.6878399999999
2026-09-11 15:00:00,521.281088
2026-09-11 16:00:00,140.47584
2026-09-11 17:00:00,129.496392
2026-09-12 08:00:00,26.71332
2026-09-12 09:00:00,126.62227200000001
2026-09-12 10:00:00,287.17808
2026-09-12 11:00:00,485.229888
2026-09-12 12:00:00,474.62023999999997
2026-09-12 13:00:00,382.18950399999994
2026-09-12 14:00:00,442.94334399999997
2026-09-12 15:00:00,472.54591999999997
2026-09-12 16:00:00,413.983704
2026-09-12 17:00:00,346.532184
2026-09-13 08:00:00,46.105632
2026-09-13 09:00:00,178.21608
2026-09-13 10:00:00,394.230192
2026-09-13 11:00:00,570.3925919999999
2026-09-13 12:00:00,650.84628
2026-09-13 13:00:00,733.6357280000001
2026-09-13 14:00:00,707.985024
2026-09-13 15:00:00,686.5607039999999
2026-09-13 16:00:00,557.410032
2026-09-13 17:00:00,388.102176
2026-09-14 08:00:00,52.936096
2026-09-14 09:00:00,179.064728
2026-09-14 10:00:00,329.72262400000005
2026-09-14 11:00:00,488.42496
2026-09-14 12:00:00,581.9148720000001
2026-09-14 13:00:00,644.6742320000001
2026-09-14 14:00:00,703.0087199999999
2026-09-14 15:00:00,615.837744
2026-09-14 16:00:00,533.755904
2026-09-14 17:00:00,392.17651200000006
